"","id","strand","symbol.x","chr.x","as_site1","as_site2","as_site3","as_site4","as_pvalue","fdr","IncLevel1","IncLevel2","as_type","chr.y","symbol.y","FPKM.SRR8474382","FPKM.SRR8474393","FPKM.SRR8474404","FPKM.SRR8474414","FPKM.SRR8474424","FPKM.SRR8474435","..files.adrenal_mean_female","..files.adrenal_mean_male","Remark","Organism","Tissue","GEO_accession"
"1","ENSRNOG00000000043","-","Idua","chr14",2043985,2044107,NA,NA,0.000144135838026,0.020715646136,"0.968,0.935,0.958","0.97,0.987,0.987","SE","14","Idua",72.052292,68.942192,57.426266,59.646008,57.325195,44.177979,52.97648,66.880164,NA,"rat","adrenal","GSE125483"
"2","ENSRNOG00000000043","-","Idua","chr14",2044186,2044399,NA,NA,2.78198207493e-05,0.00732092297014,"0.971,0.88,0.962","0.971,0.988,0.971","SE","14","Idua",72.052292,68.942192,57.426266,59.646008,57.325195,44.177979,52.97648,66.880164,NA,"rat","adrenal","GSE125483"
"3","ENSRNOG00000000111","+","Coprs","chr16",80829109,80829176,NA,NA,5.72022610801e-05,0.0118751894002,"0.943,0.881,1.0","1.0,1.0,1.0","SE","16","Coprs",14.634549,15.360232,16.495996,16.428413,13.039213,18.158693,15.8979673333333,15.474398,NA,"rat","adrenal","GSE125483"
"4","ENSRNOG00000000231","+","Kctd17","chr7",119656443,119656531,NA,NA,6.3500441535e-05,0.0124999048537,"1.0,0.401,0.527","1.0,1.0,0.691","SE","7","Kctd17",4.791918,4.049511,4.229124,5.077434,3.929108,3.604452,3.92089466666667,4.639621,NA,"rat","adrenal","GSE125483"
"5","ENSRNOG00000000439","+","Ager","chr20",4363904,4364077,NA,NA,2.03874830196e-05,0.00356780952843,"0.803,1.0,1.0","0.708,0.708,0.368","RI","20","Ager",2.01735497317814,1.57422566497976,1.24592348076923,1.51328221609312,1.10841100253036,1.08037889524291,1.14490445951417,1.70162095141701,NA,"rat","adrenal","GSE125483"
"6","ENSRNOG00000000465","-","Slc39a7","chr20",3822030,3822427,NA,NA,0.000481587030678,0.0486460890526,"0.995,0.925,0.978","0.996,0.994,0.954","SE","20","Slc39a7",71.0578987803628,64.6760114183754,54.5705278978707,67.396196556388,56.3770577062303,55.747385977918,55.5649905273397,67.7100355850421,NA,"rat","adrenal","GSE125483"
"7","ENSRNOG00000001143","-","Cit","chr12",46352609,46352654,NA,NA,0.000308698882688,0.0369726277189,"0.0,0.118,0.077","0.248,0.174,0.2","SE","12","Cit",7.66160431340723,4.46730413314859,7.6279858702824,8.5430759047242,12.3033083624967,4.13951652494062,8.02360358590657,6.89066145042667,NA,"rat","adrenal","GSE125483"
"8","ENSRNOG00000001238","+","Rsrc2","chr12",38277869,38277962,NA,NA,5.88062831072e-05,0.0120322123621,"0.367,0.304,0.194","0.195,0.196,0.123","SE","12","Rsrc2",45.5578422753897,41.3550755370808,39.1545406806802,40.5065818124705,36.5171451502126,44.8745111511573,40.1820656606834,42.473166541647,NA,"rat","adrenal","GSE125483"
"9","ENSRNOG00000001479","+","Gtf2i","chr12",25452050,25452107,25453978,25454041,4.19433812882e-06,0.00173172905773,"0.06,0.028,0.075","0.102,0.089,0.123","MXE","12","Gtf2i",40.0063002710891,38.8250649826184,28.9580166695902,43.1446087547441,31.7510000904162,28.6695712723649,29.7928626774571,40.6586580028172,NA,"rat","adrenal","GSE125483"
"10","ENSRNOG00000001479","+","Gtf2i","chr12",25452050,25452107,25453978,25454041,1.43548950504e-10,3.68346606993e-07,"0.093,0.032,0.075","0.151,0.141,0.172","MXE","12","Gtf2i",40.0063002710891,38.8250649826184,28.9580166695902,43.1446087547441,31.7510000904162,28.6695712723649,29.7928626774571,40.6586580028172,NA,"rat","adrenal","GSE125483"
"11","ENSRNOG00000001479","+","Gtf2i","chr12",25453978,25454041,NA,NA,0,0,"0.938,1.0,0.947","0.889,0.895,0.835","SE","12","Gtf2i",40.0063002710891,38.8250649826184,28.9580166695902,43.1446087547441,31.7510000904162,28.6695712723649,29.7928626774571,40.6586580028172,NA,"rat","adrenal","GSE125483"
"12","ENSRNOG00000001479","+","Gtf2i","chr12",25447402,25447480,NA,NA,0.00011168421006,0.018066593752,"1.0,0.957,0.958","1.0,1.0,0.982","SE","12","Gtf2i",40.0063002710891,38.8250649826184,28.9580166695902,43.1446087547441,31.7510000904162,28.6695712723649,29.7928626774571,40.6586580028172,NA,"rat","adrenal","GSE125483"
"13","ENSRNOG00000001524","+","Hat1","chr3",58023882,58023987,NA,NA,0.000225433484054,0.0284594541626,"0.927,0.959,0.903","0.988,0.972,0.992","SE","3","Hat1",23.287788,26.372665,20.491255,24.173899,21.324438,29.064699,23.6267973333333,24.6114506666667,NA,"rat","adrenal","GSE125483"
"14","ENSRNOG00000001627","-","Abi3bp","chr11",46290825,46290888,46297137,46297212,3.61361186939e-05,0.0103028089521,"0.941,0.943,0.969","0.973,1.0,0.972","MXE","11","Abi3bp",131.658096156382,92.22669175796,70.4661877531699,128.124100105945,101.99407088701,57.1325410614257,76.5309332338685,117.336296006762,NA,"rat","adrenal","GSE125483"
"15","ENSRNOG00000001627","-","Abi3bp","chr11",46290825,46290888,46299788,46299863,1.71974092327e-05,0.00551606901139,"0.917,0.927,0.961","0.95,1.0,0.979","MXE","11","Abi3bp",131.658096156382,92.22669175796,70.4661877531699,128.124100105945,101.99407088701,57.1325410614257,76.5309332338685,117.336296006762,NA,"rat","adrenal","GSE125483"
"16","ENSRNOG00000001627","-","Abi3bp","chr11",46290825,46290888,46301767,46301845,9.99183969264e-05,0.0256390606513,"0.95,0.965,0.982","0.978,1.0,0.986","MXE","11","Abi3bp",131.658096156382,92.22669175796,70.4661877531699,128.124100105945,101.99407088701,57.1325410614257,76.5309332338685,117.336296006762,NA,"rat","adrenal","GSE125483"
"17","ENSRNOG00000001627","-","Abi3bp","chr11",46279941,46280004,NA,NA,0.000330998781224,0.0381751927678,"0.888,1.0,1.0","0.938,0.933,0.94","SE","11","Abi3bp",131.658096156382,92.22669175796,70.4661877531699,128.124100105945,101.99407088701,57.1325410614257,76.5309332338685,117.336296006762,NA,"rat","adrenal","GSE125483"
"18","ENSRNOG00000001627","-","Abi3bp","chr11",46281457,46281538,NA,NA,9.14238398161e-05,0.0161639770887,"0.154,0.121,0.148","0.171,0.239,0.188","SE","11","Abi3bp",131.658096156382,92.22669175796,70.4661877531699,128.124100105945,101.99407088701,57.1325410614257,76.5309332338685,117.336296006762,NA,"rat","adrenal","GSE125483"
"19","ENSRNOG00000001774","-","Lrch3","chr11",71034110,71034164,NA,NA,0.000183404074792,0.0251964833339,"1.0,0.911,0.921","0.773,0.73,0.732","SE","11","Lrch3",5.09708422337662,5.17418396103896,5.89756847272727,5.97937486233766,6.1075191012987,4.37452145714286,5.45986967705628,5.41688101558441,NA,"rat","adrenal","GSE125483"
"20","ENSRNOG00000001847","+","Ccdc91","chr4",181971825,181971903,NA,NA,0.000311031657179,0.0370147482977,"0.963,0.915,0.891","1.0,0.972,0.946","SE","4","Ccdc91",17.233665,17.439953,15.790006,15.327686,15.511546,15.305854,15.535802,16.6671013333333,NA,"rat","adrenal","GSE125483"
"21","ENSRNOG00000001852","-","Ergic2","chr4",182590358,182590272,NA,NA,1.99019904633e-05,0.00145284530382,"0.693,0.564,0.624","1.0,1.0,0.731","A5SS","4","Ergic2",30.3731942379571,34.65950486361,33.6687632640743,28.8466878282066,32.6803852443413,41.796204759141,36.0484510891855,31.2931289765912,NA,"rat","adrenal","GSE125483"
"22","ENSRNOG00000002462","+","LOC108348055","chr10",49024954,49025017,NA,NA,0.000347649005721,0.0391293615837,"0.0,0.036,0.514","1.0,0.0,0.991","SE","10","LOC108348055",5.56579026742976,5.29169041103018,5.20434680957336,7.7275249219563,4.25117299271592,5.77746587304891,5.0776618917794,6.19500186680541,NA,"rat","adrenal","GSE125483"
"23","ENSRNOG00000002544","+","Kifap3","chr13",82104369,82104532,82122389,82122552,0.000113145564169,0.0263937743325,"1.0,1.0,1.0","1.0,1.0,0.523","MXE","13","Kifap3",7.96753528691074,8.37141918018665,7.21218811366356,9.37597230796841,7.80682555252453,8.22844842976789,7.74915403198533,8.57164225835527,NA,"rat","adrenal","GSE125483"
"24","ENSRNOG00000002755","-","Pafah1b1","chr10",61476848,61477055,NA,NA,2.24381437286e-06,0.00110324809849,"1.0,0.907,0.964","1.0,1.0,0.948","SE","10","Pafah1b1",43.9792222018376,43.6562956553698,36.0471028302455,42.9835466344329,38.9432959514987,37.4694809335743,37.4866265717728,43.5396881638801,NA,"rat","adrenal","GSE125483"
"25","ENSRNOG00000002767","+","Dlg3","chrX",70641172,70641214,NA,NA,0.000223441164721,0.0283998280384,"1.0,0.822,1.0","1.0,0.938,1.0","SE","X","Dlg3",1.37315738423483,1.75837413324538,0.537997796174143,1.33871464577836,1.45370412532982,1.23364141870053,1.07511444673483,1.49008205441952,NA,"rat","adrenal","GSE125483"
"26","ENSRNOG00000002841","+","Cdc42bpa","chr13",98374929,98375040,NA,NA,1.53605297917e-05,0.00486434133268,"1.0,0.806,0.804","1.0,1.0,1.0","SE","13","Cdc42bpa",5.50901110097515,6.10309889116074,4.67320902485058,7.38559299307958,5.98433036017616,4.03631883139352,4.89795273880675,6.33256766173849,NA,"rat","adrenal","GSE125483"
"27","ENSRNOG00000002926","-","Uap1","chr13",88469794,88469842,NA,NA,0.000129674503204,0.0198100407216,"0.267,0.269,0.172","0.166,0.158,0.103","SE","13","Uap1",14.970433,19.56329,20.203257,14.21009,9.86768,21.011108,17.0273483333333,16.2479376666667,NA,"rat","adrenal","GSE125483"
"28","ENSRNOG00000003226","+","Mprip","chr10",46101743,46101812,NA,NA,0.000353475141535,0.0391383172126,"0.956,0.92,0.935","0.97,0.941,0.972","SE","10","Mprip",29.9450149347714,31.5366780012917,27.8723967744769,30.4617459878584,27.1342078921467,25.7518307064066,26.9194784576767,30.6478129746405,NA,"rat","adrenal","GSE125483"
"29","ENSRNOG00000003645","-","Hnrnpab","chr10",34956587,34956728,NA,NA,1.30337995474e-06,0.000718616996725,"0.233,0.306,0.01","0.401,0.968,0.33","SE","10","Hnrnpab",90.4263691482978,103.814692383728,109.340949720138,107.659223870167,92.1951140253895,105.240307048471,102.258790264666,100.633428467398,NA,"rat","adrenal","GSE125483"
"30","ENSRNOG00000003759","-","Galc","chr6",122225518,122225658,122227698,122227812,0.000184659892232,0.0394864402889,"0.953,0.99,0.778","0.944,0.752,0.553","MXE","6","Galc",57.644928,47.05331,32.362896,50.579571,45.435436,29.698071,35.8321343333333,51.7592696666667,NA,"rat","adrenal","GSE125483"
"31","ENSRNOG00000003955","+","Spata7","chr6",122644027,122644072,NA,NA,6.35565703865e-05,0.0124999048537,"0.962,0.994,0.947","0.943,0.83,0.921","SE","6","Spata7",16.725279,19.336868,13.879432,16.056301,15.010452,15.390619,14.7601676666667,17.372816,NA,"rat","adrenal","GSE125483"
"32","ENSRNOG00000004099","+","R3hdm1","chr13",44898819,44899074,NA,NA,0.000197491989395,0.0263567166418,"0.949,0.835,1.0","1.0,1.0,0.913","SE","13","R3hdm1",12.066138,11.839123,10.967979,10.967568,13.992946,9.581171,11.514032,11.6242763333333,NA,"rat","adrenal","GSE125483"
"33","ENSRNOG00000004140","-","Pacrgl","chr14",66763403,66763538,NA,NA,7.69080501445e-05,0.014369500089,"1.0,0.777,1.0","1.0,1.0,1.0","SE","14","Pacrgl",2.387147,2.731494,1.627792,1.492442,1.834583,1.919531,1.79396866666667,2.20369433333333,NA,"rat","adrenal","GSE125483"
"34","ENSRNOG00000004252","+","Eif3h","chr6",10232140,10232261,NA,NA,4.79423380928e-06,0.00199134360192,"1.0,1.0,1.0","0.341,0.497,1.0","SE","6","Eif3h",86.73877,92.909561,74.745995,89.747276,82.630936,85.917839,81.0982566666667,89.7985356666667,NA,"rat","adrenal","GSE125483"
"35","ENSRNOG00000004283","-","Camta2","chr10",57292640,57292661,NA,NA,2.23618610617e-06,0.00110324809849,"0.0,0.037,0.06","0.01,0.01,0.0","SE","10","Camta2",23.428585,20.323153,16.029318,19.535053,18.637863,13.220872,15.9626843333333,21.095597,NA,"rat","adrenal","GSE125483"
"36","ENSRNOG00000004353","+","Ppfia2","chr7",49020995,49021025,NA,NA,2.47540888676e-07,0.000231252698201,"0.584,0.757,0.0","1.0,1.0,1.0","SE","7","Ppfia2",1.266373,1.043974,1.191062,1.133602,1.384601,1.417913,1.331192,1.147983,NA,"rat","adrenal","GSE125483"
"37","ENSRNOG00000004688","-","Rbfox2","chr7",118168610,118168650,NA,NA,0.000123875978356,0.0196143964373,"0.876,0.876,1.0","0.957,1.0,1.0","SE","7","Rbfox2",5.34139551739851,4.61571345070423,3.93661934258492,4.54818259030655,4.96644482394366,3.39829087282519,4.10045167978459,4.83509718613643,NA,"rat","adrenal","GSE125483"
"38","ENSRNOG00000004737","+","Cd48","chr13",90131159,90131462,NA,NA,0.000201447998824,0.026694002908,"0.988,1.0,0.994","1.0,0.98,0.869","SE","13","Cd48",48.968678,64.337082,47.396221,45.001022,49.052666,57.304661,51.2511826666667,52.7689273333333,NA,"rat","adrenal","GSE125483"
"39","ENSRNOG00000004925","-","Ppp1r12a","chr7",51431266,51431446,NA,NA,2.18845870509e-05,0.00619532764332,"1.0,0.81,1.0","1.0,1.0,0.981","SE","7","Ppp1r12a",13.2272606684064,13.0932852143354,9.4873630184412,12.556665322199,10.9845857160752,11.3112460908142,10.5943982751102,12.9590704016469,NA,"rat","adrenal","GSE125483"
"40","ENSRNOG00000005021","-","Orc4","chr3",33049732,33049906,NA,NA,6.13658609291e-05,0.012328599415,"1.0,0.994,0.969","0.919,0.959,0.91","SE","3","Orc4",15.347728,15.019444,13.946337,15.124604,14.676249,15.111301,14.5779623333333,15.1639253333333,NA,"rat","adrenal","GSE125483"
"41","ENSRNOG00000005034","-","Arhgef25","chr7",70473258,70473354,NA,NA,9.11610235231e-05,0.0161639770887,"1.0,0.917,0.904","1.0,0.976,1.0","SE","7","Arhgef25",4.862779,5.113091,4.40794,4.382346,4.416929,5.690105,4.83832466666667,4.786072,NA,"rat","adrenal","GSE125483"
"42","ENSRNOG00000005101","+","Mia2","chr6",80272137,80272220,NA,NA,9.17031455472e-05,0.0161639770887,"0.988,0.988,0.979","0.973,0.962,0.958","SE","6","Mia2",45.364803498164,44.8495743623011,43.0198955997552,54.332673501836,47.1670452031824,38.7848082166463,42.990583006528,48.1823504541004,NA,"rat","adrenal","GSE125483"
"43","ENSRNOG00000005176","-","Map7d2","chrX",38448282,38448381,NA,NA,0.000215465170052,0.027969215786,"0.016,0.072,0.1","0.04,0.035,0.0","SE","X","Map7d2",4.230673,3.732395,7.955848,4.465929,7.107154,8.109876,7.72429266666667,4.142999,NA,"rat","adrenal","GSE125483"
"44","ENSRNOG00000005496","+","Ing3","chr4",49017643,49017715,NA,NA,0.000195089871762,0.0263567166418,"0.763,0.86,0.897","0.861,1.0,1.0","SE","4","Ing3",5.292454,5.649914,4.225418,5.680551,4.964009,5.445006,4.87814433333333,5.540973,NA,"rat","adrenal","GSE125483"
"45","ENSRNOG00000005614","-","Txn2","chr7",119154116,119154240,NA,NA,1.22278462432e-05,0.00407973355728,"0.978,0.978,0.982","0.985,0.991,0.987","SE","7","Txn2",581.703022909575,535.191309617021,448.315415409574,563.980482314716,474.716722805851,507.044210218972,476.692116144799,560.291604947104,NA,"rat","adrenal","GSE125483"
"46","ENSRNOG00000005691","+","Rnf32","chr4",2110318,2110486,NA,NA,2.40798357483e-05,0.00652040074089,"1.0,1.0,1.0","0.76,0.912,0.889","SE","4","Rnf32",4.21504699235182,3.04993936711281,1.36716822944551,2.70701500764818,1.88472841300191,1.42439678202677,1.55876447482473,3.32400045570427,NA,"rat","adrenal","GSE125483"
"47","ENSRNOG00000006340","+","Memo1","chr6",22399030,22399107,NA,NA,0.000294907639178,0.0355487376155,"0.966,0.949,0.94","0.98,0.963,0.977","SE","6","Memo1",65.45826,59.470467,56.222866,65.753441,46.687603,64.607826,55.8394316666667,63.5607226666667,NA,"rat","adrenal","GSE125483"
"48","ENSRNOG00000006499","+","Cops5","chr5",8880888,8880954,NA,NA,0.000512452994672,0.0496096981992,"0.991,0.971,0.964","0.991,0.995,0.98","SE","5","Cops5",48.873451,54.661694,49.717464,49.73074,49.904167,61.335175,53.6522686666667,51.0886283333333,NA,"rat","adrenal","GSE125483"
"49","ENSRNOG00000006695","-","Rbck1","chr3",147799830,147799991,NA,NA,2.91605606551e-07,0.000259445673943,"0.935,0.906,0.869","0.966,0.982,0.965","SE","3","Rbck1",37.8872133682927,35.7582904552846,27.9124850219512,28.9925270662602,24.7386047065041,23.6779143715447,25.4430013666667,34.2126769632792,NA,"rat","adrenal","GSE125483"
"50","ENSRNOG00000006756","-","Maged1","chrX",63805520,63805736,NA,NA,0.000143902508708,0.0125914695119,"0.069,0.003,0.064","0.085,0.083,0.004","RI","X","Maged1",102.041119665769,126.110524029324,78.40958860383,92.2619607869539,85.4770934392579,82.1009074637941,81.9958631689607,106.804534827349,NA,"rat","adrenal","GSE125483"
"51","ENSRNOG00000007100","+","Ccdc136","chr4",56697325,56697601,NA,NA,6.3776206094e-08,6.61997019256e-05,"0.818,0.529,0.758","1.0,1.0,1.0","SE","4","Ccdc136",1.006477,1.321629,1.012664,1.134036,1.033866,1.365555,1.13736166666667,1.15404733333333,NA,"rat","adrenal","GSE125483"
"52","ENSRNOG00000007120","-","Mtmr3","chr14",84705222,84705249,NA,NA,0.000519066225789,0.0497345300648,"0.123,0.045,0.078","0.0,0.052,0.009","SE","14","Mtmr3",28.393843407857,24.2712523439555,15.9794031542742,24.7572098951273,21.0144601423032,13.9428808106559,16.9789147024111,25.8074352156466,NA,"rat","adrenal","GSE125483"
"53","ENSRNOG00000007367","+","Sept4","chr10",74882684,74882802,NA,NA,1.20011666993e-06,0.000700718120655,"1.0,0.958,0.988","0.992,0.995,0.994","SE","10","Sept4",27.6108961374355,20.6272720759027,20.9839435692705,21.92795266986,34.3829774926308,21.3044615696389,25.5571275438467,23.3887069610661,NA,"rat","adrenal","GSE125483"
"54","ENSRNOG00000007649","+","Dnm2","chr8",22522803,22522815,NA,NA,1.42600375952e-11,2.96038380476e-08,"0.06,0.207,0.118","0.116,0.0,0.0","SE","8","Dnm2",29.216272065293,28.4467268011774,25.7867723591116,25.233633849612,22.3251855702435,19.3692516387477,22.4937365227009,27.6322109053608,NA,"rat","adrenal","GSE125483"
"55","ENSRNOG00000007753","-","Plaa","chr5",113558119,113558188,NA,NA,0.000152841048057,0.0216339556204,"0.961,0.972,0.92","1.0,0.99,0.984","SE","5","Plaa",16.798677,20.049385,16.83638,21.191458,21.164604,20.927744,19.6429093333333,19.3465066666667,NA,"rat","adrenal","GSE125483"
"56","ENSRNOG00000008244","+","LOC690035","chr6",93648286,93648395,NA,NA,0.000516546592524,0.0497345300648,"1.0,0.994,0.958","0.941,0.95,0.907","SE","6","LOC690035",5.16363402105263,5.2363938,4.30041592631579,4.60548340526316,4.92744484736842,3.83888142105263,4.35558073157895,5.0018370754386,NA,"rat","adrenal","GSE125483"
"57","ENSRNOG00000008278","+","Nfrkb","chr8",32541186,32541260,NA,NA,0.000116769571828,0.0186472023935,"1.0,0.989,1.0","0.77,0.941,0.948","SE","8","Nfrkb",13.6417072869629,13.0280846873634,10.3519849823379,14.7837808310269,12.6966952816824,9.93426109486526,10.9943137862952,13.8178576017844,NA,"rat","adrenal","GSE125483"
"58","ENSRNOG00000008291","-","Thumpd2","chr6",3773789,3773877,NA,NA,1.38503080871e-06,0.000739369017998,"0.801,0.713,0.858","1.0,0.958,1.0","SE","6","Thumpd2",8.288241781,7.1852839865,5.687531669,7.340250856,5.9054061165,5.774621985,5.78918659016667,7.60459220783333,NA,"rat","adrenal","GSE125483"
"59","ENSRNOG00000008410","-","Cep63","chr8",111079930,111080164,NA,NA,0.000166645863662,0.0230637875308,"1.0,0.694,1.0","1.0,0.974,0.98","SE","8","Cep63",8.03893267989895,7.65531165571996,7.62941216997474,8.15038920714543,7.29780591050162,7.08084816528329,7.33602208191988,7.94821118092145,NA,"rat","adrenal","GSE125483"
"60","ENSRNOG00000008757","+","Tmem218","chr8",39697828,39697939,NA,NA,0.000490611280112,0.0486460890526,"0.637,0.703,0.788","0.869,0.905,1.0","SE","8","Tmem218",10.44885,10.463041,4.80124,8.948668,5.872962,6.274977,5.64972633333333,9.95351966666667,NA,"rat","adrenal","GSE125483"
"61","ENSRNOG00000008757","+","Tmem218","chr8",39698742,39698845,NA,NA,0.000141668231001,0.020518831225,"0.765,0.85,0.899","0.932,0.958,1.0","SE","8","Tmem218",10.44885,10.463041,4.80124,8.948668,5.872962,6.274977,5.64972633333333,9.95351966666667,NA,"rat","adrenal","GSE125483"
"62","ENSRNOG00000008782","+","Pnisr","chr5",36011880,36011934,NA,NA,0.000354012824284,0.0391383172126,"1.0,1.0,1.0","0.965,1.0,0.946","SE","5","Pnisr",75.384216,71.899002,56.262375,64.928917,61.379799,56.500134,58.047436,70.7373783333333,NA,"rat","adrenal","GSE125483"
"63","ENSRNOG00000009000","+","Foxj2","chr4",155665664,155665739,NA,NA,5.10899824128e-05,0.011099595714,"1.0,0.916,0.976","1.0,0.962,1.0","SE","4","Foxj2",14.8525669123145,13.4458027336674,9.82302813335903,12.851342200424,10.1534881177491,8.60723388995953,9.52791671368922,13.7165706154686,NA,"rat","adrenal","GSE125483"
"64","ENSRNOG00000009298","-","Fbxo44","chr5",164968046,164968142,NA,NA,0.000321445875063,0.0375368420605,"1.0,0.943,0.971","0.994,0.986,0.985","SE","5","Fbxo44",50.838844,46.351101,39.879192,37.335377,35.803566,33.542187,36.408315,44.841774,NA,"rat","adrenal","GSE125483"
"65","ENSRNOG00000009681","-","Flot2","chr10",65312280,65312371,NA,NA,0.000314848500905,0.037231831588,"1.0,0.745,1.0","0.875,1.0,1.0","SE","10","Flot2",43.1163997278063,38.2122987344094,34.1942911155539,42.9401648301541,31.2723425352164,29.9052418730741,31.7906251746148,41.4229544307899,NA,"rat","adrenal","GSE125483"
"66","ENSRNOG00000009700","+","Dync1i1","chr4",30868774,30868834,NA,NA,5.28407468703e-06,0.00210058832878,"0.008,0.033,0.006","0.061,0.045,0.102","SE","4","Dync1i1",10.964897,13.688204,14.817115,10.116188,21.221916,23.362659,19.8005633333333,11.589763,NA,"rat","adrenal","GSE125483"
"67","ENSRNOG00000009734","+","Akr1b8","chr4",61775584,61775701,NA,NA,0,0,"0.978,0.978,0.935","1.0,1.0,1.0","SE","4","Akr1b8",351.930030334142,430.287738468851,997.963623423948,621.202253164239,784.300470622977,1290.87289735396,1024.37899713363,467.806673989077,NA,"rat","adrenal","GSE125483"
"68","ENSRNOG00000009808","-","Ift80","chr2",165538072,165538147,NA,NA,0.000133834878451,0.0200045669518,"1.0,0.92,0.959","1.0,1.0,1.0","SE","2","Ift80",7.40492463974684,7.59894506886076,6.27366794531646,7.25249889670886,7.76486497139241,8.14578051924051,7.39477114531646,7.41878953510549,NA,"rat","adrenal","GSE125483"
"69","ENSRNOG00000009910","+","Swap70","chr1",174913667,174913775,NA,NA,0.000276649483167,0.0337837839444,"1.0,0.94,0.921","0.986,1.0,0.983","SE","1","Swap70",18.844265,15.028347,13.857257,19.33707,18.578232,11.681024,14.7055043333333,17.7365606666667,NA,"rat","adrenal","GSE125483"
"70","ENSRNOG00000010037","-","Epb41","chr5",150120807,150120870,NA,NA,0.000129475130171,0.0198100407216,"0.628,0.672,0.77","0.499,0.447,0.523","SE","5","Epb41",15.1432646708005,11.6895932153326,11.3515093528749,17.7869030169109,13.7113132367531,8.03328790868095,11.0320368327696,14.873253634348,NA,"rat","adrenal","GSE125483"
"71","ENSRNOG00000010048","+","Dctn1","chr4",114894083,114894098,NA,NA,1.67572523494e-05,0.00496972226819,"0.0,0.047,0.0","0.0,0.0,0.0","SE","4","Dctn1",28.1022599619995,24.953080028048,23.4244480040715,26.0053751992762,24.5549825899118,18.7405334535173,22.2399880158335,26.3535717297746,NA,"rat","adrenal","GSE125483"
"72","ENSRNOG00000010268","+","Vom2r44","chr2",154632686,154632810,NA,NA,0.000406589546456,0.0437869962102,"1.0,1.0,1.0","1.0,1.0,0.729","SE","2","Vom2r44",1.075002,1.532583,0.654748,2.833374,1.006743,1.105542,0.922344333333333,1.813653,NA,"rat","adrenal","GSE125483"
"73","ENSRNOG00000010326","+","Col20a1","chr3",176505668,176505814,NA,NA,4.68926629635e-05,0.0106846648148,"1.0,0.599,1.0","1.0,1.0,1.0","SE","3","Col20a1",4.493084,3.006492,3.055867,2.249302,3.348015,1.598773,2.66755166666667,3.249626,NA,"rat","adrenal","GSE125483"
"74","ENSRNOG00000010381","+","Mknk1","chr5",134718618,134718723,NA,NA,0.000479381536045,0.0486460890526,"0.959,0.906,0.921","1.0,0.993,0.922","SE","5","Mknk1",45.1127293096139,34.0177752641938,31.3361751491294,28.013338,31.2892870514762,22.378206,28.3345560668685,35.7146141912692,NA,"rat","adrenal","GSE125483"
"75","ENSRNOG00000010526","-","Dennd1a","chr3",22390098,22390148,NA,NA,0.000496852740421,0.0486460890526,"0.904,0.816,1.0","0.833,1.0,1.0","SE","3","Dennd1a",3.4300323600601,3.20866583007786,3.38386707034558,3.48065885671356,2.67802887310477,2.39721197432045,2.81970263925693,3.37311901561717,NA,"rat","adrenal","GSE125483"
"76","ENSRNOG00000010680","+","Med12l","chr2",149514136,149514229,NA,NA,3.9554261041e-06,0.00171867863556,"0.503,0.709,1.0","1.0,1.0,1.0","SE","2","Med12l",2.01626046126073,1.98772252712724,1.37935271126073,2.32226536885246,1.88485682630757,1.35057881586651,1.53826278447827,2.10874945241348,NA,"rat","adrenal","GSE125483"
"77","ENSRNOG00000010812","+","Osbpl6","chr3",63412201,63412294,NA,NA,3.13467572532e-06,0.00142849466468,"1.0,0.565,1.0","0.0,0.224,0.0","SE","3","Osbpl6",1.36868769552316,1.5572950694104,1.09808615610889,1.47178044368469,1.25337202102954,1.14183342923494,1.16443053545779,1.46592106953942,NA,"rat","adrenal","GSE125483"
"78","ENSRNOG00000010964","+","Akap13","chr1",137245318,137245384,NA,NA,0.000106548287741,0.0177745375728,"0.257,0.086,1.0","0.341,1.0,1.0","SE","1","Akap13",4.905773,3.737393,3.510243,3.120797,3.613176,3.565724,3.56304766666667,3.921321,NA,"rat","adrenal","GSE125483"
"79","ENSRNOG00000011193","+","Hmgcll1","chr8",83198548,83198674,NA,NA,0.000262473546131,0.0322635245784,"1.0,0.799,0.757","1.0,0.907,1.0","SE","8","Hmgcll1",1.287492,1.411566,1.494184,1.458838,1.337328,1.779409,1.53697366666667,1.38596533333333,NA,"rat","adrenal","GSE125483"
"80","ENSRNOG00000011241","+","Tfdp2","chr8",104075538,104075644,NA,NA,0.000219347208907,0.0280704332275,"0.667,0.804,0.828","0.828,1.0,1.0","SE","8","Tfdp2",2.65806892618182,2.98268624872727,2.58824921163636,3.69797709236364,3.33058628472727,2.88234998109091,2.93372849248485,3.11291075575758,NA,"rat","adrenal","GSE125483"
"81","ENSRNOG00000011334","+","Tmem63c","chr6",111072968,111073030,NA,NA,0.000350465393609,0.0391383172126,"1.0,1.0,1.0","1.0,0.0,0.348","SE","6","Tmem63c",1.5587471773225,1.87908835588131,2.10910440498057,1.81010054415401,1.64945205157188,2.01363583680678,1.92406409778641,1.74931202578594,NA,"rat","adrenal","GSE125483"
"82","ENSRNOG00000011719","-","Ngb","chr6",111129457,111129569,NA,NA,0.000325319581902,0.0377532364488,"1.0,0.847,0.886","1.0,1.0,0.947","SE","6","Ngb",1.98616368094039,1.21833739798489,1.5558480411419,0.974460083123426,1.49961061964736,2.05116893450882,1.70220919843269,1.39298705401624,NA,"rat","adrenal","GSE125483"
"83","ENSRNOG00000011756","-","Phf3","chr9",37110522,37112242,NA,NA,1.62970768304e-05,0.00496972226819,"1.0,1.0,1.0","0.852,0.971,0.284","SE","9","Phf3",11.391404,11.13386,8.383392,12.674999,10.186595,7.915213,8.8284,11.733421,NA,"rat","adrenal","GSE125483"
"84","ENSRNOG00000011756","-","Phf3","chr9",37134324,37134593,NA,NA,5.02065371943e-07,0.000344858588061,"1.0,1.0,1.0","0.726,0.926,0.455","SE","9","Phf3",11.391404,11.13386,8.383392,12.674999,10.186595,7.915213,8.8284,11.733421,NA,"rat","adrenal","GSE125483"
"85","ENSRNOG00000011756","-","Phf3","chr9",37110522,37112242,NA,NA,4.49168603387e-05,0.0104822529681,"1.0,0.593,0.812","1.0,1.0,0.83","SE","9","Phf3",11.391404,11.13386,8.383392,12.674999,10.186595,7.915213,8.8284,11.733421,NA,"rat","adrenal","GSE125483"
"86","ENSRNOG00000011756","-","Phf3","chr9",37117757,37117919,NA,NA,3.5073507143e-07,0.000262125362984,"1.0,1.0,1.0","0.604,0.916,0.207","SE","9","Phf3",11.391404,11.13386,8.383392,12.674999,10.186595,7.915213,8.8284,11.733421,NA,"rat","adrenal","GSE125483"
"87","ENSRNOG00000011758","-","Fkbp7","chr3",63527000,63527134,NA,NA,4.79610694104e-06,0.00199134360192,"0.886,1.0,1.0","0.946,0.932,0.892","SE","3","Fkbp7",7.095037,7.952263,4.305023,7.762702,6.582507,7.957304,6.28161133333333,7.603334,NA,"rat","adrenal","GSE125483"
"88","ENSRNOG00000011892","-","Slc36a2","chr10",40519196,40519292,NA,NA,0.000481898191512,0.0486460890526,"1.0,0.0,0.83","1.0,1.0,1.0","SE","10","Slc36a2",10.584244,12.670592,7.436753,6.535649,8.60561,7.694224,7.91219566666667,9.93016166666666,NA,"rat","adrenal","GSE125483"
"89","ENSRNOG00000011910","+","Hnrnpr","chr5",154674360,154674468,154676664,154676778,2.18303288224e-07,0.000186722079194,"0.713,0.534,0.488","0.76,0.73,0.991","MXE","5","Hnrnpr",17.635471,18.095114,14.362095,19.078196,17.756273,19.063957,17.060775,18.2695936666667,NA,"rat","adrenal","GSE125483"
"90","ENSRNOG00000012235","+","Ppp1r17","chr4",86281096,86281264,NA,NA,9.84465731158e-09,1.53281314341e-05,"0.543,0.471,0.69","1.0,1.0,1.0","SE","4","Ppp1r17",1.559729,1.405932,1.330817,1.331807,1.724331,3.104265,2.05313766666667,1.43248933333333,NA,"rat","adrenal","GSE125483"
"91","ENSRNOG00000012255","+","Ktn1","chr15",24505169,24505207,NA,NA,0.000149143006088,0.0212716635553,"1.0,0.978,1.0","1.0,0.976,0.9","SE","15","Ktn1",21.412935,22.335562,19.553762,22.415386,21.327158,19.953678,20.2781993333333,22.0546276666667,NA,"rat","adrenal","GSE125483"
"92","ENSRNOG00000012397","-","Zmym4","chr5",144969314,144969360,NA,NA,0.000101934616412,0.0171580754328,"0.887,0.892,0.829","1.0,1.0,1.0","SE","5","Zmym4",8.906817,9.078149,6.243819,9.470347,8.085533,7.673295,7.33421566666667,9.151771,NA,"rat","adrenal","GSE125483"
"93","ENSRNOG00000012420","+","Bcl9l","chr8",48822039,48822141,NA,NA,0.00046564398516,0.0484272215097,"1.0,0.842,1.0","1.0,1.0,0.969","SE","8","Bcl9l",10.217552,8.501801,5.4065,8.624401,4.461331,3.234415,4.36741533333333,9.11458466666667,NA,"rat","adrenal","GSE125483"
"94","ENSRNOG00000012420","+","Bcl9l","chr8",48812260,48812317,NA,NA,2.72945854807e-09,4.63610941019e-06,"1.0,1.0,0.847","0.678,0.75,0.474","SE","8","Bcl9l",10.217552,8.501801,5.4065,8.624401,4.461331,3.234415,4.36741533333333,9.11458466666667,NA,"rat","adrenal","GSE125483"
"95","ENSRNOG00000012420","+","Bcl9l","chr8",48822039,48822141,NA,NA,3.03129140677e-08,3.87910689881e-05,"1.0,1.0,0.914","0.86,0.813,0.53","SE","8","Bcl9l",10.217552,8.501801,5.4065,8.624401,4.461331,3.234415,4.36741533333333,9.11458466666667,NA,"rat","adrenal","GSE125483"
"96","ENSRNOG00000012558","-","Orc2","chr9",65366560,65366621,NA,NA,1.57211217855e-05,0.004895557324,"1.0,1.0,0.962","0.915,0.965,0.918","SE","9","Orc2",14.649006,14.754256,14.812015,13.916998,14.985527,15.912763,15.2367683333333,14.4400866666667,NA,"rat","adrenal","GSE125483"
"97","ENSRNOG00000012760","-","Chtop","chr2",189891955,189892093,NA,NA,0.000470260179978,0.0485433215619,"0.925,0.916,0.892","0.946,0.946,0.981","SE","2","Chtop",38.3116567205683,36.3378559296346,18.93572364682,36.2759145635995,34.2056853714479,36.2368363146143,29.7927484442941,36.9751424046008,NA,"rat","adrenal","GSE125483"
"98","ENSRNOG00000012850","-","Kat6b","chr15",2857486,2857602,NA,NA,0.000420359212509,0.0446249518552,"0.706,0.934,0.882","1.0,0.924,1.0","SE","15","Kat6b",6.761143,5.305866,4.026509,6.980426,4.913529,3.369479,4.10317233333333,6.349145,NA,"rat","adrenal","GSE125483"
"99","ENSRNOG00000013059","+","Aste1","chr8",113944736,113944795,NA,NA,5.05626033587e-05,0.011099595714,"0.353,0.47,0.384","1.0,0.78,0.766","SE","8","Aste1",4.28473577481234,3.7679229293856,2.50493650681123,3.41558145037531,2.8858038293022,3.17291134500973,2.85455056037439,3.82274671819108,NA,"rat","adrenal","GSE125483"
"100","ENSRNOG00000013391","-","Sorbs2","chr16",49703469,49703594,NA,NA,3.76284247094e-08,4.13558521924e-05,"0.94,0.975,0.974","0.939,0.9,0.814","SE","16","Sorbs2",79.175797,90.315849,61.675682,73.203072,54.941467,60.679882,59.0990103333333,80.8982393333333,NA,"rat","adrenal","GSE125483"
"101","ENSRNOG00000013517","+","Phtf2","chr4",10847966,10848046,NA,NA,0.000163626745645,0.0228674716969,"1.0,0.707,1.0","1.0,1.0,1.0","SE","4","Phtf2",3.127318,3.15966,2.590712,2.660747,3.065042,2.971363,2.87570566666667,2.982575,NA,"rat","adrenal","GSE125483"
"102","ENSRNOG00000013653","+","Pdlim7","chr17",9658728,9658847,NA,NA,6.59037035674e-05,0.0128265083068,"0.96,0.896,0.872","1.0,0.98,0.968","SE","17","Pdlim7",8.044147,8.160823,9.959617,8.730885,8.170285,6.574822,8.234908,8.31195166666667,NA,"rat","adrenal","GSE125483"
"103","ENSRNOG00000013738","-","LOC100174910","chr18",52033228,52033285,NA,NA,0.000140766658937,0.020518831225,"0.94,0.897,0.959","0.735,0.716,0.825","SE","18","LOC100174910",13.5194292115028,14.6940621243043,15.2334247411874,12.8291296808905,13.8562227513915,14.9537669536178,14.6811381487322,13.6808736722325,NA,"rat","adrenal","GSE125483"
"104","ENSRNOG00000013987","+","Sbno2","chr7",12493572,12493741,NA,NA,1.37545152989e-05,0.00450858533061,"0.151,0.002,0.076","0.119,0.15,0.08","SE","7","Sbno2",39.6129753311914,36.8052357933428,32.6659259730112,17.8250238182753,19.8087298403804,32.9562668379386,28.4769742171101,31.4144116476032,NA,"rat","adrenal","GSE125483"
"105","ENSRNOG00000014027","-","RGD1304728","chr10",58739751,58739833,NA,NA,3.39029332421e-05,0.00856003249588,"1.0,0.978,0.9","0.869,0.856,0.795","SE","10","RGD1304728",3.718487,3.742938,2.820877,3.503462,3.632539,2.998114,3.15051,3.65496233333333,NA,"rat","adrenal","GSE125483"
"106","ENSRNOG00000014075","+","Clybl","chr15",108806725,108806914,NA,NA,0.000489794171683,0.0486460890526,"0.877,0.799,0.846","0.893,0.899,0.891","SE","15","Clybl",32.618427,33.827496,28.248442,28.801477,26.911993,29.56427,28.2415683333333,31.7491333333333,NA,"rat","adrenal","GSE125483"
"107","ENSRNOG00000014168","+","Xylb","chr8",128074114,128074209,NA,NA,3.40331832382e-07,0.000262125362984,"1.0,1.0,0.961","0.841,1.0,0.828","SE","8","Xylb",10.48879,9.367934,7.792241,6.485533,7.060631,5.137514,6.663462,8.78075233333333,NA,"rat","adrenal","GSE125483"
"108","ENSRNOG00000014171","-","Tnfsf13","chr10",56288881,56288929,NA,NA,0.000196257761542,0.0263567166418,"1.0,0.784,0.782","1.0,0.91,1.0","SE","10","Tnfsf13",4.79374046867749,4.07946669605568,3.64418606728538,3.16779476102088,3.14187108584687,3.7042597587007,3.49677230394432,4.01366730858468,NA,"rat","adrenal","GSE125483"
"109","ENSRNOG00000014204","+","Pacsin3","chr3",80077286,80077522,NA,NA,5.17163975755e-06,0.00210058515718,"1.0,0.927,0.911","0.975,1.0,0.98","SE","3","Pacsin3",21.8317212115172,27.2667386843854,31.2337612879291,29.0792402281285,26.6564169424142,40.0338081993356,32.641328809893,26.059233374677,NA,"rat","adrenal","GSE125483"
"110","ENSRNOG00000014565","+","Lcmt1","chr1",193389391,193389489,NA,NA,0.000135493164417,0.0200917006664,"1.0,0.954,1.0","0.941,0.91,0.902","SE","1","Lcmt1",12.156268,13.089628,13.085466,12.2739,11.165693,15.107675,13.1196113333333,12.5065986666667,NA,"rat","adrenal","GSE125483"
"111","ENSRNOG00000014984","+","Dmwd","chr1",79987195,79987270,NA,NA,1.73218189816e-05,0.00505688852894,"0.621,0.718,0.699","0.83,0.858,0.859","SE","1","Dmwd",10.4676943571123,8.22274159333618,8.10952099786416,7.18173347116617,7.48408219051687,5.27849177445536,6.95736498761213,8.62405647387155,NA,"rat","adrenal","GSE125483"
"112","ENSRNOG00000015077","+","Acsf3","chr19",55599321,55600011,NA,NA,0.000362919530415,0.0398869912134,"1.0,0.876,0.981","1.0,1.0,0.95","SE","19","Acsf3",49.958595,44.54327,33.23035,41.886669,30.1308,26.721989,30.027713,45.4628446666667,NA,"rat","adrenal","GSE125483"
"113","ENSRNOG00000015354","+","Aox1","chr9",64964810,64964920,NA,NA,6.41724802919e-06,0.0024469359628,"1.0,0.874,1.0","1.0,1.0,1.0","SE","9","Aox1",6.99765894788931,7.34972696121995,6.01294108220561,5.0442804029489,7.2504320676631,5.85667050353464,6.37334788446778,6.46388877068605,NA,"rat","adrenal","GSE125483"
"114","ENSRNOG00000015396","+","Sptan1","chr3",8582819,8582834,NA,NA,2.22044604925e-16,1.0371703496e-12,"0.152,0.004,0.116","0.0,0.0,0.0","SE","3","Sptan1",55.1258618676288,49.8070134319482,45.5010415747698,69.6070717713362,57.5149200413038,42.1695807467032,48.3951807875923,58.1799823569711,NA,"rat","adrenal","GSE125483"
"115","ENSRNOG00000015609","-","Wdr27","chr1",56890731,56890834,NA,NA,9.70745853163e-05,0.0167989734345,"0.62,0.576,0.62","1.0,1.0,0.741","SE","1","Wdr27",1.427375,1.567811,1.506352,1.584321,1.603661,1.513525,1.54117933333333,1.52650233333333,NA,"rat","adrenal","GSE125483"
"116","ENSRNOG00000015658","-","Sorbs1","chr1",259462867,259463239,NA,NA,0.00049729196152,0.0486460890526,"0.138,0.042,0.147","0.159,0.208,0.147","SE","1","Sorbs1",2.63794769468155,2.36359114051215,2.91621803020355,2.79574170650033,4.43353196191727,2.36458506106369,3.23811168439484,2.59909351389801,NA,"rat","adrenal","GSE125483"
"117","ENSRNOG00000015971","+","Slc12a2","chr18",52974211,52974259,NA,NA,0.000336060456431,0.0385211875335,"1.0,0.927,1.0","1.0,1.0,0.974","SE","18","Slc12a2",18.051943,35.018581,15.091966,18.253855,14.719437,18.135059,15.982154,23.774793,NA,"rat","adrenal","GSE125483"
"118","ENSRNOG00000017114","+","Synj2","chr1",46900697,46900748,NA,NA,5.92466033672e-05,0.0120322123621,"0.225,0.413,0.205","1.0,0.759,0.651","SE","1","Synj2",2.98327009876785,3.44675119734011,2.25063832055545,2.42700672638373,2.43815996362214,2.53832691120673,2.40904173179477,2.9523426741639,NA,"rat","adrenal","GSE125483"
"119","ENSRNOG00000017250","-","Gmpr","chr17",19557573,19557680,NA,NA,5.38423582919e-05,0.0115631106014,"1.0,0.968,0.97","1.0,1.0,0.994","SE","17","Gmpr",47.479404,48.029369,55.998848,105.390396,95.622498,49.730972,67.1174393333333,66.9663896666667,NA,"rat","adrenal","GSE125483"
"120","ENSRNOG00000017564","-","Mib2","chr5",173087064,173087160,NA,NA,1.77279305098e-05,0.00509582544069,"0.738,0.725,0.847","0.923,0.943,0.892","SE","5","Mib2",13.167108,11.994661,10.550217,12.27329,9.207301,8.364264,9.37392733333333,12.478353,NA,"rat","adrenal","GSE125483"
"121","ENSRNOG00000017577","-","Bphl","chr17",31508416,31508540,NA,NA,3.11424767085e-08,3.87910689881e-05,"0.928,1.0,0.879","0.869,0.917,0.832","SE","17","Bphl",40.006138,44.388325,29.297842,38.200829,28.843719,30.539877,29.5604793333333,40.8650973333333,NA,"rat","adrenal","GSE125483"
"122","ENSRNOG00000017577","-","Bphl","chr17",31511616,31511748,NA,NA,8.71452139084e-06,0.00301958448088,"1.0,0.927,1.0","1.0,1.0,1.0","SE","17","Bphl",40.006138,44.388325,29.297842,38.200829,28.843719,30.539877,29.5604793333333,40.8650973333333,NA,"rat","adrenal","GSE125483"
"123","ENSRNOG00000017577","-","Bphl","chr17",31508416,31508540,NA,NA,7.756715379e-06,0.00284169549297,"1.0,0.928,1.0","1.0,1.0,1.0","SE","17","Bphl",40.006138,44.388325,29.297842,38.200829,28.843719,30.539877,29.5604793333333,40.8650973333333,NA,"rat","adrenal","GSE125483"
"124","ENSRNOG00000017583","+","Mapkap1","chr3",13513287,13513377,NA,NA,0.000127880898091,0.0198100407216,"0.978,0.974,1.0","0.952,0.933,0.892","SE","3","Mapkap1",13.626296,13.926756,12.181435,13.667449,12.559744,12.515886,12.4190216666667,13.740167,NA,"rat","adrenal","GSE125483"
"125","ENSRNOG00000017826","+","Mtrr","chr1",37745639,37745793,NA,NA,4.54432932142e-05,0.0104822529681,"1.0,0.85,0.957","1.0,0.976,1.0","SE","1","Mtrr",12.3848229293478,11.6511419232337,11.5084099341033,10.5907084762228,10.7229885427989,11.6105653804348,11.2806546191123,11.5422244429348,NA,"rat","adrenal","GSE125483"
"126","ENSRNOG00000017826","+","Mtrr","chr1",37747570,37747688,NA,NA,2.28352948723e-05,0.00627433307932,"1.0,0.842,0.938","1.0,0.972,1.0","SE","1","Mtrr",12.3848229293478,11.6511419232337,11.5084099341033,10.5907084762228,10.7229885427989,11.6105653804348,11.2806546191123,11.5422244429348,NA,"rat","adrenal","GSE125483"
"127","ENSRNOG00000017939","-","Chn1","chr3",60582555,60582844,NA,NA,5.49017497098e-06,0.00213705060745,"1.0,0.859,1.0","0.558,0.709,0.535","SE","3","Chn1",1.632349,1.492507,0.997713,1.576167,1.195098,0.963937,1.05224933333333,1.56700766666667,NA,"rat","adrenal","GSE125483"
"128","ENSRNOG00000018452","-","Unc13a","chr16",20082441,20082447,NA,NA,9.00487350476e-05,0.0161639770887,"0.0,0.204,0.409","0.0,0.0,0.039","SE","16","Unc13a",2.3109,2.006823,3.057115,2.714745,2.840105,1.906149,2.601123,2.344156,NA,"rat","adrenal","GSE125483"
"129","ENSRNOG00000018651","+","Agtpbp1","chr17",5604098,5604275,NA,NA,1.61845734847e-06,0.000839979363856,"0.857,0.817,1.0","1.0,1.0,1.0","SE","17","Agtpbp1",6.06643449357438,6.62935385101285,5.85460486495317,8.67171759529514,6.00772514267044,6.128350748203,5.99689358527554,7.12250197996079,NA,"rat","adrenal","GSE125483"
"130","ENSRNOG00000018778","+","Cadm1","chr8",52158115,52158205,NA,NA,0.000215562356732,0.027969215786,"0.91,0.819,0.88","0.948,0.914,0.95","SE","8","Cadm1",8.260403,9.848855,6.24481958674643,9.558495,8.4826934312011,7.896807,7.54144000598251,9.22258433333333,NA,"rat","adrenal","GSE125483"
"131","ENSRNOG00000018798","-","Bcan","chr2",187360856,187361001,NA,NA,0.000466543559824,0.0484272215097,"1.0,0.929,1.0","1.0,0.657,0.791","SE","2","Bcan",2.88416539192907,3.56890001070009,2.39920394558239,3.11772330602262,2.62054433047998,1.77011745765821,2.26328857790686,3.19026290288393,NA,"rat","adrenal","GSE125483"
"132","ENSRNOG00000019175","+","Ercc6l2","chr17",1389871,1390991,NA,NA,3.76079113762e-05,0.00924560810728,"1.0,0.802,0.989","1.0,1.0,1.0","SE","17","Ercc6l2",18.815552,18.504276,15.434778,16.17478,19.059666,14.695534,16.3966593333333,17.831536,NA,"rat","adrenal","GSE125483"
"133","ENSRNOG00000019367","-","Dclre1b","chr2",206292231,206292397,NA,NA,3.45130537482e-08,4.03026185145e-05,"0.94,0.762,0.851","1.0,1.0,1.0","SE","2","Dclre1b",10.2366849600803,9.35511019909616,6.63721862440372,9.13556476952046,7.36672482525734,6.10318474441376,6.70237606469161,9.57578664289897,NA,"rat","adrenal","GSE125483"
"134","ENSRNOG00000019367","-","Dclre1b","chr2",206291571,206291754,NA,NA,1.05648965354e-07,0.000103891856246,"0.939,0.786,0.887","1.0,1.0,1.0","SE","2","Dclre1b",10.2366849600803,9.35511019909616,6.63721862440372,9.13556476952046,7.36672482525734,6.10318474441376,6.70237606469161,9.57578664289897,NA,"rat","adrenal","GSE125483"
"135","ENSRNOG00000019372","+","Pc","chr1",219836220,219836329,NA,NA,1.30769524131e-06,0.000718616996725,"1.0,0.116,0.165","1.0,1.0,1.0","SE","1","Pc",29.9101522908322,26.884886746996,40.1965081769025,26.8618511533155,30.3358630796618,28.2514392625723,32.9279368397122,27.8856300637146,NA,"rat","adrenal","GSE125483"
"136","ENSRNOG00000019656","+","Btd","chr16",7784364,7784623,NA,NA,0.000112150042276,0.018066593752,"1.0,1.0,1.0","0.919,0.891,1.0","SE","16","Btd",39.707581,38.127651,20.328373,34.775795,22.381123,19.147917,20.6191376666667,37.537009,NA,"rat","adrenal","GSE125483"
"137","ENSRNOG00000019935","+","Armc5","chr1",199659981,199660478,NA,NA,0.000473164662256,0.0485747722505,"1.0,0.765,0.948","1.0,0.965,0.94","SE","1","Armc5",18.875793,16.471592,12.597899,16.1989,13.410987,11.350737,12.4532076666667,17.182095,NA,"rat","adrenal","GSE125483"
"138","ENSRNOG00000020153","-","AABR07066830.1","chr9",18329962,18330070,NA,NA,0.000206691788542,0.027195981529,"0.869,0.924,0.797","1.0,1.0,0.912","SE","9","AABR07066830.1",12.548063,9.896451,11.367168,9.408736,11.880741,8.679725,10.6425446666667,10.61775,NA,"rat","adrenal","GSE125483"
"139","ENSRNOG00000020297","+","Gon4l","chr2",188180281,188180305,NA,NA,3.44491292881e-06,0.0015324941229,"0.871,0.842,0.84","0.84,1.0,1.0","SE","2","Gon4l",5.7780017951988,4.86670140782071,3.66386686946737,4.74979123771568,4.03084287237434,3.57163982989497,3.75544985724556,5.13149814691173,NA,"rat","adrenal","GSE125483"
"140","ENSRNOG00000020948","-","Pth1r","chr8",118992647,118992843,NA,NA,0.00048678684486,0.0486460890526,"1.0,0.752,0.444","1.0,1.0,1.0","SE","8","Pth1r",1.216706,1.343615,0.832447,1.011137,1.265682,0.892166,0.996765,1.190486,NA,"rat","adrenal","GSE125483"
"141","ENSRNOG00000021027","+","Dbp","chr1",101689277,101689688,NA,NA,2.97700167695e-06,0.00142621280339,"0.723,0.536,0.69","0.853,0.851,0.738","SE","1","Dbp",260.415144344888,159.342373948884,87.8996536645123,204.465280753819,119.716389663925,118.665032633373,108.760358653937,208.074266349197,NA,"rat","adrenal","GSE125483"
"142","ENSRNOG00000021103","+","Nrxn2","chr1",221888094,221888184,NA,NA,1.07362494496e-05,0.0036472015403,"0.306,1.0,1.0","0.227,0.469,0.128","SE","1","Nrxn2",0.31355055,0.357871405249344,0.306581468503937,0.20810298832021,0.344489543307087,0.255974974409449,0.302348662073491,0.293174981189851,NA,"rat","adrenal","GSE125483"
"143","ENSRNOG00000021143","-","Setdb1","chr2",196524192,196524344,NA,NA,0.000376520816566,0.0411398534311,"1.0,0.957,1.0","0.918,0.747,1.0","SE","2","Setdb1",24.7606567228216,20.748948690249,13.321120423444,23.2891912628631,17.2034766147303,14.3692597811203,14.9646189397649,22.9329322253112,NA,"rat","adrenal","GSE125483"
"144","ENSRNOG00000021249","+","Ap5s1","chr3",123754898,123755109,NA,NA,7.98963479343e-06,0.00287073724001,"1.0,0.638,0.472","1.0,0.942,0.948","SE","3","Ap5s1",2.33659643025448,2.00554084354383,1.84898197219604,1.87756038407163,1.80230975494816,1.4738278063148,1.70837317781967,2.07323255262331,NA,"rat","adrenal","GSE125483"
"145","ENSRNOG00000021611","+","Clip2","chr12",25221353,25221458,NA,NA,0.000257061690509,0.0318075538111,"0.212,0.089,0.103","0.023,0.026,0.029","SE","12","Clip2",2.861654,2.853162,3.64871110431154,3.024493,3.18650885535466,3.088335,3.30785165322207,2.913103,NA,"rat","adrenal","GSE125483"
"146","ENSRNOG00000021808","-","Tecr","chr19",24707187,24707232,NA,NA,4.02588645532e-07,0.000289306394351,"0.937,0.934,0.936","0.971,0.972,0.949","SE","19","Tecr",289.341797,287.076782,205.387726,245.619614,211.193726,242.101486,219.560979333333,274.012731,NA,"rat","adrenal","GSE125483"
"147","ENSRNOG00000021808","-","Tecr","chr19",24707642,24707694,24708246,24708297,4.07495022858e-06,0.00173172905773,"0.875,0.893,0.864","0.945,0.947,0.897","MXE","19","Tecr",289.341797,287.076782,205.387726,245.619614,211.193726,242.101486,219.560979333333,274.012731,NA,"rat","adrenal","GSE125483"
"148","ENSRNOG00000021839","-","Cep126","chr8",6258657,6258722,NA,NA,0.000413522288028,0.0441500024544,"1.0,0.669,0.653","1.0,0.839,0.972","SE","8","Cep126",2.865307,2.416115,2.52038,3.093855,4.153688,2.652024,3.10869733333333,2.791759,NA,"rat","adrenal","GSE125483"
"149","ENSRNOG00000022524","+","Tango6","chr19",38893462,38893639,NA,NA,0.000502291750492,0.0488792659698,"1.0,0.805,0.811","1.0,0.95,0.949","SE","19","Tango6",4.34108725786858,3.24426202484815,2.6529489210381,3.31833098619547,2.80505842517946,1.90479399668691,2.45426711430149,3.6345600896374,NA,"rat","adrenal","GSE125483"
"150","ENSRNOG00000022723","+","RGD1562029","chr9",66371071,66371202,NA,NA,0.000340146945344,0.0387518629683,"0.881,0.986,1.0","0.894,0.877,0.868","SE","9","RGD1562029",7.48959,4.402401,2.536926,3.279115,4.681557,2.064939,3.094474,5.05703533333333,NA,"rat","adrenal","GSE125483"
"151","ENSRNOG00000023035","-","Smim8","chr5",50232912,50233069,NA,NA,0.000346140296353,0.0391293615837,"0.939,0.877,0.952","0.961,0.983,0.961","SE","5","Smim8",8.27087736196319,8.86864131697341,6.94386017518746,6.09827040490798,6.66081996250852,8.03688524948875,7.21385512906158,7.74592969461486,NA,"rat","adrenal","GSE125483"
"152","ENSRNOG00000023456","+","Rnf41","chr7",2848989,2849049,NA,NA,3.48922681016e-05,0.00802522166337,"1.0,0.828,0.888","1.0,1.0,0.922","A3SS","7","Rnf41",13.6240279646399,13.742694322984,12.6045962069858,14.3851301720569,11.9081801517896,10.9688336369125,11.827203331896,13.9172841532269,NA,"rat","adrenal","GSE125483"
"153","ENSRNOG00000023577","+","AABR07068272.1","chr9",94431992,94432057,NA,NA,9.41097635487e-07,0.000567208652304,"0.926,1.0,0.891","0.802,0.875,0.785","SE","9","AABR07068272.1",9.12609745764803,8.82534589117325,7.20870045874452,10.1790207332785,9.03146961759868,8.3168117854989,8.18566062061403,9.37682136069993,NA,"rat","adrenal","GSE125483"
"154","ENSRNOG00000024918","-","Fam229b","chr20",44210446,44210602,NA,NA,3.59929673999e-05,0.00896656803866,"1.0,0.629,0.67","0.758,1.0,1.0","SE","20","Fam229b",0.430569,0.587087,0.213446,0.872033,0.770858,1.556772,0.847025333333333,0.629896333333333,NA,"rat","adrenal","GSE125483"
"155","ENSRNOG00000025378","-","Ccdc155","chr1",101186464,101186521,NA,NA,3.06246782356e-06,0.00142849466468,"0.0,0.706,0.0","1.0,1.0,1.0","SE","1","Ccdc155",0.480398,0.483029,0.622611,0.365335,0.526655,0.238641,0.462635666666667,0.442920666666667,NA,"rat","adrenal","GSE125483"
"156","ENSRNOG00000026644","-","Glipr1","chr7",54771058,54771144,NA,NA,0.000132441578255,0.0199559552267,"0.753,0.905,0.949","1.0,1.0,0.96","SE","7","Glipr1",5.118995,5.250128,5.162457,4.746106,7.107451,6.998105,6.422671,5.03840966666667,NA,"rat","adrenal","GSE125483"
"157","ENSRNOG00000026979","+","AABR07069466.1","chr8",23434622,23434755,NA,NA,1.04846131777e-11,2.44868140765e-08,"1.0,1.0,1.0","0.773,0.902,0.714","SE","8","AABR07069466.1",6.726983,6.270122,3.594579,4.85889,4.342979,4.300054,4.079204,5.95199833333333,NA,"rat","adrenal","GSE125483"
"158","ENSRNOG00000027012","+","Usp54","chr15",4174423,4174619,NA,NA,6.96021465272e-05,0.0132698623032,"1.0,0.825,0.903","1.0,1.0,1.0","SE","15","Usp54",5.01937296350795,4.68045858622719,3.6409744649794,4.84951662566215,4.61182119511477,3.54781658328428,3.93353741445948,4.84978272513243,NA,"rat","adrenal","GSE125483"
"159","ENSRNOG00000027098","+","Sez6l2","chr1",198400986,198401025,NA,NA,8.72712277711e-06,0.00301958448088,"0.838,0.857,0.817","1.0,0.905,1.0","SE","1","Sez6l2",3.022732,2.342731,2.643138,2.100718,2.514876,3.006102,2.721372,2.488727,NA,"rat","adrenal","GSE125483"
"160","ENSRNOG00000027880","-","Nbeal2","chr8",118910525,118910606,NA,NA,2.26620026003e-05,0.00627433307932,"1.0,0.729,0.584","1.0,1.0,1.0","SE","8","Nbeal2",8.092443,6.627593,3.353878,7.145705,5.047321,2.666482,3.689227,7.28858033333333,NA,"rat","adrenal","GSE125483"
"161","ENSRNOG00000028919","+","Zfp868","chr16",21521673,21521800,NA,NA,0.000433129741113,0.0457208818246,"1.0,1.0,0.9","0.852,1.0,0.696","SE","16","Zfp868",15.533826,14.292956,15.579002,15.112125,13.758357,13.895529,14.4109626666667,14.9796356666667,NA,"rat","adrenal","GSE125483"
"162","ENSRNOG00000029316","-","Gtf2f2","chr15",58003226,58003308,NA,NA,4.97781773974e-05,0.0110720888868,"0.979,0.911,0.993","1.0,1.0,1.0","SE","15","Gtf2f2",12.073984,12.163029,16.454212,16.367691,14.598809,24.504459,18.51916,13.5349013333333,NA,"rat","adrenal","GSE125483"
"163","ENSRNOG00000030269","-","Atp2b2","chr4",145714105,145714277,NA,NA,0.000100564644476,0.0170813619763,"1.0,0.149,1.0","0.0,0.0,0.0","SE","4","Atp2b2",0.410545261179307,0.304513165168786,0.277033150591846,0.309851194870671,0.31337078233231,0.458100543402017,0.349501492108724,0.341636540406255,NA,"rat","adrenal","GSE125483"
"164","ENSRNOG00000030537","+","Slc26a11","chr10",108490561,108490704,NA,NA,0.000407778705875,0.0437869962102,"1.0,0.892,1.0","1.0,0.683,0.63","SE","10","Slc26a11",3.914247,3.680149,2.431506,3.709044,2.484348,1.927344,2.281066,3.76781333333333,NA,"rat","adrenal","GSE125483"
"165","ENSRNOG00000031852","-","Lsamp","chr11",58809656,58809689,NA,NA,1.48515751069e-05,0.00478425567754,"0.0,0.0,0.0","0.254,0.031,0.159","SE","11","Lsamp",2.9803684830876,3.55311294622723,1.622132,3.2720330971379,1.89653649349523,2.00339677883781,1.84068842411101,3.26850484215091,NA,"rat","adrenal","GSE125483"
"166","ENSRNOG00000032930","-","Trim26","chr20",2208385,2208403,NA,NA,0.000230486431545,0.0289020703825,"0.0,0.243,0.068","0.0,0.138,0.0","SE","20","Trim26",7.04141509600321,7.97877502088773,6.55487695541273,6.37919351456116,5.67458749588271,5.6144340281181,5.94796615980451,7.1331278771507,NA,"rat","adrenal","GSE125483"
"167","ENSRNOG00000033090","-","Ltbp1","chr6",21420729,21420897,NA,NA,5.46040317123e-05,0.0115934287331,"0.62,0.663,0.766","1.0,0.849,0.953","SE","6","Ltbp1",4.119456,3.750607,2.449612,5.21594,3.538319,4.702561,3.56349733333333,4.362001,NA,"rat","adrenal","GSE125483"
"168","ENSRNOG00000033101","-","Myo18a","chr10",65021762,65021774,NA,NA,3.38309116832e-07,0.000262125362984,"0.023,0.165,0.0","0.0,0.0,0.032","SE","10","Myo18a",38.2786500293457,29.4887382262005,22.7941843039876,33.0412241895535,29.7096060363662,19.5505824684078,24.0181242695872,33.6028708150332,NA,"rat","adrenal","GSE125483"
"169","ENSRNOG00000034116","-","Gk","chrX",54261299,54261317,NA,NA,7.39968212549e-06,0.00276511321665,"0.0,0.207,0.0","0.0,0.0,0.0","SE","X","Gk",2.94091783540737,4.22099634585583,1.69623817515849,2.22210471918291,2.22975858910542,1.84782688917586,1.92460788447992,3.1280063001487,NA,"rat","adrenal","GSE125483"
"170","ENSRNOG00000036684","-","Pcyt2","chr10",109791317,109791371,NA,NA,5.69879671638e-05,0.0118751894002,"0.767,0.789,0.764","0.895,0.829,0.855","SE","10","Pcyt2",62.539177,72.101234,58.05946,75.781548,52.938477,63.884262,58.2940663333333,70.140653,NA,"rat","adrenal","GSE125483"
"171","ENSRNOG00000036980","+","Zgrf1","chr2",231906711,231906832,NA,NA,0.00024078822432,0.0299925812213,"1.0,0.637,0.48","1.0,1.0,1.0","SE","2","Zgrf1",1.136004,1.022198,0.810066,0.978877,1.011239,0.743544,0.854949666666667,1.045693,NA,"rat","adrenal","GSE125483"
"172","ENSRNOG00000039754","+","Rab7b","chr13",48474076,48474202,NA,NA,1.66728621653e-05,0.00496972226819,"0.665,0.827,0.716","1.0,1.0,1.0","SE","13","Rab7b",2.855243,2.363635,1.097087,0.795109,1.371356,0.889339,1.11926066666667,2.00466233333333,NA,"rat","adrenal","GSE125483"
"173","ENSRNOG00000043182","-","Sept6","chrX",123595535,123595629,NA,NA,0.000219323061159,0.0280704332275,"0.017,0.006,0.026","0.079,0.053,0.025","SE","X","Sept6",10.4768898051724,10.3360357623563,12.7746765390805,11.6355513882184,11.3398918043103,10.770105845977,11.6282247297893,10.816158985249,NA,"rat","adrenal","GSE125483"
"174","ENSRNOG00000045686","-","Nfs1","chr3",151684774,151684891,151687380,151687472,4.1848467971e-06,0.00173172905773,"0.634,0.224,0.49","0.0,0.0,0.076","MXE","3","Nfs1",50.621536,53.524666,45.622955,49.551048,46.081757,50.417896,47.3742026666667,51.2324166666667,NA,"rat","adrenal","GSE125483"
"175","ENSRNOG00000046143","-","Pgap3","chr10",86351781,86351934,NA,NA,3.94550175125e-05,0.00957373437927,"1.0,1.0,1.0","0.858,0.732,0.872","SE","10","Pgap3",2.629238,2.281925,1.63082,1.971321,1.906991,1.495775,1.677862,2.29416133333333,NA,"rat","adrenal","GSE125483"
"176","ENSRNOG00000046971","+","Ccer2","chr1",86938987,86939514,NA,NA,0.000130412920614,0.0198100407216,"1.0,0.243,0.551","1.0,1.0,0.566","SE","1","Ccer2",0.539542,0.487157,0.773818,0.564113,1.106689,0.743362,0.874623,0.530270666666667,NA,"rat","adrenal","GSE125483"
"177","ENSRNOG00000047280","-","Cttn","chr1",217618965,217619076,NA,NA,1.58539847916e-13,4.9369308641e-10,"1.0,0.628,0.394","0.163,0.438,0.007","SE","1","Cttn",49.7373858329027,40.7724185058857,37.9112414955498,44.9155720002871,39.7619849431525,34.0709719962676,37.24806614499,45.1417921130252,NA,"rat","adrenal","GSE125483"
"178","ENSRNOG00000047516","+","LOC100910771","chr9",114067045,114067151,NA,NA,5.8140722714e-07,0.000374586642479,"1.0,1.0,1.0","0.0,1.0,0.167","SE","9","LOC100910771",0,10.481763,9.479754,0,9.081624,8.98816,9.18317933333333,3.493921,NA,"rat","adrenal","GSE125483"
"179","ENSRNOG00000048164","-","Acad8","chr8",28035009,28035123,NA,NA,2.15436135598e-09,4.02520875751e-06,"0.901,0.87,0.903","1.0,1.0,1.0","SE","8","Acad8",40.159927,41.805119,32.422775,39.21043,40.950169,34.441097,35.9380136666667,40.3918253333333,NA,"rat","adrenal","GSE125483"
"180","ENSRNOG00000048164","-","Acad8","chr8",28035679,28035849,NA,NA,4.49040091899e-05,0.0104822529681,"0.946,0.979,0.951","1.0,1.0,1.0","SE","8","Acad8",40.159927,41.805119,32.422775,39.21043,40.950169,34.441097,35.9380136666667,40.3918253333333,NA,"rat","adrenal","GSE125483"
"181","ENSRNOG00000048193","+","Hnrnph3","chr20",27173818,27173957,NA,NA,0.000186416939294,0.0254234605385,"1.0,0.603,0.575","0.15,0.892,0.014","SE","20","Hnrnph3",22.9447821492537,21.9384076119403,20.6988757049369,19.9834293237658,19.2307530424799,20.5161626004592,20.1485971159587,21.6222063616533,NA,"rat","adrenal","GSE125483"
"182","ENSRNOG00000048686","+","AABR07066379.1","chr9",8402216,8402328,NA,NA,4.23205997728e-05,0.010137411361,"0.475,0.029,0.375","0.437,0.0,0.0","SE","9","AABR07066379.1",8.66507119567404,11.0299333244467,13.1635489864185,8.29738560714286,8.97636061569416,19.2226604119718,13.7875233380282,9.33079670908787,NA,"rat","adrenal","GSE125483"
"183","ENSRNOG00000048834","+","Plin3","chr9",10774871,10775070,NA,NA,6.68154798562e-05,0.0128699012952,"0.956,0.944,1.0","1.0,1.0,0.981","SE","9","Plin3",46.414326,39.118595,33.222382,39.271835,41.120914,37.964565,37.4359536666667,41.6015853333333,NA,"rat","adrenal","GSE125483"
"184","ENSRNOG00000048891","+","Prr14l","chr14",83260145,83260217,NA,NA,9.12674055509e-05,0.0161639770887,"1.0,0.857,0.427","1.0,0.899,1.0","SE","14","Prr14l",3.578371,4.076316,2.906409,4.435788,3.724154,3.215513,3.28202533333333,4.03015833333333,NA,"rat","adrenal","GSE125483"
"185","ENSRNOG00000049223","-","Vipas39","chr6",111280574,111280602,NA,NA,4.89001749155e-05,0.0110078417846,"0.913,0.94,0.973","0.975,1.0,1.0","SE","6","Vipas39",20.37183,19.972891,15.670752,19.257568,18.0909543650058,17.640425,17.1340437883353,19.8674296666667,NA,"rat","adrenal","GSE125483"
"186","ENSRNOG00000049394","+","LOC100912599","chr1",32573351,32573412,NA,NA,5.71108802849e-06,0.00083381885216,"1.0,0.518,0.972","0.058,0.941,0.264","A5SS","1","LOC100912599",41.2273735868545,28.3970901830986,25.4172678920188,31.3823982629108,9.84664207042254,31.690793258216,22.3182344068858,33.6689540109546,NA,"rat","adrenal","GSE125483"
"187","ENSRNOG00000050370","-","Vom2r6","chr1",751391,752195,NA,NA,3.06473028067e-05,0.00784403021425,"1.0,0.0,1.0","1.0,1.0,0.0","SE","1","Vom2r6",0.047783,0.054,0.137844,0.048688,0.146712,0.093634,0.126063333333333,0.050157,NA,"rat","adrenal","GSE125483"
"188","ENSRNOG00000050562","+","Zfp449","chrX",73392628,73393075,NA,NA,9.80030028024e-05,0.0167989734345,"1.0,0.49,0.842","1.0,1.0,1.0","SE","X","Zfp449",1.9700453318822,1.50412507887324,1.54853971574904,1.87123451139565,2.01167197259923,1.9881306553137,1.84944744788732,1.78180164071703,NA,"rat","adrenal","GSE125483"
"189","ENSRNOG00000050846","+","Timm10b","chr1",170471457,170471553,NA,NA,0.000164003490012,0.0228674716969,"0.952,0.907,0.899","0.99,0.986,0.939","SE","1","Timm10b",12.5839456756353,14.0083935313901,8.26797426233184,11.7802651913303,9.5154640568012,10.3187516165919,9.36739664524165,12.7908681327852,NA,"rat","adrenal","GSE125483"
"190","ENSRNOG00000050978","-","Hmgn1","chr11",36477067,36477190,NA,NA,8.96481934839e-05,0.0161639770887,"1.0,0.991,0.989","1.0,0.781,1.0","SE","11","Hmgn1",74.342392,74.777817,54.441319,73.561981,58.15255,79.24086,63.9449096666667,74.2273966666667,NA,"rat","adrenal","GSE125483"
"191","ENSRNOG00000051152","-","LOC102549817","chr7",9787015,9787161,NA,NA,0.000112166820554,0.018066593752,"0.87,0.766,0.947","1.0,0.929,1.0","SE","7","LOC102549817",3.38768119514884,4.0941276306505,7.07237926791621,4.53509806504961,6.27138742557883,7.83402197794928,7.05926289048144,4.00563563028298,NA,"rat","adrenal","GSE125483"
"192","ENSRNOG00000051262","-","Tmc1","chr1",238375630,238375825,NA,NA,0.000319092009339,0.0374963213993,"0.572,0.445,1.0","1.0,0.762,1.0","SE","1","Tmc1",0.221541193195626,0.260007622114216,0.263357210206561,0.191557876063183,0.406403181044957,0.259386817739976,0.309715736330498,0.224368897124342,NA,"rat","adrenal","GSE125483"
"193","ENSRNOG00000051563","-","Giot1","chr7",13108329,13108390,NA,NA,3.02269625996e-08,3.87910689881e-05,"0.942,0.871,0.959","0.821,0.876,0.774","SE","7","Giot1",9.91753194801223,14.5316637981651,71.6187854801223,22.776381,24.555937,56.088524,50.7544154933741,15.7418589153924,NA,"rat","adrenal","GSE125483"
"194","ENSRNOG00000053469","-","AABR07030861.1","chr10",106768536,106768604,NA,NA,2.85701143697e-05,0.00741394467894,"1.0,0.799,0.907","1.0,1.0,1.0","SE","10","AABR07030861.1",3.538955,3.087105,3.926749,3.6143,3.78818,3.047452,3.58746033333333,3.41345333333333,NA,"rat","adrenal","GSE125483"
"195","ENSRNOG00000053725","-","Usf2","chr1",89381526,89381727,NA,NA,0.00029357781123,0.0355487376155,"0.991,0.958,0.956","0.99,1.0,0.983","SE","1","Usf2",72.482506,63.278152,45.483574,57.880756,49.587288,40.839947,45.303603,64.547138,NA,"rat","adrenal","GSE125483"
"196","ENSRNOG00000054058","-","Osbpl1a","chr18",4217009,4217116,NA,NA,0.000399080566034,0.0433512866034,"1.0,0.899,0.819","1.0,1.0,1.0","SE","18","Osbpl1a",18.928474,15.815878,11.351929,14.254292,14.618678,10.568462,12.1796896666667,16.3328813333333,NA,"rat","adrenal","GSE125483"
"197","ENSRNOG00000054140","-","Myl6","chr7",2907014,2907059,NA,NA,4.4408920985e-16,1.65947255937e-12,"0.797,0.722,0.752","0.589,0.572,0.637","SE","7","Myl6",214.119631933294,200.32247832124,219.121236083675,241.740725961381,211.040709273844,296.568358943242,242.24343476692,218.727612071972,NA,"rat","adrenal","GSE125483"
"198","ENSRNOG00000054514","+","Mkln1","chr4",58748815,58748928,NA,NA,0.000111123881188,0.018066593752,"0.881,0.919,1.0","1.0,1.0,1.0","SE","4","Mkln1",17.690384,20.223171,15.065497,17.523813,15.997609,19.255146,16.7727506666667,18.4791226666667,NA,"rat","adrenal","GSE125483"
"199","ENSRNOG00000056108","+","AABR07069473.1","chr8",23493465,23493521,NA,NA,2.48627583265e-05,0.0066362253796,"0.065,0.254,0.138","0.0,0.0,0.062","SE","8","AABR07069473.1",0.356101754572664,0.159883940472231,0.362288596275357,0.370902922846691,0.235750587961423,0.352697590289325,0.316912258175368,0.295629539297195,NA,"rat","adrenal","GSE125483"
"200","ENSRNOG00000056162","+","AC111885.1","chr14",78962019,78962193,NA,NA,5.16807988959e-07,0.000344858588061,"0.027,0.0,0.03","0.099,0.065,0.0","SE","14","AC111885.1",0.17736,0.076703,0.065402,0.060065,0.06562,0.038492,0.0565046666666667,0.104709333333333,NA,"rat","adrenal","GSE125483"
"201","ENSRNOG00000056493","-","Mybpc1","chr7",29103557,29103611,NA,NA,0.000497098614258,0.0486460890526,"0.03,0.046,0.036","0.063,0.061,0.06","SE","7","Mybpc1",102.311340852772,123.235399990971,57.5346282136945,90.4641448427389,58.0008753679458,101.025851575621,72.1871183857538,105.336961895494,NA,"rat","adrenal","GSE125483"
"202","ENSRNOG00000056904","+","Gtf3c2","chr6",26574096,26574226,26574816,26574946,4.7241244755e-06,0.00173172905773,"0.257,0.043,0.0","0.013,0.0,0.018","MXE","6","Gtf3c2",30.211068775495,27.4847795148515,24.7186566351485,27.7506225527228,23.2888439777228,19.0809159611386,22.36280552467,28.4821569476898,NA,"rat","adrenal","GSE125483"
"203","ENSRNOG00000057291","+","AABR07019088.1","chr15",87558154,87558316,NA,NA,9.76014729566e-05,0.0167989734345,"0.656,0.77,0.74","1.0,1.0,0.798","SE","15","AABR07019088.1",1.497241,1.342529,1.441502,1.398681,1.430178,1.126556,1.33274533333333,1.412817,NA,"rat","adrenal","GSE125483"
"204","ENSRNOG00000057557","+","Prlr","chr2",60261123,60261183,60280887,60280997,1.41088603467e-07,0.000181016678248,"0.147,0.178,0.146","0.099,0.101,0.099","MXE","2","Prlr",189.019984814329,159.628326277497,51.9503322633703,113.907211921628,67.1795064853683,41.5885615489405,53.5728000992264,154.185174337818,NA,"rat","adrenal","GSE125483"
"205","ENSRNOG00000057817","+","LOC100911769","chr3",152602149,152602557,NA,NA,0.000128792219044,0.0198100407216,"0.067,0.194,0.342","0.064,0.051,0.085","SE","3","LOC100911769",9.34206487094002,7.99470610998453,5.18096936260526,9.30836785736381,8.37973601752879,4.50704071507132,6.02258203173512,8.88171294609612,NA,"rat","adrenal","GSE125483"
"206","ENSRNOG00000059142","-","Dtwd2","chr18",43867209,43867338,NA,NA,3.48315115084e-07,0.000262125362984,"1.0,1.0,1.0","0.842,0.587,0.64","SE","18","Dtwd2",2.506034,2.069077,1.183316,2.159196,2.013517,1.82999,1.67560766666667,2.244769,NA,"rat","adrenal","GSE125483"
"207","ENSRNOG00000059142","-","Dtwd2","chr18",43901230,43901423,NA,NA,6.67011755162e-07,0.000415414921115,"1.0,1.0,1.0","0.875,0.676,0.502","SE","18","Dtwd2",2.506034,2.069077,1.183316,2.159196,2.013517,1.82999,1.67560766666667,2.244769,NA,"rat","adrenal","GSE125483"
"208","ENSRNOG00000059166","-","Ldb3","chr16",10908897,10909083,NA,NA,1.91868743116e-12,5.12125085197e-09,"0.315,0.216,0.392","1.0,1.0,1.0","SE","16","Ldb3",1.02091333014274,1.82787207321579,1.49149524937028,0.959949286314022,1.79520448194794,1.67660983694374,1.65443652275399,1.26957822989085,NA,"rat","adrenal","GSE125483"
"209","ENSRNOG00000059510","+","AABR07027870.1","chr17",47788082,47788205,NA,NA,0.000438593063802,0.0460374876634,"1.0,0.888,0.767","0.0,0.762,0.423","SE","17","AABR07027870.1",5.75262,5.986278,2.335806,3.861539,3.169433,2.4756,2.66027966666667,5.20014566666667,NA,"rat","adrenal","GSE125483"
"210","ENSRNOG00000059579","-","Gpt2","chr19",22592260,22592395,NA,NA,0.000138881037522,0.0204319157879,"1.0,1.0,0.58","0.0,1.0,0.408","SE","19","Gpt2",44.6621069071235,44.3612065482417,29.1481099675383,57.5278333002705,46.7292896357079,22.4946046744815,32.7906680925759,48.8503822518786,NA,"rat","adrenal","GSE125483"
"211","ENSRNOG00000059776","+","Tnks2","chrAABR07024382.1",135376,135565,NA,NA,0,0,"1.0,1.0,0.948","0.45,0.0,0.0","SE","AABR07024382.1","Tnks2",8.584947,7.80676,6.12165,0.615604,12.578393,4.553714,7.75125233333333,5.66910366666667,NA,"rat","adrenal","GSE125483"
"212","ENSRNOG00000061543","+","Ap2b1","chr10",70579707,70579749,NA,NA,7.14504558701e-05,0.0134846496715,"1.0,0.243,1.0","0.315,0.332,0.28","SE","10","Ap2b1",12.2366282202173,13.9560262343951,15.9644416991346,14.3064824155772,14.8616224844412,15.2422831585343,15.3561157807034,13.4997122900632,NA,"rat","adrenal","GSE125483"
