"","id","strand","symbol.x","chr.x","as_site1","as_site2","as_site3","as_site4","as_pvalue","fdr","IncLevel1","IncLevel2","as_type","chr.y","symbol.y","FPKM.SRR8474383","FPKM.SRR8474394","FPKM.SRR8474405","FPKM.SRR8474415","FPKM.SRR8474425","..files.brain_mean_female","..files.brain_mean_male","Remark","Organism","Tissue","GEO_accession"
"1","ENSRNOG00000000111","+","Coprs","chr16",80829109,80829176,NA,NA,1.40590885522e-06,0.0009266079282,"1.0,1.0","1.0,0.9,1.0","SE","16","Coprs",29.238127,24.215227,23.064457,28.984806,21.416651,22.240554,41.21908,NA,"rat","brain","GSE125483"
"2","ENSRNOG00000000433","+","Prrt1","chr20",4393726,4394265,NA,NA,1.63583738111e-07,0.000166214709899,"0.811,1.0","1.0,1.0,1.0","SE","20","Prrt1",96.4343592830769,67.5501875863736,65.5402211907692,68.2981474914286,94.0807353696703,79.8104782802197,116.14134718044,NA,"rat","brain","GSE125483"
"3","ENSRNOG00000000464","+","Rxrb","chr20",3827966,3828066,NA,NA,5.77719897852e-05,0.00987901025327,"0.0,0.043","0.084,0.0,0.06","RI","20","Rxrb",15.1765404205274,10.2197917923497,11.4966656158232,13.6269191045379,9.94640599239724,10.7215358041102,19.5116256587075,NA,"rat","brain","GSE125483"
"4","ENSRNOG00000000512","-","Slc26a8","chr20",5926877,5927073,NA,NA,5.21195497427e-07,0.000423662446675,"0.812,0.782","1.0,1.0,1.0","SE","20","Slc26a8",6.75758433251701,5.88235031891156,6.88174770013606,5.60362066938776,5.83235330748299,6.35705050380952,9.12177766040817,NA,"rat","brain","GSE125483"
"5","ENSRNOG00000000596","+","Fyn","chr20",44460734,44460774,NA,NA,0.00040878524877,0.0483969885158,"1.0,0.961","0.956,0.924,0.958","SE","20","Fyn",38.8384807260915,40.8597904963617,37.4748931855509,34.4864001990644,46.1401279656965,41.8075105756237,57.0923357107588,NA,"rat","brain","GSE125483"
"6","ENSRNOG00000000665","-","Pitpnb","chr12",51335035,51335181,NA,NA,0.00034159243216,0.0427183233367,"1.0,1.0","1.0,0.848,1.0","SE","12","Pitpnb",25.1282071920838,26.185756225844,25.5754014551804,25.0240248195576,26.9994548661234,26.2874281606519,38.1689941187427,NA,"rat","brain","GSE125483"
"7","ENSRNOG00000001299","-","Sun1","chr12",17503896,17503995,NA,NA,1.71457315024e-06,0.00107952119161,"0.891,1.0","1.0,1.0,0.951","SE","12","Sun1",28.0369544511752,25.035598526048,29.6766730983765,27.0383315187788,23.2448585132057,26.4607658057911,40.055442248001,NA,"rat","brain","GSE125483"
"8","ENSRNOG00000001299","-","Sun1","chr12",17506761,17506827,NA,NA,3.19610694471e-05,0.0096222548091,"0.698,1.0","1.0,1.0,0.851","SE","12","Sun1",28.0369544511752,25.035598526048,29.6766730983765,27.0383315187788,23.2448585132057,26.4607658057911,40.055442248001,NA,"rat","brain","GSE125483"
"9","ENSRNOG00000001479","+","Gtf2i","chr12",25450275,25450335,NA,NA,8.24761840306e-05,0.0184519653557,"0.805,1.0","1.0,0.964,1.0","SE","12","Gtf2i",49.7611726494977,42.0079363653325,43.1335127646308,39.4810750194546,36.9363996335513,40.034956199091,65.6250920171424,NA,"rat","brain","GSE125483"
"10","ENSRNOG00000001642","+","Tbc1d23","chr11",45428541,45428665,NA,NA,0.000322499504607,0.0418323027625,"0.899,1.0","0.963,0.993,1.0","SE","11","Tbc1d23",11.750618,12.940285,11.692703,11.534361,11.144384,11.4185435,18.112632,NA,"rat","brain","GSE125483"
"11","ENSRNOG00000001682","+","Ttc3","chr11",34637280,34637326,NA,NA,8.75297744152e-05,0.0190580453472,"1.0,1.0","1.0,0.97,0.962","SE","11","Ttc3",73.156258,121.13327,107.660294,112.296318,112.120659,109.8904765,153.292923,NA,"rat","brain","GSE125483"
"12","ENSRNOG00000001682","+","Ttc3","chr11",34636145,34636308,NA,NA,6.02692784568e-09,1.04340108947e-05,"1.0,1.0","1.0,0.758,0.861","SE","11","Ttc3",73.156258,121.13327,107.660294,112.296318,112.120659,109.8904765,153.292923,NA,"rat","brain","GSE125483"
"13","ENSRNOG00000001730","+","Acap2","chr11",73155897,73155909,NA,NA,0.00013588819295,0.0241880983451,"0.0,0.0","0.0,0.087,0.0","SE","11","Acap2",4.99995367090663,14.642413632747,13.4233874257104,11.1145087404601,15.7229388774019,14.5731631515561,15.3784380220569,NA,"rat","brain","GSE125483"
"14","ENSRNOG00000001813","+","Dnm1l","chr11",88855498,88855661,NA,NA,0.000116458714046,0.0230891235831,"0.952,0.915","1.0,0.977,1.0","SE","11","Dnm1l",40.7328120003789,58.0929298090186,49.951405812429,50.6916666301629,45.4541962175066,47.7028010149678,74.7587042197802,NA,"rat","brain","GSE125483"
"15","ENSRNOG00000001964","-","Cd47","chr11",53517374,53517407,NA,NA,1.35963462711e-11,5.52600833612e-08,"1.0,1.0","0.99,0.932,0.931","SE","11","Cd47",25.2788326736342,34.7149119847981,33.5578774812352,29.5660370114014,33.8124725790974,33.6851750301663,44.7798908349168,NA,"rat","brain","GSE125483"
"16","ENSRNOG00000002194","+","Coq2","chr14",10587199,10587366,NA,NA,0.000108152612857,0.0221994015067,"0.961,0.977","0.864,0.852,1.0","SE","14","Coq2",25.638412,21.862246,20.136799,23.075895,19.545811,19.841305,35.2882765,NA,"rat","brain","GSE125483"
"17","ENSRNOG00000002462","+","LOC108348055","chr10",49023054,49023166,NA,NA,0,0,"0.84,0.731","0.088,0.023,0.0","SE","10","LOC108348055",5.95405382101977,5.9224401685744,5.36061516753382,6.11723933506764,6.20852809885536,5.78457163319459,8.99686666233091,NA,"rat","brain","GSE125483"
"18","ENSRNOG00000002462","+","LOC108348055","chr10",49021663,49021732,49023054,49023166,1.43875284233e-05,0.00486298460708,"0.78,0.521","1.0,0.927,1.0","MXE","10","LOC108348055",5.95405382101977,5.9224401685744,5.36061516753382,6.11723933506764,6.20852809885536,5.78457163319459,8.99686666233091,NA,"rat","brain","GSE125483"
"19","ENSRNOG00000002652","-","Rap1gap2","chr10",61207936,61207930,NA,NA,5.26399146494e-10,6.7115891178e-08,"1.0,1.0","1.0,0.943,1.0","A3SS","10","Rap1gap2",52.8630844799474,48.8585613118562,50.1973362596976,51.6178821420118,31.1468826120973,40.6721094358975,76.6697639669077,NA,"rat","brain","GSE125483"
"20","ENSRNOG00000002749","+","Spag9","chr10",81781694,81781706,NA,NA,1.77072286001e-06,0.00107952119161,"0.0,0.0","0.0,0.036,0.0","SE","10","Spag9",42.5229128529931,73.9877568132211,74.2472981618026,61.9379736719153,52.2075237199674,63.227410940885,89.2243216690648,NA,"rat","brain","GSE125483"
"21","ENSRNOG00000002949","+","Pgs1","chr10",107021756,107021905,NA,NA,0.00023538200017,0.0345784666033,"1.0,1.0","0.988,0.902,1.0","SE","10","Pgs1",27.144413,23.54883,22.611052,25.140711,18.174171,20.3926115,37.916977,NA,"rat","brain","GSE125483"
"22","ENSRNOG00000003013","-","Rpgr","chrX",14295272,14295370,NA,NA,0.000332962545525,0.0427183233367,"0.846,1.0","0.902,1.0,1.0","SE","X","Rpgr",3.938391,5.335249,4.520262,4.799856,4.044543,4.2824025,7.036748,NA,"rat","brain","GSE125483"
"23","ENSRNOG00000003026","-","Rad23a","chr19",25952719,25952847,NA,NA,0.000251405330313,0.0358524583919,"1.0,1.0","1.0,0.924,0.95","SE","19","Rad23a",27.365274380597,20.5216339527363,20.6351789962687,22.8135234751244,16.6956509626866,18.6654149794776,35.3502159042288,NA,"rat","brain","GSE125483"
"24","ENSRNOG00000003827","-","Wipi1","chr10",97863147,97863248,NA,NA,0.000294113866539,0.0394080260957,"0.933,0.987","1.0,1.0,1.0","SE","10","Wipi1",8.212163,9.9585,10.266119,8.408645,13.520395,11.893257,13.289654,NA,"rat","brain","GSE125483"
"25","ENSRNOG00000003918","-","Slc25a19","chr10",104175291,104175461,NA,NA,0.000102924264804,0.0214522318078,"0.919,0.652","1.0,1.0,0.78","SE","10","Slc25a19",9.215872,8.574006,8.339527,8.479774,7.901771,8.120649,13.134826,NA,"rat","brain","GSE125483"
"26","ENSRNOG00000004275","+","Egfl6","chrX",29476574,29476655,NA,NA,9.14286824708e-05,0.0197307951392,"0.828,1.0","0.918,1.0,0.903","SE","X","Egfl6",2.77148998493976,3.9947073249247,2.42671061671687,2.62892072665663,2.26819546310241,2.34745303990964,4.69755901826055,NA,"rat","brain","GSE125483"
"27","ENSRNOG00000004344","-","Zdhhc3","chr8",132173637,132172949,NA,NA,6.87979764478e-05,0.0054694391276,"0.747,1.0","1.0,0.974,1.0","A5SS","8","Zdhhc3",16.3933039031835,14.7076090777814,13.7566136767312,14.8334918703643,15.0311086206104,14.3938611486708,22.9672024256646,NA,"rat","brain","GSE125483"
"28","ENSRNOG00000004518","-","Cacnb1","chr10",85964204,85964359,NA,NA,0.000120788123412,0.0231503498818,"0.653,1.0","0.896,1.0,1.0","SE","10","Cacnb1",47.481623854641,33.4263968295388,30.4725434296556,36.0529897326328,31.4246402253357,30.9485918274957,58.4805052084063,NA,"rat","brain","GSE125483"
"29","ENSRNOG00000004560","-","Cacna1b","chr3",1897128,1897220,1920014,1920154,0.000140952420939,0.0349374067367,"0.725,0.633","0.563,0.492,0.541","MXE","3","Cacna1b",9.62305137155868,15.1501160099358,14.2973624050921,13.2293506238874,8.87498649213413,11.5861744486131,19.0012590026909,NA,"rat","brain","GSE125483"
"30","ENSRNOG00000004606","-","Meis1","chr14",103240677,103240823,NA,NA,0.00029893137825,0.0396181553805,"1.0,1.0","0.696,0.799,1.0","SE","14","Meis1",1.587069,1.572785,1.360889,1.746247,1.036013,1.198451,2.4530505,NA,"rat","brain","GSE125483"
"31","ENSRNOG00000004731","-","Ano3","chr3",102073906,102073978,NA,NA,6.84777456064e-05,0.0163715520035,"0.971,0.92","1.0,0.991,1.0","SE","3","Ano3",17.549267,25.396208,22.089985,18.432262,29.405525,25.747755,30.6888685,NA,"rat","brain","GSE125483"
"32","ENSRNOG00000004819","+","Porcn","chrX",15039032,15039050,NA,NA,0.000289863062906,0.0390530422764,"0.906,1.0","1.0,1.0,1.0","SE","X","Porcn",32.40295,26.3283867524013,25.6380086371398,26.427814,32.485432,29.0617203185699,42.5795753762007,NA,"rat","brain","GSE125483"
"33","ENSRNOG00000004819","+","Porcn","chrX",15040719,15040734,NA,NA,0.000412801345497,0.0483969885158,"0.908,1.0","1.0,1.0,1.0","SE","X","Porcn",32.40295,26.3283867524013,25.6380086371398,26.427814,32.485432,29.0617203185699,42.5795753762007,NA,"rat","brain","GSE125483"
"34","ENSRNOG00000005034","-","Arhgef25","chr7",70471067,70471145,NA,NA,7.78222408968e-05,0.017571973764,"0.946,0.938","0.979,0.975,1.0","SE","7","Arhgef25",54.595486,38.433292,41.01936,43.780872,44.729218,42.874289,68.404825,NA,"rat","brain","GSE125483"
"35","ENSRNOG00000005530","-","Rps6kl1","chr6",108966504,108966552,NA,NA,1.38663125426e-09,3.07403543331e-06,"1.0,1.0","0.789,0.954,0.665","SE","6","Rps6kl1",26.615652,22.382553,22.97637,22.630787,16.20109,19.58873,35.814496,NA,"rat","brain","GSE125483"
"36","ENSRNOG00000006684","+","Zfp317","chr8",19887126,19887242,NA,NA,5.42372094839e-05,0.0134962101069,"1.0,1.0","0.897,0.859,1.0","SE","8","Zfp317",5.99781588940737,8.44343455576295,7.99894368548763,7.59035881707886,7.89676013532431,7.94785191040597,11.0158046311246,NA,"rat","brain","GSE125483"
"37","ENSRNOG00000006870","+","Mtdh","chr7",72809674,72809773,NA,NA,3.61141088573e-05,0.0101227432022,"0.79,1.0","0.109,0.065,1.0","SE","7","Mtdh",12.287513,15.978256,14.970513,14.917492,16.945326,15.9579195,21.5916305,NA,"rat","brain","GSE125483"
"38","ENSRNOG00000006978","+","Mterf2","chr7",24638548,24638636,NA,NA,0.000274569520908,0.0378285442761,"0.877,0.758","1.0,0.978,1.0","SE","7","Mterf2",6.352112,6.493892,5.639421,5.43308,4.82979,5.2346055,9.139542,NA,"rat","brain","GSE125483"
"39","ENSRNOG00000007100","+","Ccdc136","chr4",56696425,56696704,NA,NA,1.21924010338e-05,0.0049553981935,"0.701,1.0","1.0,1.0,1.0","SE","4","Ccdc136",17.938372,16.342533,13.650143,18.588976,13.402413,13.526278,26.4349405,NA,"rat","brain","GSE125483"
"40","ENSRNOG00000007160","+","Kat14","chr3",138522390,138522512,NA,NA,2.26179874303e-05,0.00728260337346,"0.815,0.855","1.0,0.976,1.0","SE","3","Kat14",2.506121,4.41552175873016,4.05188927380952,3.78551111111111,3.36018131111111,3.70603529246032,5.35357693492064,NA,"rat","brain","GSE125483"
"41","ENSRNOG00000007206","+","LOC361016","chr15",17841166,17841498,17872838,17873042,6.34980956704e-12,2.36085919703e-08,"0.034,0.023","0.135,0.055,0.083","MXE","15","LOC361016",12.0380372203074,14.5323946604565,13.9073172594318,13.187344316721,24.2350013432697,19.0711593013508,19.8788880987425,NA,"rat","brain","GSE125483"
"42","ENSRNOG00000007206","+","LOC361016","chr15",17837133,17837256,NA,NA,0.000404757340134,0.0483969885158,"1.0,1.0","0.846,0.797,1.0","SE","15","LOC361016",12.0380372203074,14.5323946604565,13.9073172594318,13.187344316721,24.2350013432697,19.0711593013508,19.8788880987425,NA,"rat","brain","GSE125483"
"43","ENSRNOG00000007400","+","Srebf2","chr7",123401621,123401723,NA,NA,0.000932171938264,0.0443436509015,"0.027,1.0","1.0,1.0,1.0","RI","7","Srebf2",42.767497248654,36.2996961415753,37.4422584769691,37.3906776526421,33.9889030045862,35.7155807407777,58.2289355214357,NA,"rat","brain","GSE125483"
"44","ENSRNOG00000007434","+","Ube2j1","chr5",48281198,48281283,48282405,48282511,4.0555309222e-08,3.76961599218e-05,"0.014,0.132","0.011,0.011,0.0","MXE","5","Ube2j1",34.6477002060836,33.2219779939164,30.7690788798479,33.5593334334601,32.0342978410646,31.4016883604562,50.71450581673,NA,"rat","brain","GSE125483"
"45","ENSRNOG00000007733","-","Arhgef9","chrX",64273581,64273690,NA,NA,0.000126523530209,0.0231503498818,"0.038,0.047","0.035,0.176,0.053","SE","X","Arhgef9",87.8825765066615,86.1640988084572,87.8396153099054,82.1898179795327,101.286998898629,94.5633071042672,128.118246647326,NA,"rat","brain","GSE125483"
"46","ENSRNOG00000007733","-","Arhgef9","chrX",64275126,64275188,NA,NA,0.000243790070647,0.0353872896595,"0.061,0.022","0.195,0.155,0.186","SE","X","Arhgef9",87.8825765066615,86.1640988084572,87.8396153099054,82.1898179795327,101.286998898629,94.5633071042672,128.118246647326,NA,"rat","brain","GSE125483"
"47","ENSRNOG00000007896","-","Klhl38","chr7",98194869,98196217,NA,NA,0.000268747728778,0.0374496120799,"0.048,1.0","1.0,1.0,1.0","SE","7","Klhl38",0.110461,0.138093415254237,0.155709788135593,0.165288,0.073454,0.114581894067797,0.206921207627118,NA,"rat","brain","GSE125483"
"48","ENSRNOG00000008106","-","Shmt2","chr7",70827713,70827793,NA,NA,6.21689101721e-06,0.00303210208691,"0.992,0.977","0.914,0.885,0.902","SE","7","Shmt2",11.655105,11.170838,11.246041,12.114385,9.653474,10.4497575,17.470164,NA,"rat","brain","GSE125483"
"49","ENSRNOG00000008414","-","Bsg","chr7",12878490,12878838,NA,NA,0.00033242958625,0.0427183233367,"0.001,0.012","0.027,0.001,0.024","SE","7","Bsg",314.124624036079,241.909598491281,237.574782288034,254.952946250752,245.09547044558,241.335126366807,405.493584389056,NA,"rat","brain","GSE125483"
"50","ENSRNOG00000008600","-","Sytl1","chr5",151451080,151451180,NA,NA,0.000288508560247,0.0390530422764,"1.0,1.0","0.806,0.769,1.0","SE","5","Sytl1",1.55631635947095,0.793062153046764,0.738288380727445,1.40735265281058,0.263007696740671,0.500648038734058,1.87836558266415,NA,"rat","brain","GSE125483"
"51","ENSRNOG00000008628","-","Ica1","chr4",34656369,34656432,NA,NA,0.000205071373462,0.0322636807306,"0.543,0.428","0.665,0.679,0.595","SE","4","Ica1",20.1889758348175,16.8549755298308,16.8760292564559,18.0313999732858,18.9969170503117,17.9364731533838,27.5376756689671,NA,"rat","brain","GSE125483"
"52","ENSRNOG00000008725","-","Slc37a3","chr4",67141363,67141447,NA,NA,0.000209604460813,0.0323507239328,"0.873,0.865","0.953,0.973,1.0","SE","4","Slc37a3",16.665936,17.543333,15.785172,15.901446,14.071356,14.928264,25.0553575,NA,"rat","brain","GSE125483"
"53","ENSRNOG00000008757","+","Tmem218","chr8",39698742,39698845,NA,NA,3.88010949374e-05,0.0105133722349,"0.892,0.84","0.963,0.973,0.949","SE","8","Tmem218",18.076588,16.537474,15.70319,18.015726,14.715542,15.209366,26.314894,NA,"rat","brain","GSE125483"
"54","ENSRNOG00000008782","+","Pnisr","chr5",36011880,36011934,NA,NA,1.10831749586e-05,0.00465990180242,"0.973,0.952","1.0,1.0,1.0","SE","5","Pnisr",63.127903,73.797348,76.135986,73.777901,89.015343,82.5756645,105.351576,NA,"rat","brain","GSE125483"
"55","ENSRNOG00000009029","+","Nptn","chr8",63443327,63443349,NA,NA,0.000176218277044,0.0289656394524,"1.0,0.649","1.0,1.0,0.948","SE","8","Nptn",242.133681634509,203.836476074798,194.474371764556,198.100004039524,182.357678966851,188.416025365703,322.035080874415,NA,"rat","brain","GSE125483"
"56","ENSRNOG00000009084","-","Rpusd3","chr4",145369209,145369309,NA,NA,1.02417035963e-08,1.53761962959e-05,"0.217,0.454","1.0,1.0,1.0","SE","4","Rpusd3",6.599475,4.864379,3.76178,5.452082,3.730895,3.7463375,8.457968,NA,"rat","brain","GSE125483"
"57","ENSRNOG00000009491","+","Phc3","chr2",116064841,116065563,NA,NA,0.000459288914289,0.0258207687928,"0.623,1.0","1.0,1.0,1.0","A3SS","2","Phc3",0.215241091034483,6.509684904,6.00088539944828,4.93477422289655,5.75563194041379,5.87825866993103,5.82985010896552,NA,"rat","brain","GSE125483"
"58","ENSRNOG00000009533","+","Erich3","chr2",261022720,261022954,NA,NA,0.000270642213313,0.0374993239423,"0.0,1.0","1.0,1.0,1.0","SE","2","Erich3",3.619393,6.737308,5.879021,5.950606,4.794542,5.3367815,8.1536535,NA,"rat","brain","GSE125483"
"59","ENSRNOG00000009571","+","Wipf3","chr4",84660318,84660420,NA,NA,0.000297778557391,0.0396181553805,"0.91,0.911","0.875,1.0,1.0","SE","4","Wipf3",20.4581422325581,24.1466167602862,25.7185197030411,7.88115095706619,82.0954739275492,53.9069968152951,26.2429549749552,NA,"rat","brain","GSE125483"
"60","ENSRNOG00000009582","+","Rpe65","chr2",266153464,266153572,NA,NA,0.000212266544207,0.0325555468367,"0.793,0.959","1.0,1.0,1.0","SE","2","Rpe65",1.418942,2.298405,2.229253,2.80272,3.111721,2.670487,3.2600335,NA,"rat","brain","GSE125483"
"61","ENSRNOG00000009582","+","Rpe65","chr2",266159301,266159434,NA,NA,6.24256621943e-05,0.0152231219827,"0.571,0.8","1.0,0.914,1.0","SE","2","Rpe65",1.418942,2.298405,2.229253,2.80272,3.111721,2.670487,3.2600335,NA,"rat","brain","GSE125483"
"62","ENSRNOG00000009712","+","Gale","chr5",154313608,154313722,NA,NA,0.000161524617087,0.0275450301558,"1.0,1.0","1.0,0.885,0.934","SE","5","Gale",9.16505849785408,6.46420938626609,6.50736445922747,7.57373114592275,4.80095582403434,5.65416014163091,11.6014995150215,NA,"rat","brain","GSE125483"
"63","ENSRNOG00000009778","+","Tmem59","chr5",126797069,126797151,126800680,126800789,4.16361856921e-05,0.0129002782003,"0.0,0.031","0.069,0.002,0.046","MXE","5","Tmem59",138.326111,129.551285,128.381409,140.525421,113.884682,121.1330455,204.2014085,NA,"rat","brain","GSE125483"
"64","ENSRNOG00000009882","+","Ppp3ca","chr2",242180993,242181023,NA,NA,2.83568668547e-09,5.37612008274e-06,"0.755,0.681","0.861,0.804,0.884","SE","2","Ppp3ca",147.690735,147.001587,165.965073,128.304306,236.188126,201.0765995,211.498314,NA,"rat","brain","GSE125483"
"65","ENSRNOG00000009882","+","Ppp3ca","chr2",242177863,242177961,242180993,242181023,5.50365359941e-06,0.00227362045362,"0.759,0.856","0.715,0.7,0.676","MXE","2","Ppp3ca",147.690735,147.001587,165.965073,128.304306,236.188126,201.0765995,211.498314,NA,"rat","brain","GSE125483"
"66","ENSRNOG00000010390","-","Hmbs","chr8",48672095,48672168,NA,NA,4.11142665938e-05,0.0107807796253,"0.915,0.963","1.0,1.0,1.0","SE","8","Hmbs",7.42810945238095,7.12055254761905,7.45650379285714,7.02618934880952,6.86800708333333,7.16225543809523,10.7874256744048,NA,"rat","brain","GSE125483"
"67","ENSRNOG00000010479","-","Mycbp2","chr15",93735787,93735943,NA,NA,1.44807433792e-05,0.0056051969531,"1.0,1.0","1.0,0.827,1.0","SE","15","Mycbp2",12.7705011326422,22.7011166583599,21.1839630463184,19.4083674223817,19.1048107949229,20.1443869206207,27.4399926066919,NA,"rat","brain","GSE125483"
"68","ENSRNOG00000010533","-","Arfip1","chr2",183535786,183535861,NA,NA,6.45041369429e-06,0.00308430957547,"0.009,0.0","0.034,0.082,0.075","SE","2","Arfip1",5.08939945037353,6.87068625080043,6.49775061099253,6.03622895090715,6.10901255763074,6.30338158431164,8.99815732604056,NA,"rat","brain","GSE125483"
"69","ENSRNOG00000010537","-","Dis3l","chr8",69793754,69793890,NA,NA,0.000131044646594,0.0234974614106,"0.787,0.943","1.0,0.96,1.0","SE","8","Dis3l",7.219209,7.846014,6.929111,6.703234,6.50771,6.7184105,10.8842285,NA,"rat","brain","GSE125483"
"70","ENSRNOG00000010815","-","Elf2","chr2",140322638,140322602,NA,NA,3.47678422989e-05,0.00295526659541,"0.074,0.064","0.29,0.159,0.316","A3SS","2","Elf2",6.76945678391207,6.80957364901324,3.63880566175368,7.15456919935049,4.52550948113915,4.08215757144642,10.3667998161379,NA,"rat","brain","GSE125483"
"71","ENSRNOG00000010881","-","Trak2","chr9",65704107,65704213,NA,NA,3.15221906355e-08,3.84350070419e-05,"0.69,0.756","0.905,0.816,0.897","SE","9","Trak2",48.6216087500414,53.9070475726354,66.5728237773729,55.146014994865,63.4862790969024,65.0295514371377,78.8373356587709,NA,"rat","brain","GSE125483"
"72","ENSRNOG00000011000","-","Rims1","chr9",28558773,28558845,NA,NA,1.8969943838e-07,0.000178282125019,"0.916,0.969","0.957,1.0,1.0","SE","9","Rims1",33.4463347061127,41.6046065293717,48.7738130546569,41.4731684871446,30.5952285962881,39.6845208254725,58.2620548613145,NA,"rat","brain","GSE125483"
"73","ENSRNOG00000011435","+","Osbpl10","chr8",123131185,123131265,NA,NA,4.03817055317e-06,0.00214075711108,"0.894,1.0","1.0,1.0,1.0","SE","8","Osbpl10",14.070882,9.483029,10.402578,10.12937,5.541256,7.971917,16.8416405,NA,"rat","brain","GSE125483"
"74","ENSRNOG00000011621","-","LOC100911576","chr15",28495982,28495943,NA,NA,0.000359838603714,0.0190714459968,"0.026,0.346","0.492,0.279,0.235","A5SS","15","LOC100911576",52.4113567062396,51.6805195118719,51.1639028879072,49.5149688094975,50.7425945775814,50.9532487327443,76.8034225138045,NA,"rat","brain","GSE125483"
"75","ENSRNOG00000011653","+","Washc2c","chr4",148190747,148190846,NA,NA,3.00152820092e-05,0.00920613613668,"0.965,1.0","0.979,0.673,0.928","SE","4","Washc2c",36.9269868796898,37.4230735481602,35.6982209029582,38.803564087482,36.8322576663059,36.265239284632,56.576812257666,NA,"rat","brain","GSE125483"
"76","ENSRNOG00000011684","+","Auh","chr17",12341779,12341866,12351034,12351127,7.86914278557e-05,0.020898194912,"0.009,0.058","0.145,0.007,0.105","MXE","17","Auh",48.239723,38.963028,37.262157,38.027958,36.52084,36.8914985,62.6153545,NA,"rat","brain","GSE125483"
"77","ENSRNOG00000011841","+","Map2","chr9",73429544,73433288,NA,NA,1.14395209749e-07,0.000126801890225,"1.0,1.0","1.0,0.788,1.0","SE","9","Map2",96.6098429653069,159.969586346531,141.132902423915,146.305402411218,130.800770539692,135.966836481804,201.442415861528,NA,"rat","brain","GSE125483"
"78","ENSRNOG00000011841","+","Map2","chr9",73429556,73433288,NA,NA,6.15172148888e-07,0.000468799625712,"1.0,1.0","1.0,0.749,1.0","SE","9","Map2",96.6098429653069,159.969586346531,141.132902423915,146.305402411218,130.800770539692,135.966836481804,201.442415861528,NA,"rat","brain","GSE125483"
"79","ENSRNOG00000011847","-","Grk4","chr14",81270600,81270738,NA,NA,0.000109240063184,0.0221994015067,"0.704,1.0","1.0,0.953,1.0","SE","14","Grk4",2.056603,2.326879,2.157905,2.018927,2.303033,2.230469,3.2012045,NA,"rat","brain","GSE125483"
"80","ENSRNOG00000011847","-","Grk4","chr14",81268612,81268750,NA,NA,0.000126992321151,0.0231503498818,"0.619,1.0","1.0,0.954,1.0","SE","14","Grk4",2.056603,2.326879,2.157905,2.018927,2.303033,2.230469,3.2012045,NA,"rat","brain","GSE125483"
"81","ENSRNOG00000011910","+","Hnrnpr","chr5",154674360,154674468,154676664,154676778,2.09381090244e-09,3.89239446764e-06,"0.524,0.616","0.692,0.994,0.733","MXE","5","Hnrnpr",20.369431,25.346487,25.954437,20.779312,24.23077,25.0926035,33.247615,NA,"rat","brain","GSE125483"
"82","ENSRNOG00000011910","+","Hnrnpr","chr5",154676664,154676778,NA,NA,6.53736973218e-05,0.0157841879494,"0.987,1.0","1.0,0.909,1.0","SE","5","Hnrnpr",20.369431,25.346487,25.954437,20.779312,24.23077,25.0926035,33.247615,NA,"rat","brain","GSE125483"
"83","ENSRNOG00000011962","-","Gin1","chr9",111210892,111211086,NA,NA,0.000284050664483,0.038697539129,"0.866,0.766","0.852,1.0,1.0","SE","9","Gin1",2.7081225627895,2.93362674935667,2.71310573932064,2.65167921487391,2.53888664539372,2.62599619235718,4.14671426351004,NA,"rat","brain","GSE125483"
"84","ENSRNOG00000012346","-","Epb41l2","chr1",20909566,20909713,NA,NA,2.865970683e-09,5.37612008274e-06,"0.003,0.073","0.188,0.035,0.16","SE","1","Epb41l2",18.3984796211615,25.9078795413885,28.7546729529373,26.8752475894526,24.06331988251,26.4089964177236,35.5908033760013,NA,"rat","brain","GSE125483"
"85","ENSRNOG00000012729","-","Mfsd8","chr2",127718478,127718534,NA,NA,8.73316358582e-05,0.0190580453472,"0.713,0.865","1.0,0.933,1.0","SE","2","Mfsd8",2.97010899603779,5.6942170533374,3.89429063242914,3.39794165132581,3.6303008954587,3.76229576394392,6.0311338503505,NA,"rat","brain","GSE125483"
"86","ENSRNOG00000012729","-","Mfsd8","chr2",127719724,127719869,NA,NA,0.000206847197533,0.0323344599938,"0.622,0.859","1.0,0.904,1.0","SE","2","Mfsd8",2.97010899603779,5.6942170533374,3.89429063242914,3.39794165132581,3.6303008954587,3.76229576394392,6.0311338503505,NA,"rat","brain","GSE125483"
"87","ENSRNOG00000012729","-","Mfsd8","chr2",127719724,127719869,NA,NA,0.000108773926411,0.0221994015067,"1.0,1.0","1.0,0.851,1.0","SE","2","Mfsd8",2.97010899603779,5.6942170533374,3.89429063242914,3.39794165132581,3.6303008954587,3.76229576394392,6.0311338503505,NA,"rat","brain","GSE125483"
"88","ENSRNOG00000012734","-","Dcun1d1","chr2",122504480,122504611,NA,NA,2.52126097777e-11,8.78335288627e-08,"0.779,0.714","0.923,1.0,1.0","SE","2","Dcun1d1",8.93738703989462,9.9543701825367,8.45758615355664,8.86503969363944,11.9315826676703,10.1945844106135,13.8783984580354,NA,"rat","brain","GSE125483"
"89","ENSRNOG00000012852","+","Bin1","chr18",25216930,25217038,NA,NA,0.000172087715013,0.0288249502382,"0.855,0.883","0.952,0.907,0.943","SE","18","Bin1",126.206973982595,113.34790575,118.403060621835,119.490468365506,113.93343796519,116.168249293513,179.52267404905,NA,"rat","brain","GSE125483"
"90","ENSRNOG00000012891","-","Mdh1b","chr9",70436120,70436284,NA,NA,0.000230921713243,0.0341545554066,"1.0,1.0","0.547,0.602,0.475","SE","9","Mdh1b",0.701131246669204,1.42048827141226,1.37830074533689,1.29697613741911,1.35674951351351,1.3675251294252,1.70929782775029,NA,"rat","brain","GSE125483"
"91","ENSRNOG00000013135","+","Ptpn12","chr4",10655702,10655811,NA,NA,0.000138441760968,0.0244640636447,"0.929,0.839","1.0,1.0,0.943","SE","4","Ptpn12",13.2730884570276,14.1423250809805,13.5246347502327,13.230139419485,13.495226696556,13.5099307233943,20.3227764787466,NA,"rat","brain","GSE125483"
"92","ENSRNOG00000013408","+","Npas2","chr9",46030440,46030561,NA,NA,2.76658318121e-06,0.00156897435946,"0.924,0.965","1.0,1.0,1.0","SE","9","Npas2",35.691891,28.077719,31.392921,34.480228,23.231998,27.3124595,49.124919,NA,"rat","brain","GSE125483"
"93","ENSRNOG00000013745","-","Ctrc","chr5",160402219,160402311,NA,NA,7.26444585611e-05,0.0169282903831,"0.753,1.0","1.0,1.0,1.0","SE","5","Ctrc",1.23764269282137,1.05720954924875,1.79935903839733,2.29303193989983,0.98241089148581,1.39088496494157,2.29394209098498,NA,"rat","brain","GSE125483"
"94","ENSRNOG00000014002","+","St7l","chr2",207356977,207357143,NA,NA,5.71769701295e-05,0.0140840160967,"0.902,1.0","0.983,0.984,1.0","SE","2","St7l",12.2329484618603,11.4673227962665,11.533150636627,12.4122790350821,9.28585646861925,10.4095035526231,18.0562751466044,NA,"rat","brain","GSE125483"
"95","ENSRNOG00000014080","-","Kif23","chr8",66873018,66873330,NA,NA,1.10352389759e-06,0.000747514826851,"1.0,1.0","0.382,0.54,0.481","SE","8","Kif23",0.770008899643705,0.735892549881235,1.22099430195962,1.22737528622328,0.646947417755344,0.933970859857482,1.36663836787411,NA,"rat","brain","GSE125483"
"96","ENSRNOG00000014083","-","Iqsec3","chr4",153962028,153962154,NA,NA,0.000245429322764,0.0354144347037,"0.351,1.0","1.0,1.0,1.0","SE","4","Iqsec3",38.8608123171413,31.7456956889806,32.3147618960607,31.1320778430929,29.8369077753527,31.0758348357067,50.8692929246074,NA,"rat","brain","GSE125483"
"97","ENSRNOG00000014139","-","Sclt1","chr2",128636506,128636642,NA,NA,0.000363716507003,0.0450233032476,"0.779,0.843","1.0,0.926,1.0","SE","2","Sclt1",4.839303,4.266865,4.492753,3.74597,5.038251,4.765502,6.426069,NA,"rat","brain","GSE125483"
"98","ENSRNOG00000014168","+","Xylb","chr8",128047929,128047999,NA,NA,2.57060452924e-08,3.29930326579e-05,"0.72,0.779","1.0,1.0,1.0","SE","8","Xylb",3.694892,3.62367,3.699315,3.482805,3.026314,3.3628145,5.4006835,NA,"rat","brain","GSE125483"
"99","ENSRNOG00000014288","-","Fn1","chr9",78928840,78929113,NA,NA,2.24021207051e-06,0.00133243442808,"0.049,0.059","0.164,0.091,0.158","SE","9","Fn1",15.4552691159886,10.0248116366881,14.127723334404,11.3429411288365,9.15680183333333,11.6422625838687,18.4115109407566,NA,"rat","brain","GSE125483"
"100","ENSRNOG00000014368","+","Eif4g3","chr5",156453510,156453531,NA,NA,1.94813410626e-05,0.00674039968747,"0.767,0.851","0.832,1.0,0.768","SE","5","Eif4g3",41.5939334036845,37.7926152377035,38.5554526624933,37.4877475392595,35.8460365188696,37.2007445906815,58.4371480903238,NA,"rat","brain","GSE125483"
"101","ENSRNOG00000014798","-","RGD1309540","chr3",80100399,80100485,NA,NA,4.39510645334e-06,0.00228040565896,"1.0,0.98","0.953,0.944,0.942","SE","3","RGD1309540",68.446945,62.825764,54.310017,64.898766,55.522903,54.91646,98.0857375,NA,"rat","brain","GSE125483"
"102","ENSRNOG00000014798","-","RGD1309540","chr3",80098448,80098558,NA,NA,1.70547570059e-05,0.00611613682862,"1.0,0.987","0.966,0.958,0.959","SE","3","RGD1309540",68.446945,62.825764,54.310017,64.898766,55.522903,54.91646,98.0857375,NA,"rat","brain","GSE125483"
"103","ENSRNOG00000014937","-","Lrrc71","chr2",187105603,187105982,NA,NA,0.00103727838366,0.0443436509015,"0.0,1.0","1.0,0.0,1.0","RI","2","Lrrc71",1.17253145939295,0.46672358791359,0.698862513809133,0.827618571506699,0.503628004101723,0.601245258955428,1.23343680940662,NA,"rat","brain","GSE125483"
"104","ENSRNOG00000015021","-","Naxd","chr16",83333876,83333965,NA,NA,2.09968441529e-05,0.00702778317804,"0.667,0.762","0.896,0.828,0.888","SE","16","Naxd",17.082214,14.955537,14.855338,18.80588,10.315949,12.5856435,25.4218155,NA,"rat","brain","GSE125483"
"105","ENSRNOG00000015030","-","Tjp2","chr1",241951860,241952073,NA,NA,7.35831534735e-05,0.0169282903831,"0.878,1.0","1.0,0.989,1.0","SE","1","Tjp2",8.340987,10.273367,11.587274,9.447447,11.142277,11.3647755,14.0309005,NA,"rat","brain","GSE125483"
"106","ENSRNOG00000015054","+","Rcbtb2","chr15",55046517,55046611,NA,NA,0.000158675484321,0.0274332229196,"0.0,1.0","1.0,1.0,1.0","SE","15","Rcbtb2",7.25211167098943,7.77626775648415,6.78563269020173,6.91327725504323,5.20951865417867,5.9975756721902,10.9708283412584,NA,"rat","brain","GSE125483"
"107","ENSRNOG00000015230","+","Ermard","chr1",56987906,56988004,NA,NA,7.32511855347e-05,0.0169282903831,"1.0,1.0","0.944,0.855,1.0","SE","1","Ermard",6.9676,8.686863,9.220789,9.10179,7.577793,8.399291,12.3781265,NA,"rat","brain","GSE125483"
"108","ENSRNOG00000015230","+","Ermard","chr1",56989337,56989452,NA,NA,0.00012244116088,0.0231503498818,"1.0,1.0","0.908,0.62,1.0","SE","1","Ermard",6.9676,8.686863,9.220789,9.10179,7.577793,8.399291,12.3781265,NA,"rat","brain","GSE125483"
"109","ENSRNOG00000015428","+","Mff","chr9",90901832,90901865,NA,NA,0.000255845655092,0.036273558983,"1.0,1.0","0.438,0.959,1.0","SE","9","Mff",59.8948280553776,50.7277750713959,45.3202975318078,57.5537595048055,51.7271929940503,48.5237452629291,84.0881813157895,NA,"rat","brain","GSE125483"
"110","ENSRNOG00000015428","+","Mff","chr9",90903419,90903479,NA,NA,0.000367463290796,0.0452573727745,"0.961,1.0","0.593,0.813,1.0","SE","9","Mff",59.8948280553776,50.7277750713959,45.3202975318078,57.5537595048055,51.7271929940503,48.5237452629291,84.0881813157895,NA,"rat","brain","GSE125483"
"111","ENSRNOG00000015428","+","Mff","chr9",90903419,90903479,NA,NA,3.95388943808e-10,1.00594776196e-06,"0.633,0.182","0.947,0.851,0.98","SE","9","Mff",59.8948280553776,50.7277750713959,45.3202975318078,57.5537595048055,51.7271929940503,48.5237452629291,84.0881813157895,NA,"rat","brain","GSE125483"
"112","ENSRNOG00000015473","-","Phactr2","chr1",7405322,7405403,NA,NA,0.000128393834289,0.0231926817998,"0.959,1.0","0.318,0.846,0.837","SE","1","Phactr2",1.77001126225366,3.17701495300657,2.05680071551289,2.93586027690753,1.45191219807984,1.75435645679636,3.94144324608388,NA,"rat","brain","GSE125483"
"113","ENSRNOG00000015476","+","Ubxn11","chr5",152343568,152343623,NA,NA,3.6629115136e-05,0.0101504272921,"0.86,0.798","1.0,1.0,1.0","SE","5","Ubxn11",10.68088,8.495206,9.540713,12.127979,5.663903,7.602308,15.6520325,NA,"rat","brain","GSE125483"
"114","ENSRNOG00000015658","-","Sorbs1","chr1",259469135,259469248,NA,NA,3.50990376941e-05,0.0100697074495,"0.985,1.0","0.915,0.914,0.9","SE","1","Sorbs1",10.9697850407091,19.8121323880499,17.606378864084,16.3614968647406,15.6908725574524,16.6486257107682,23.5717071467498,NA,"rat","brain","GSE125483"
"115","ENSRNOG00000015970","+","Tbc1d13","chr3",8704546,8704587,NA,NA,0.000305853641394,0.040146523138,"0.932,0.974","1.0,1.0,1.0","SE","3","Tbc1d13",11.096984,10.3219,9.406734,10.42285,8.628602,9.017668,15.920867,NA,"rat","brain","GSE125483"
"116","ENSRNOG00000016000","-","LOC100911417","chr2",208409824,208410004,NA,NA,3.99443586055e-05,0.0106398965659,"1.0,1.0","0.139,0.79,1.0","SE","2","LOC100911417",48.6930712045565,50.4839847077072,44.9930539631604,48.5310322438197,47.2693381032477,46.131196033204,73.8540440780417,NA,"rat","brain","GSE125483"
"117","ENSRNOG00000016244","+","Mical2","chr1",177155436,177155562,NA,NA,5.79116594124e-07,0.000455559266591,"0.964,0.977","1.0,1.0,1.0","SE","1","Mical2",110.453467319512,81.0690536159871,93.4761149479383,95.9870192561622,81.5467540092145,87.5114344785764,143.754770095831,NA,"rat","brain","GSE125483"
"118","ENSRNOG00000016334","-","Ptbp3","chr5",76684873,76684951,NA,NA,0.000182356556453,0.0296463132378,"0.853,1.0","1.0,0.983,1.0","SE","5","Ptbp3",0.740140293305728,4.01552850414079,3.66767287198068,2.46578324120083,3.42234923257419,3.54501105227744,3.61072601932367,NA,"rat","brain","GSE125483"
"119","ENSRNOG00000016465","+","Trmu","chr7",126761555,126761662,NA,NA,0.000306210666106,0.040146523138,"0.871,0.962","1.0,0.972,1.0","SE","7","Trmu",4.04094741514041,4.32339361721612,4.57367072832723,4.4304273962149,3.32864019352869,3.95115546092796,6.39738421428572,NA,"rat","brain","GSE125483"
"120","ENSRNOG00000016516","+","Mbp","chr18",79424842,79424938,79430361,79430484,0.000276989231349,0.0490402839122,"0.872,0.896","0.828,0.873,0.831","MXE","18","Mbp",956.637519719964,1092.29946813319,1725.41353078997,1076.32799155443,2706.39704948354,2215.90529013675,1562.63248970379,NA,"rat","brain","GSE125483"
"121","ENSRNOG00000016516","+","Mbp","chr18",79413264,79413342,79424842,79424938,3.82546964306e-06,0.00177788701661,"0.08,0.035","0.073,0.084,0.086","MXE","18","Mbp",956.637519719964,1092.29946813319,1725.41353078997,1076.32799155443,2706.39704948354,2215.90529013675,1562.63248970379,NA,"rat","brain","GSE125483"
"122","ENSRNOG00000016516","+","Mbp","chr18",79426817,79426853,NA,NA,2.64099837366e-06,0.00153341396048,"0.722,1.0","1.0,1.0,0.93","SE","18","Mbp",956.637519719964,1092.29946813319,1725.41353078997,1076.32799155443,2706.39704948354,2215.90529013675,1562.63248970379,NA,"rat","brain","GSE125483"
"123","ENSRNOG00000016545","+","Ift140","chr10",14410312,14410481,NA,NA,1.47238280813e-05,0.0056102386186,"0.826,0.935","1.0,0.981,1.0","SE","10","Ift140",7.352911,8.701934,8.733155,8.852785,7.077028,7.9050915,12.453815,NA,"rat","brain","GSE125483"
"124","ENSRNOG00000016545","+","Ift140","chr10",14411279,14411411,NA,NA,1.93623277794e-05,0.00674039968747,"0.874,0.93","1.0,0.988,1.0","SE","10","Ift140",7.352911,8.701934,8.733155,8.852785,7.077028,7.9050915,12.453815,NA,"rat","brain","GSE125483"
"125","ENSRNOG00000016628","+","Scgn","chr17",43391507,43391567,NA,NA,1.90081819507e-07,0.000178282125019,"0.684,0.634","1.0,1.0,1.0","SE","17","Scgn",0.946844,0.834779,0.951599,0.276209,1.843325,1.397462,1.028916,NA,"rat","brain","GSE125483"
"126","ENSRNOG00000016635","+","LOC361646","chr1",197183956,197184221,NA,NA,0.000201305811432,0.0318769059583,"0.818,0.764","1.0,1.0,0.878","SE","1","LOC361646",2.61960118164848,2.98814863569788,2.75935842734061,2.5343978947444,1.97670292805859,2.3680306776996,4.07107385604538,NA,"rat","brain","GSE125483"
"127","ENSRNOG00000016697","+","Lrrc56","chr1",214186494,214186582,NA,NA,1.58704466904e-05,0.00586388959079,"0.628,1.0","1.0,1.0,1.0","SE","1","Lrrc56",3.223289,2.26310831986848,2.72548371723814,3.41616,2.190733,2.45810835861907,4.45127865993424,NA,"rat","brain","GSE125483"
"128","ENSRNOG00000016697","+","Lrrc56","chr1",214187850,214187911,NA,NA,1.96247181912e-05,0.00674039968747,"0.67,1.0","1.0,1.0,1.0","SE","1","Lrrc56",3.223289,2.26310831986848,2.72548371723814,3.41616,2.190733,2.45810835861907,4.45127865993424,NA,"rat","brain","GSE125483"
"129","ENSRNOG00000016698","+","Rnmt","chr18",64097777,64097942,NA,NA,0.000229093440738,0.0341545554066,"0.989,1.0","0.88,0.951,0.975","SE","18","Rnmt",13.100725,15.033549,13.388006,14.597309,11.987835,12.6879205,21.3657915,NA,"rat","brain","GSE125483"
"130","ENSRNOG00000016716","+","Armc3","chr17",86002638,86002801,NA,NA,0.000261189837743,0.0368171987468,"0.586,0.68","1.0,1.0,1.0","SE","17","Armc3",0.062819,0.106,0.073259,0.066168,0.090642,0.0819505,0.1174935,NA,"rat","brain","GSE125483"
"131","ENSRNOG00000016818","-","Fgfr3","chr14",82277083,82277228,82277925,82278076,0.000251811622215,0.0468117805698,"0.021,0.07","0.127,0.034,0.094","MXE","14","Fgfr3",33.9957567576096,32.5067818050824,31.1045445012566,35.9231977366657,23.0847249701201,27.0946347356884,51.2128681496788,NA,"rat","brain","GSE125483"
"132","ENSRNOG00000017258","-","Ica1l","chr9",66794814,66794889,NA,NA,0.000400920956659,0.0483969885158,"1.0,1.0","0.549,0.85,1.0","SE","9","Ica1l",7.859128,7.305944,7.467753,7.977636,6.390185,6.928969,11.571354,NA,"rat","brain","GSE125483"
"133","ENSRNOG00000017420","-","Nudt6","chr2",124141426,124141482,NA,NA,9.40258908877e-06,0.00409449174141,"0.497,1.0","1.0,1.0,1.0","SE","2","Nudt6",5.23575,6.697853,6.818787,6.848621,5.620675,6.219731,9.391112,NA,"rat","brain","GSE125483"
"134","ENSRNOG00000017538","+","Lrrc27","chr1",211552642,211552701,NA,NA,3.76756054083e-05,0.0103231158819,"0.754,1.0","1.0,1.0,1.0","SE","1","Lrrc27",1.35150889587505,1.06122256307569,1.09224559271125,1.11989717701241,1.07094794593512,1.08159676932318,1.76631431798158,NA,"rat","brain","GSE125483"
"135","ENSRNOG00000017608","+","C2cd3","chr1",165388720,165388878,NA,NA,0.000126607669763,0.0231503498818,"0.907,0.777","1.0,0.979,1.0","SE","1","C2cd3",4.21853,4.92278,5.254157,4.436111,5.020372,5.1372645,6.7887105,NA,"rat","brain","GSE125483"
"136","ENSRNOG00000017689","-","Itih3","chr16",6997098,6997125,NA,NA,1.53371448134e-05,0.00575402482184,"0.966,1.0","1.0,0.56,0.653","SE","16","Itih3",122.289178550797,144.894005606574,136.307012898406,163.429887585657,91.5737851145418,113.940399006474,215.306535871514,NA,"rat","brain","GSE125483"
"137","ENSRNOG00000017689","-","Itih3","chr16",6997098,6997128,NA,NA,2.55417120217e-05,0.00808909336833,"0.948,1.0","1.0,0.457,0.584","SE","16","Itih3",122.289178550797,144.894005606574,136.307012898406,163.429887585657,91.5737851145418,113.940399006474,215.306535871514,NA,"rat","brain","GSE125483"
"138","ENSRNOG00000017731","-","Agpat4","chr1",48740377,48740547,NA,NA,8.52855014877e-06,0.00385143007274,"0.955,0.938","1.0,0.993,0.975","SE","1","Agpat4",33.4131241516096,35.8368850301142,32.2110430477674,36.7988728411215,36.3498990924195,34.2804710700934,53.0244410114227,NA,"rat","brain","GSE125483"
"139","ENSRNOG00000017737","-","Dgkz","chr3",80854572,80854650,NA,NA,1.64983214528e-05,0.00600489652161,"0.588,0.544","1.0,0.811,1.0","SE","3","Dgkz",176.105798047336,133.045156633487,164.681307859345,145.769211473898,183.314340631323,173.997824245334,227.460083077361,NA,"rat","brain","GSE125483"
"140","ENSRNOG00000017824","-","Ncoa5","chr3",161487664,161487731,NA,NA,2.10378156318e-05,0.00702778317804,"0.912,0.965","1.0,1.0,1.0","SE","3","Ncoa5",19.536711,16.786764,16.16658,16.187407,13.805294,14.985937,26.255441,NA,"rat","brain","GSE125483"
"141","ENSRNOG00000017889","-","Serac1","chr1",46969733,46969770,NA,NA,1.19419216554e-05,0.00493585934726,"0.923,0.879","0.95,1.0,1.0","SE","1","Serac1",6.801713,8.119962,6.827737,7.643479,7.232999,7.030368,11.282577,NA,"rat","brain","GSE125483"
"142","ENSRNOG00000018184","-","Tpm1","chr8",72840038,72840164,72840379,72840505,1.21604207937e-06,0.00075354074185,"0.184,0.143","0.142,0.07,0.086","MXE","8","Tpm1",52.038217805199,46.9992970946727,33.5029361819641,47.4450015003209,41.2756790876123,37.3893076347882,73.2412582000963,NA,"rat","brain","GSE125483"
"143","ENSRNOG00000018217","+","Syt5","chr1",72862005,72862178,NA,NA,3.60325324565e-05,0.0101227432022,"0.961,0.984","0.984,1.0,1.0","SE","1","Syt5",120.681923,91.506828,82.782486,99.512222,77.485306,80.133896,155.8504865,NA,"rat","brain","GSE125483"
"144","ENSRNOG00000018217","+","Syt5","chr1",72861386,72861528,NA,NA,1.31463558151e-07,0.000139385666481,"0.871,0.97","0.969,1.0,1.0","SE","1","Syt5",120.681923,91.506828,82.782486,99.512222,77.485306,80.133896,155.8504865,NA,"rat","brain","GSE125483"
"145","ENSRNOG00000018373","-","Tln2","chr8",73059867,73060034,73060882,73061049,1.08692713763e-05,0.00404119509771,"0.25,0.6","1.0,0.75,1.0","MXE","8","Tln2",4.31372940715373,10.8442828687215,10.5107456019787,10.7770368145611,7.15317926179604,8.83196243188737,12.9675245452182,NA,"rat","brain","GSE125483"
"146","ENSRNOG00000018441","-","Ggt7","chr3",151012500,151012650,NA,NA,0.000159744019297,0.0274332229196,"0.956,0.996","0.987,1.0,0.98","SE","3","Ggt7",67.037659,46.162491,45.606716,50.750908,38.123074,41.864895,81.975529,NA,"rat","brain","GSE125483"
"147","ENSRNOG00000018602","-","Camta1","chr5",168991191,168991261,NA,NA,0.000339919350057,0.0427183233367,"0.954,0.985","0.788,0.865,0.917","SE","5","Camta1",11.1009081714239,12.4016300750892,12.8271674712942,13.1430926329874,10.2551783882582,11.5411729297762,18.3228154397503,NA,"rat","brain","GSE125483"
"148","ENSRNOG00000018762","-","Rsph3","chr1",47470096,47470184,NA,NA,0.000110607816423,0.0222915885231,"0.631,0.668","1.0,0.877,1.0","SE","1","Rsph3",1.950205,1.860837,1.68423,2.042252,1.533863,1.6090465,2.926647,NA,"rat","brain","GSE125483"
"149","ENSRNOG00000018762","-","Rsph3","chr1",47449394,47449536,NA,NA,0.000186335388546,0.0300925482456,"0.735,0.76","1.0,0.908,1.0","SE","1","Rsph3",1.950205,1.860837,1.68423,2.042252,1.533863,1.6090465,2.926647,NA,"rat","brain","GSE125483"
"150","ENSRNOG00000018809","-","Psmd5","chr3",13929668,13929813,NA,NA,0.000373039716329,0.0452584404099,"0.904,0.982","0.973,0.992,1.0","SE","3","Psmd5",12.128229,12.977954,12.122494,12.008556,12.065722,12.094108,18.5573695,NA,"rat","brain","GSE125483"
"151","ENSRNOG00000019804","+","B3gat3","chr1",225121408,225121583,225124908,225125269,7.10086588935e-05,0.0203084764435,"0.649,0.709","0.483,0.637,0.494","MXE","1","B3gat3",111.528687,87.655693,90.426407,103.261185,91.997322,91.2118645,151.2227825,NA,"rat","brain","GSE125483"
"152","ENSRNOG00000019864","+","C1qtnf12","chr5",173394506,173394597,NA,NA,0.000268141052863,0.0374496120799,"1.0,1.0","0.687,0.784,1.0","SE","5","C1qtnf12",1.401911,1.108437,1.093741,1.211514,0.773938,0.9338395,1.860931,NA,"rat","brain","GSE125483"
"153","ENSRNOG00000019873","+","Eml3","chr1",225135506,225135662,NA,NA,2.14954605515e-05,0.00708362568931,"1.0,1.0","0.758,0.916,0.92","SE","1","Eml3",7.238287,6.391541,6.827509,7.14463,4.864888,5.8461985,10.387229,NA,"rat","brain","GSE125483"
"154","ENSRNOG00000019875","+","Matr3","chr18",28386855,28386977,NA,NA,0.000123796050013,0.0231503498818,"0.963,0.981","0.989,0.856,0.979","SE","18","Matr3",67.1569442988056,94.3783299750272,79.3403186931596,66.839253676873,61.6072034985885,70.4737610958741,114.187263975353,NA,"rat","brain","GSE125483"
"155","ENSRNOG00000019948","+","Phf20","chr3",152338628,152339016,NA,NA,0.00033612318284,0.0427183233367,"0.819,0.986","0.941,1.0,1.0","SE","3","Phf20",10.860529,15.4999,14.817389,14.839182,14.659655,14.738522,20.5998055,NA,"rat","brain","GSE125483"
"156","ENSRNOG00000020204","+","Srp19","chr18",27115384,27115460,NA,NA,3.46410961495e-05,0.0100697074495,"1.0,0.992","1.0,0.938,0.967","SE","18","Srp19",37.554165,32.720074,32.280334,35.015232,32.719791,32.5000625,52.6447355,NA,"rat","brain","GSE125483"
"157","ENSRNOG00000020935","-","Capn1","chr1",221364332,221364418,NA,NA,0.000230566190162,0.0341545554066,"0.833,0.828","1.0,0.967,0.872","SE","1","Capn1",4.332272,3.406494,3.323579,3.956938,3.179312,3.2514455,5.847852,NA,"rat","brain","GSE125483"
"158","ENSRNOG00000021303","+","Drc3","chr10",46752491,46752623,NA,NA,0.000231095777991,0.0341545554066,"1.0,1.0","0.767,0.923,0.951","SE","10","Drc3",5.55336,5.880351,4.657896,6.878396,3.188112,3.923004,9.1560535,NA,"rat","brain","GSE125483"
"159","ENSRNOG00000021718","-","Cspp1","chr5",8834714,8834795,NA,NA,8.81444440415e-06,0.00390816438617,"0.829,1.0","1.0,1.0,1.0","SE","5","Cspp1",8.331372,9.215493,10.317307,9.974371,9.785189,10.051248,13.760618,NA,"rat","brain","GSE125483"
"160","ENSRNOG00000022274","-","Slc2a8","chr3",12023357,12023501,NA,NA,2.26965413099e-05,0.00728260337346,"0.888,0.975","1.0,1.0,1.0","SE","3","Slc2a8",27.994925,22.359188,21.405199,22.325083,15.789945,18.597572,36.339598,NA,"rat","brain","GSE125483"
"161","ENSRNOG00000022305","-","Abcc1","chr10",631478,631604,NA,NA,7.11440534741e-05,0.0168438726992,"0.812,0.947","1.0,0.977,1.0","SE","10","Abcc1",3.001476,9.245368,8.337193,7.456768,6.441045,7.389119,9.851806,NA,"rat","brain","GSE125483"
"162","ENSRNOG00000022485","-","Chuk","chr1",263865616,263865719,NA,NA,0.000340727482982,0.0427183233367,"1.0,0.911","0.878,0.908,1.0","SE","1","Chuk",7.73415,10.500958,9.706555,9.141588,8.696697,9.201626,13.688348,NA,"rat","brain","GSE125483"
"163","ENSRNOG00000022664","-","Kat7","chr10",83122462,83122639,NA,NA,0.000409324814012,0.0483969885158,"0.933,1.0","0.989,0.991,0.974","SE","10","Kat7",30.3418782574374,26.8784687490427,24.8783828910162,26.1093433098675,26.3150105166421,25.5966967038292,41.6648451581738,NA,"rat","brain","GSE125483"
"164","ENSRNOG00000022893","+","Rimbp2","chr12",31580977,31581688,NA,NA,0.00016718551679,0.0283124028642,"0.02,0.073","0.129,0.02,0.135","SE","12","Rimbp2",11.3649619205002,12.1248159475212,11.1016009783385,11.6507901937249,11.9164863244752,11.5090436514068,17.5702840308732,NA,"rat","brain","GSE125483"
"165","ENSRNOG00000023107","-","Yeats2","chr11",84371244,84371403,NA,NA,3.02013815687e-05,0.00920613613668,"1.0,1.0","0.84,0.87,0.934","SE","11","Yeats2",7.653523,8.380482,8.424562,8.248097,7.737375,8.0809685,12.141051,NA,"rat","brain","GSE125483"
"166","ENSRNOG00000023299","+","Hfm1","chr14",3908315,3908417,NA,NA,3.50005147343e-06,0.00193982398252,"0.831,0.711","1.0,1.0,1.0","SE","14","Hfm1",1.768264,2.947813,2.726158,2.366007,2.499883,2.6130205,3.541042,NA,"rat","brain","GSE125483"
"167","ENSRNOG00000023381","+","Proca1","chr10",65465794,65465875,65467930,65468063,0.00017327718127,0.0384352964531,"0.0,0.0","0.094,0.383,0.161","MXE","10","Proca1",4.252729,4.037436,3.846784,3.154759,4.423091,4.1349375,5.722462,NA,"rat","brain","GSE125483"
"168","ENSRNOG00000023577","+","AABR07068272.1","chr9",94474694,94474809,NA,NA,0.000124472768001,0.0231503498818,"0.906,0.916","1.0,1.0,1.0","SE","9","AABR07068272.1",10.6834915690789,11.2160328077029,10.7266380903235,10.66571815858,11.9400760139803,11.3333570521519,16.2826212676809,NA,"rat","brain","GSE125483"
"169","ENSRNOG00000023588","+","Dmgdh","chr2",23336393,23336551,NA,NA,0.00041258289012,0.0483969885158,"0.759,1.0","0.65,1.0,1.0","SE","2","Dmgdh",0.627403,0.479256,1.502637835625,1.093209,0.252496,0.8775669178125,1.099934,NA,"rat","brain","GSE125483"
"170","ENSRNOG00000023588","+","Dmgdh","chr2",23339312,23339372,23363098,23363233,0.000175739655649,0.0384352964531,"0.351,0.0","0.208,0.0,0.0","MXE","2","Dmgdh",0.627403,0.479256,1.502637835625,1.093209,0.252496,0.8775669178125,1.099934,NA,"rat","brain","GSE125483"
"171","ENSRNOG00000023841","+","Cd99l2","chr15",5288944,5289007,NA,NA,0.000127143605726,0.0231503498818,"1.0,0.97","1.0,0.768,1.0","SE","15","Cd99l2",0.379777683013504,13.1328013631841,9.92003783629472,6.53483339279792,6.52072057592987,8.22037920611229,10.0237062194978,NA,"rat","brain","GSE125483"
"172","ENSRNOG00000023861","-","Snap91","chr8",94474644,94474728,94475083,94475155,3.22092024441e-06,0.00171076878125,"0.968,0.942","0.829,0.967,0.84","MXE","8","Snap91",123.354428771133,112.772749929126,91.5979893899223,102.993894888156,81.26208055498,86.4300349724512,169.560536794208,NA,"rat","brain","GSE125483"
"173","ENSRNOG00000023861","-","Snap91","chr8",94474644,94474728,NA,NA,0.000190253285754,0.030323638081,"0.713,1.0","1.0,1.0,1.0","SE","8","Snap91",123.354428771133,112.772749929126,91.5979893899223,102.993894888156,81.26208055498,86.4300349724512,169.560536794208,NA,"rat","brain","GSE125483"
"174","ENSRNOG00000024085","-","Tmem237","chr9",65889239,65889361,NA,NA,7.97956070353e-06,0.00367150127012,"0.877,0.893","0.982,0.965,1.0","SE","9","Tmem237",10.363297404507,10.4448430905164,9.2175594655399,9.53527593389671,7.98976707305164,8.60366326929577,15.1717082144601,NA,"rat","brain","GSE125483"
"175","ENSRNOG00000024085","-","Tmem237","chr9",65895470,65895561,NA,NA,7.78635509624e-06,0.00365150106494,"0.876,0.795","0.973,0.96,1.0","SE","9","Tmem237",10.363297404507,10.4448430905164,9.2175594655399,9.53527593389671,7.98976707305164,8.60366326929577,15.1717082144601,NA,"rat","brain","GSE125483"
"176","ENSRNOG00000024136","-","Fam151b","chr2",22038219,22038355,NA,NA,4.01406743238e-05,0.0106398965659,"0.951,0.99","0.917,0.856,0.927","SE","2","Fam151b",12.291447,12.018026,10.898291,11.403173,11.145232,11.0217615,17.856323,NA,"rat","brain","GSE125483"
"177","ENSRNOG00000024455","-","Gnptg","chr10",14597621,14597689,NA,NA,2.7922511697e-05,0.00872972269542,"0.96,0.93","1.0,1.0,1.0","SE","10","Gnptg",44.51215,41.53212,38.384373,45.510036,33.176651,35.780512,65.777153,NA,"rat","brain","GSE125483"
"178","ENSRNOG00000024461","+","March11","chr2",78906074,78906267,NA,NA,0.000336418135355,0.0427183233367,"0.965,1.0","1.0,0.664,0.899","SE","2","March11",2.611747,2.026458,2.139414,2.308293,1.46692,1.803167,3.473249,NA,"rat","brain","GSE125483"
"179","ENSRNOG00000024577","+","Gamt","chr7",12316154,12316218,NA,NA,0.000190030392785,0.030323638081,"0.764,0.786","1.0,0.907,1.0","SE","7","Gamt",23.402729,22.463465,22.97699,25.466528,20.801422,21.889206,35.666361,NA,"rat","brain","GSE125483"
"180","ENSRNOG00000025991","-","Pex1","chr4",27674020,27674175,NA,NA,0.000249530417604,0.0357944044923,"1.0,1.0","0.803,0.907,1.0","SE","4","Pex1",7.65516,8.738563,8.225849,8.141991,7.44225,7.8340495,12.267857,NA,"rat","brain","GSE125483"
"181","ENSRNOG00000026217","-","Armc2","chr20",46804262,46804408,NA,NA,3.43095566827e-05,0.0100697074495,"0.873,0.424","1.0,1.0,1.0","SE","20","Armc2",1.119042,1.154503,1.29019,1.213607,1.275226,1.282708,1.743576,NA,"rat","brain","GSE125483"
"182","ENSRNOG00000026236","+","Morc3","chr11",34067715,34067863,NA,NA,3.88288355879e-06,0.00210417774366,"1.0,1.0","1.0,0.88,1.0","SE","11","Morc3",8.31208727544484,10.8510188941874,10.5611101366548,10.9015232548043,9.85532657153025,10.2082183540925,15.0323147122183,NA,"rat","brain","GSE125483"
"183","ENSRNOG00000026514","+","Wdr93","chr1",141517492,141517649,NA,NA,4.8301636113e-07,0.000406166792501,"0.28,0.0","1.0,0.813,1.0","SE","1","Wdr93",0.450844,0.477533,0.475297,0.449074,0.38097,0.4281335,0.6887255,NA,"rat","brain","GSE125483"
"184","ENSRNOG00000026579","-","AC119332.1","chr1",219883145,219883267,NA,NA,0.000223820377754,0.033901141192,"1.0,1.0","1.0,0.244,0.72","SE","1","AC119332.1",1.08193,1.298923,1.340199,1.511702,1.158273,1.249236,1.9462775,NA,"rat","brain","GSE125483"
"185","ENSRNOG00000027249","+","Fancl","chr14",110709097,110709166,NA,NA,0.00012540986754,0.0231503498818,"0.855,1.0","1.0,1.0,1.0","SE","14","Fancl",2.549796,3.675546,2.986194,4.402364,2.498827,2.7425105,5.313853,NA,"rat","brain","GSE125483"
"186","ENSRNOG00000027582","+","Dpysl4","chr1",211428853,211429018,NA,NA,4.04915192487e-08,4.70202946857e-05,"0.866,0.87","0.981,1.0,1.0","SE","1","Dpysl4",26.593515,20.346209,20.946737,22.345737,13.792962,17.3698495,34.6427305,NA,"rat","brain","GSE125483"
"187","ENSRNOG00000027801","-","Zpbp","chr14",91498014,91498164,NA,NA,9.44735548494e-05,0.0202090535838,"0.097,0.138","1.0,1.0,0.243","SE","14","Zpbp",0.425405,0.539088,0.58298,0.696774,0.438196,0.510588,0.8306335,NA,"rat","brain","GSE125483"
"188","ENSRNOG00000028448","+","Elovl1","chr5",137258803,137258960,NA,NA,0.000138753775055,0.0118634477672,"0.001,0.085","0.232,0.001,0.241","RI","5","Elovl1",8.21084138820302,15.0094164846822,9.99455628989483,8.4890305569273,22.3419711819845,16.1682637359397,15.8546442149063,NA,"rat","brain","GSE125483"
"189","ENSRNOG00000029726","-","Gstm1","chr2",210808025,210808107,NA,NA,1.33327631227e-05,0.00524407679855,"1.0,0.983","0.988,0.968,0.968","SE","2","Gstm1",124.25779,132.338303,138.23027,154.399979,166.998093,152.6141815,205.498036,NA,"rat","brain","GSE125483"
"190","ENSRNOG00000029726","-","Gstm1","chr2",210807835,210807936,NA,NA,0.000123070161564,0.0231503498818,"1.0,0.985","0.989,0.974,0.968","SE","2","Gstm1",124.25779,132.338303,138.23027,154.399979,166.998093,152.6141815,205.498036,NA,"rat","brain","GSE125483"
"191","ENSRNOG00000030515","-","Nfasc","chr13",49377662,49377707,NA,NA,5.31796832429e-05,0.0133694820161,"0.476,0.387","0.737,0.6,0.595","SE","13","Nfasc",28.3063940170671,30.3307001313883,32.7290771272883,27.4368483542143,39.9303593570747,36.3297182421815,43.0369712513348,NA,"rat","brain","GSE125483"
"192","ENSRNOG00000030515","-","Nfasc","chr13",49358699,49358936,NA,NA,1.73943900317e-06,0.00107952119161,"0.262,0.549","1.0,0.547,1.0","SE","13","Nfasc",28.3063940170671,30.3307001313883,32.7290771272883,27.4368483542143,39.9303593570747,36.3297182421815,43.0369712513348,NA,"rat","brain","GSE125483"
"193","ENSRNOG00000030515","-","Nfasc","chr13",49408201,49408219,NA,NA,0.000219277666719,0.0334206573788,"0.481,0.369","0.744,0.572,0.646","SE","13","Nfasc",28.3063940170671,30.3307001313883,32.7290771272883,27.4368483542143,39.9303593570747,36.3297182421815,43.0369712513348,NA,"rat","brain","GSE125483"
"194","ENSRNOG00000030790","-","Ctnnd1","chr3",72024076,72024148,NA,NA,0.000371093068931,0.0452584404099,"1.0,1.0","0.978,0.949,1.0","SE","3","Ctnnd1",20.7571926271871,20.2063034939435,22.4947421238223,20.5327152328398,20.8397168855989,21.6672295047106,30.7481056769852,NA,"rat","brain","GSE125483"
"195","ENSRNOG00000032660","-","Adgrl2","chr2",258828081,258828120,NA,NA,9.61939880837e-05,0.0203981442905,"0.849,0.919","0.955,0.962,0.964","SE","2","Adgrl2",8.22226648481798,11.9222793606777,4.93840163026338,7.86895985019292,10.3909364235866,7.66466902692499,14.0067528478443,NA,"rat","brain","GSE125483"
"196","ENSRNOG00000032922","+","Dclk1","chr2",144878997,144879000,NA,NA,1.57163171366e-12,4.00766086983e-10,"1.0,0.919","0.887,0.925,0.952","A3SS","2","Dclk1",44.6106620672993,54.5336626622446,48.0722388370291,53.5415971050644,33.4295678951293,40.7509033660792,76.3429609173042,NA,"rat","brain","GSE125483"
"197","ENSRNOG00000033134","+","Mef2c","chr2",11781091,11781229,NA,NA,0.000283730876654,0.038697539129,"0.137,0.169","0.362,0.389,0.449","SE","2","Mef2c",22.6116046369555,59.4166889815532,75.934784820493,28.4969495233297,22.0916601838475,49.0132225021703,55.2626215709192,NA,"rat","brain","GSE125483"
"198","ENSRNOG00000033581","+","AABR07044388.2","chr20",4477214,4477541,NA,NA,1.30337876761e-05,0.00521052370933,"1.0,1.0","0.658,0.651,1.0","SE","20","AABR07044388.2",3.55041541319929,2.10365847882342,1.82118404719352,2.02364329144559,1.85303672698501,1.83711038708927,3.83885859173415,NA,"rat","brain","GSE125483"
"199","ENSRNOG00000034022","-","Taf2","chr7",94747371,94747513,NA,NA,0.000408506333018,0.0483969885158,"0.753,0.585","0.887,0.876,0.833","SE","7","Taf2",11.553232,12.771789,12.291874,13.439938,11.883114,12.087494,18.8824795,NA,"rat","brain","GSE125483"
"200","ENSRNOG00000034102","-","Plk5","chr7",12219449,12219566,NA,NA,4.77239281771e-06,0.0024245744011,"0.63,0.799","0.858,1.0,1.0","SE","7","Plk5",5.080178,3.001685,6.059567,2.794864,4.336715,5.198141,5.4383635,NA,"rat","brain","GSE125483"
"201","ENSRNOG00000037659","+","Mto1","chr8",85809631,85809749,NA,NA,0.000172576180381,0.0288249502382,"0.93,0.97","1.0,1.0,1.0","SE","8","Mto1",10.180812,10.302209,10.082565,10.718627,10.113652,10.0981085,15.600824,NA,"rat","brain","GSE125483"
"202","ENSRNOG00000037871","-","Sfxn5","chr4",117078211,117078289,117097389,117097458,0.000209801671704,0.0410548744945,"0.996,0.932","0.848,0.998,0.826","MXE","4","Sfxn5",101.431313,110.681587,113.039413,120.719986,93.947716,103.4935645,166.416443,NA,"rat","brain","GSE125483"
"203","ENSRNOG00000039076","+","Spaca6","chr1",59713478,59713502,NA,NA,7.54508308942e-07,0.00055755877642,"0.599,0.749","1.0,1.0,1.0","SE","1","Spaca6",8.798514,7.577844,7.860412,8.19609,7.678931,7.7696715,12.286224,NA,"rat","brain","GSE125483"
"204","ENSRNOG00000040040","-","Ndufaf6","chr5",24317665,24317765,NA,NA,0.000127210156818,0.0231503498818,"0.891,0.761","1.0,0.97,1.0","SE","5","Ndufaf6",5.720494,5.840273,5.285058,5.79747,4.454543,4.8698005,8.6791185,NA,"rat","brain","GSE125483"
"205","ENSRNOG00000042086","-","Rab26","chr10",13895123,13895180,NA,NA,7.7333348167e-05,0.017571973764,"0.073,0.122","0.025,0.0,0.048","SE","10","Rab26",28.799511,25.81916,21.965508,25.070955,13.959989,17.9627485,39.844813,NA,"rat","brain","GSE125483"
"206","ENSRNOG00000042189","-","Rab31","chr9",113386174,113386284,NA,NA,0.000356768568046,0.044388562757,"0.952,0.967","0.972,1.0,1.0","SE","9","Rab31",41.858704,38.91888,45.878437,44.493473,39.9076,42.8930185,62.6355285,NA,"rat","brain","GSE125483"
"207","ENSRNOG00000042213","-","Zscan25","chr12",11782803,11782799,NA,NA,2.04774157869e-05,0.00325590911012,"0.0,0.136","0.095,0.208,0.24","A5SS","12","Zscan25",4.21974807149362,2.99064668169399,3.34913067030965,3.4645958870674,2.42857439298725,2.88885253164845,5.33749532012751,NA,"rat","brain","GSE125483"
"208","ENSRNOG00000042253","+","Ecd","chr15",4411667,4411796,NA,NA,8.54223917379e-07,0.000595174412834,"0.844,0.923","1.0,1.0,1.0","SE","15","Ecd",12.279403,12.004936,11.452876,10.998413,10.60444,11.028658,17.641376,NA,"rat","brain","GSE125483"
"209","ENSRNOG00000042985","+","Slc9b1","chr2",240535125,240535285,NA,NA,8.30568946952e-11,2.53178179255e-07,"0.235,0.381","1.0,1.0,1.0","SE","2","Slc9b1",0.157488,0.206573,0.241659,0.167073,0.172177,0.206918,0.265567,NA,"rat","brain","GSE125483"
"210","ENSRNOG00000043059","-","Aplf","chr4",119548706,119548863,NA,NA,7.88800972984e-07,0.000565755897858,"0.734,0.782","1.0,1.0,1.0","SE","4","Aplf",3.15211,3.401481,3.102447,3.207366,3.193609,3.148028,4.8804785,NA,"rat","brain","GSE125483"
"211","ENSRNOG00000043189","-","Trub2","chr3",8343549,8343631,8344783,8344845,0.000190755864024,0.039401683469,"0.547,0.609","0.459,0.42,0.434","MXE","3","Trub2",21.374632,18.897427,19.277233,19.738693,15.797012,17.5371225,30.005376,NA,"rat","brain","GSE125483"
"212","ENSRNOG00000043410","-","Cfap300","chr8",6235601,6235683,NA,NA,0.000209231201897,0.0323507239328,"1.0,1.0","1.0,0.712,1.0","SE","8","Cfap300",2.256346,2.764457,2.374468,2.975788,2.435612,2.40504,3.9982955,NA,"rat","brain","GSE125483"
"213","ENSRNOG00000045721","+","LOC103689971","chr17",35451383,35451455,NA,NA,0,0,"0.003,0.0","1.0,0.985,1.0","SE","17","LOC103689971",6.79616193141946,8.83192173763955,7.75442181020734,8.2474125446571,7.41594396371611,7.58518288696173,11.9377481068581,NA,"rat","brain","GSE125483"
"214","ENSRNOG00000046147","-","Knop1","chr1",188564712,188564790,NA,NA,0.000143890498863,0.0252439834912,"0.849,0.949","1.0,0.966,1.0","SE","1","Knop1",2.475373,3.65135,3.719373,2.143054,3.393546,3.5564595,4.1348885,NA,"rat","brain","GSE125483"
"215","ENSRNOG00000046353","-","LOC501406","chr1",38585688,38585784,NA,NA,3.4754382316e-05,0.0100697074495,"0.822,1.0","1.0,1.0,1.0","SE","1","LOC501406",3.557393,3.890172,3.479117,3.337857,5.238952,4.3590345,5.392711,NA,"rat","brain","GSE125483"
"216","ENSRNOG00000046445","-","Rcor3","chr13",110822978,110823220,NA,NA,0.000372265142949,0.0452584404099,"1.0,1.0","1.0,0.405,0.185","SE","13","Rcor3",3.500831,3.62199,3.073157,3.967901,5.051109,4.062133,5.545361,NA,"rat","brain","GSE125483"
"217","ENSRNOG00000047247","+","Ptprs","chr9",10638321,10638333,NA,NA,4.9284907111e-06,0.00245277907104,"0.996,0.986","0.982,0.968,0.957","SE","9","Ptprs",87.5067243648113,66.2288146579355,62.5409486408754,66.5112090263657,51.4395853622264,56.9902670015509,110.123374024556,NA,"rat","brain","GSE125483"
"218","ENSRNOG00000047261","+","AABR07031445.1","chr18",14857561,14857689,14905590,14905718,7.44091622096e-07,0.000553306530191,"0.471,0.033","0.005,0.019,0.003","MXE","18","AABR07031445.1",26.2380387200916,23.7703651482542,18.2041604304522,23.8747535248998,17.0453134138523,17.6247369221522,36.9415786966228,NA,"rat","brain","GSE125483"
"219","ENSRNOG00000047756","-","Mef2a","chr1",128226643,128226831,NA,NA,8.55902105714e-05,0.0189745715909,"0.692,1.0","1.0,1.0,1.0","SE","1","Mef2a",16.4035965910562,23.2191966237129,18.601528125331,18.5606479888202,23.3502355975287,20.9758818614299,29.0917206017947,NA,"rat","brain","GSE125483"
"220","ENSRNOG00000048193","+","Hnrnph3","chr20",27173818,27173957,NA,NA,4.4408920985e-16,2.70738986785e-12,"0.802,0.753","0.078,0.024,0.0","SE","20","Hnrnph3",13.5585902020666,14.5183857244546,14.6666843375431,14.3496397347876,17.3142715912744,15.9904779644088,21.2133078306544,NA,"rat","brain","GSE125483"
"221","ENSRNOG00000049232","+","Tcf7l2","chr1",276723267,276723340,NA,NA,0.000242495091455,0.0353872896595,"0.11,1.0","0.0,0.0,0.0","SE","1","Tcf7l2",2.584866,2.616951,2.5723,1.776064,5.08103,3.826665,3.4889405,NA,"rat","brain","GSE125483"
"222","ENSRNOG00000049397","+","LOC103689941","chr5",142312469,142312657,NA,NA,4.7557679456e-05,0.0120806413668,"1.0,0.604","1.0,1.0,1.0","SE","5","LOC103689941",13.571043,13.09441,13.69141,12.984904,11.311308,12.501359,19.8251785,NA,"rat","brain","GSE125483"
"223","ENSRNOG00000050206","+","Shank2","chr1",217565366,217565375,NA,NA,2.22044604925e-16,1.80492657857e-12,"0.919,0.879","0.501,0.025,0.06","SE","1","Shank2",5.34313764129214,7.7798484497191,5.31415156797753,14.2168336747191,3.34594097762172,4.33004627279962,13.6699098828652,NA,"rat","brain","GSE125483"
"224","ENSRNOG00000050206","+","Shank2","chr1",217566568,217566589,NA,NA,5.4870552546e-12,2.67614658877e-08,"0.111,0.134","0.474,1.0,1.0","SE","1","Shank2",5.34313764129214,7.7798484497191,5.31415156797753,14.2168336747191,3.34594097762172,4.33004627279962,13.6699098828652,NA,"rat","brain","GSE125483"
"225","ENSRNOG00000050983","+","Hpcal4","chr5",140870511,140870615,NA,NA,0.000317646769507,0.0414231771187,"0.97,0.987","0.997,0.985,0.994","SE","5","Hpcal4",183.736954,174.528671,154.123627,179.990341,136.240189,145.181908,269.127983,NA,"rat","brain","GSE125483"
"226","ENSRNOG00000051237","+","AC120712.3","chr1",94724669,94724786,NA,NA,9.77569885323e-05,0.0205508786409,"0.493,1.0","1.0,1.0,1.0","SE","1","AC120712.3",0.224145,0.605776,0.472734,0.448518,0.460041,0.4663875,0.6392195,NA,"rat","brain","GSE125483"
"227","ENSRNOG00000052721","-","Kdm6a","chrX",4850508,4850643,NA,NA,0.000148057029472,0.0257894194336,"0.704,0.935","1.0,0.935,1.0","SE","X","Kdm6a",3.35463822557629,4.65074291913648,6.03835141255031,3.89706993779729,7.16736346981339,6.60285744118185,5.95122554125503,NA,"rat","brain","GSE125483"
"228","ENSRNOG00000053258","-","Faim2","chr7",141171445,141171533,141172031,141172069,3.17789089488e-08,3.76961599218e-05,"0.042,0.094","0.103,0.112,0.201","MXE","7","Faim2",138.694855,94.72007,91.136147,101.436699,91.26329,91.1997185,167.425812,NA,"rat","brain","GSE125483"
"229","ENSRNOG00000054468","+","Fam219b","chr8",62317759,62317847,NA,NA,0.000417161261893,0.0486741365192,"0.958,0.934","1.0,0.996,1.0","SE","8","Fam219b",15.8041080466392,15.5692478518519,15.1619185168038,15.1391101923868,10.9084413851166,13.0351799509602,23.256233045439,NA,"rat","brain","GSE125483"
"230","ENSRNOG00000057352","-","LOC100909912","chr3",162690240,162691175,NA,NA,4.53308625851e-05,0.0116361938421,"0.573,1.0","1.0,1.0,1.0","SE","3","LOC100909912",4.055069,4.231712,3.752119,3.857107,3.014205,3.383162,6.071944,NA,"rat","brain","GSE125483"
"231","ENSRNOG00000058662","-","Ano8","chr16",19893314,19893447,NA,NA,0.000116293710388,0.0230891235831,"0.943,0.966","1.0,0.988,1.0","SE","16","Ano8",29.760397,20.601542,21.606739,22.982431,14.490718,18.0487285,36.672185,NA,"rat","brain","GSE125483"
"232","ENSRNOG00000059057","-","Shld2","chr16",10602343,10603855,NA,NA,4.33900249115e-05,0.0112564802925,"0.295,0.935","1.0,1.0,1.0","SE","16","Shld2",2.61715100769231,3.27348713076923,3.12085730769231,3.2881584,3.43423006153846,3.27754368461538,4.58939826923077,NA,"rat","brain","GSE125483"
"233","ENSRNOG00000059776","+","Tnks2","chrAABR07024382.1",135376,135565,NA,NA,1.09007868287e-08,1.53761962959e-05,"0.353,0.732","0.0,0.01,0.023","SE","AABR07024382.1","Tnks2",7.373676,15.18885,14.942849,13.787134,13.752379,14.347614,18.17483,NA,"rat","brain","GSE125483"
"234","ENSRNOG00000060123","+","Kifc2","chr7",117728716,117728838,NA,NA,0.000176981886263,0.0289656394524,"0.937,0.968","1.0,0.959,0.979","SE","7","Kifc2",153.317179128881,106.967823951474,121.071140060266,138.806831611792,78.1452262616749,99.6081831609705,199.545917346074,NA,"rat","brain","GSE125483"
"235","ENSRNOG00000060123","+","Kifc2","chr7",117729149,117729279,NA,NA,1.01968572046e-05,0.00436246596125,"0.909,0.948","1.0,0.943,0.974","SE","7","Kifc2",153.317179128881,106.967823951474,121.071140060266,138.806831611792,78.1452262616749,99.6081831609705,199.545917346074,NA,"rat","brain","GSE125483"
"236","ENSRNOG00000060568","-","Ptpn21","chr6",122672194,122672279,NA,NA,0.000176262852566,0.0289656394524,"0.754,0.695","1.0,1.0,1.0","SE","6","Ptpn21",1.821857,1.424861,1.599307,1.456982,0.993167,1.296237,2.35185,NA,"rat","brain","GSE125483"
"237","ENSRNOG00000060693","-","Catsperg","chr1",88156846,88157130,NA,NA,1.13496076981e-08,1.53761962959e-05,"1.0,1.0","1.0,0.018,0.0","SE","1","Catsperg",3.563728,3.539517,2.832862,4.04902,1.573652,2.203257,5.5761325,NA,"rat","brain","GSE125483"
"238","ENSRNOG00000060946","+","Cask","chrX",10141378,10141393,NA,NA,0.000506289584172,0.0258207687928,"0.292,1.0","0.0,0.0,0.452","A3SS","X","Cask",6.85616534166254,13.2259736093518,13.5070666573478,11.8579050366155,10.0791784054923,11.79312253142,15.9700219938149,NA,"rat","brain","GSE125483"
"239","ENSRNOG00000061508","+","Reps2","chrX",33947752,33947806,NA,NA,4.39576608335e-07,0.000382839827531,"0.853,1.0","1.0,1.0,1.0","SE","X","Reps2",1.60344905882353,15.906046605042,12.7937590840336,13.9396946554622,13.0414201848739,12.9175896344537,15.7245951596639,NA,"rat","brain","GSE125483"
"240","ENSRNOG00000061612","-","Zfp184","chr17",44639822,44639918,NA,NA,2.98773776275e-07,0.000269848048453,"0.449,0.609","1.0,0.914,1.0","SE","17","Zfp184",1.42235880612245,1.40201860714286,1.32722835276968,1.39516925874636,1.26116382361516,1.29419608819242,2.10977333600584,NA,"rat","brain","GSE125483"
"241","ENSRNOG00000061690","-","Sycp2","chr3",173890784,173890967,NA,NA,4.12510359205e-10,1.00594776196e-06,"0.218,0.495","1.0,1.0,1.0","SE","3","Sycp2",0.206212016514127,0.543110175089535,0.499908894747314,0.443245702347791,0.305515332272185,0.40271211350975,0.596283946975727,NA,"rat","brain","GSE125483"
"242","ENSRNOG00000062125","+","Aox3","chr9",65015472,65015530,NA,NA,6.41803343804e-09,1.04340108947e-05,"0.355,0.0","1.0,1.0,1.0","SE","9","Aox3",0.178501133100622,0.281644890423433,0.268291300500835,0.131046783123387,0.0993332493549856,0.18381227492791,0.295596403323721,NA,"rat","brain","GSE125483"
