"","id","strand","symbol.x","chr.x","as_site1","as_site2","as_site3","as_site4","as_pvalue","fdr","IncLevel1","IncLevel2","as_type","chr.y","symbol.y","FPKM.SRR8474384","FPKM.SRR8474392","FPKM.SRR8474395","FPKM.SRR8474416","FPKM.SRR8474426","FPKM.SRR8474436","..files.colon_mean_female","..files.colon_mean_male","Remark","Organism","Tissue","GEO_accession"
"1","ENSRNOG00000000040","-","RGD1304622","chr13",72880539,72880683,NA,NA,2.61732784634e-05,0.00939178331566,"1.0,1.0,1.0","1.0,0.498,0.756","SE","13","RGD1304622",0.925917053641347,0.903752857478465,1.11778047513704,1.42250923198904,0.567439047572435,1.15668324158183,0.87595838221091,1.15540225358914,NA,"rat","colon","GSE125483"
"2","ENSRNOG00000000111","+","Coprs","chr16",80829109,80829176,NA,NA,0.000372040876083,0.0483596193876,"1.0,1.0,1.0","1.0,0.792,0.947","SE","16","Coprs",10.726242,12.327013,13.053404,8.679361,14.294591,11.195106,12.60557,10.819669,NA,"rat","colon","GSE125483"
"3","ENSRNOG00000000397","-","Ccar1","chr20",32390880,32391091,NA,NA,6.47634359017e-05,0.0164997805647,"0.976,0.219,1.0","0.201,0.43,0.068","SE","20","Ccar1",22.238216,21.058302,21.016701,22.122843,18.260496,21.124851,20.147883,21.7925866666667,NA,"rat","colon","GSE125483"
"4","ENSRNOG00000000552","-","Col13a1","chr20",31470530,31470566,NA,NA,2.29716478696e-05,0.00886740413294,"0.152,0.32,0.0","0.0,0.108,0.019","SE","20","Col13a1",2.44733884398496,1.82166466015038,2.09509368496241,2.14999448684211,5.69540851240601,1.85673241466165,3.12460186240601,2.23080900526316,NA,"rat","colon","GSE125483"
"5","ENSRNOG00000000774","-","Gabbr1","chr20",1982307,1982493,NA,NA,1.35831723381e-05,0.00629197239378,"0.987,1.0,0.979","1.0,1.0,0.819","SE","20","Gabbr1",10.4291336827965,10.2138780626392,10.116247899807,11.0595301695117,6.54658563069616,12.974393039335,9.91161891089012,10.5349705840384,NA,"rat","colon","GSE125483"
"6","ENSRNOG00000000857","-","Msh5","chr20",5021706,5021844,NA,NA,0.000125355755923,0.0249506921379,"0.599,1.0,1.0","1.0,1.0,1.0","SE","20","Msh5",2.55624650017082,0.945556568158524,0.967739703792279,1.05805338571917,0.812178906047147,2.33330789887257,1.36368112435941,1.52734652989409,NA,"rat","colon","GSE125483"
"7","ENSRNOG00000001101","+","Rnf216","chr12",13524226,13524357,NA,NA,4.33139652836e-05,0.0129824693357,"0.917,0.933,0.949","1.0,1.0,1.0","SE","12","Rnf216",12.7947187790005,9.63533547284864,8.12853811582176,9.58502254158398,7.43185863395273,10.2850106126646,9.11740157315532,10.1694264788021,NA,"rat","colon","GSE125483"
"8","ENSRNOG00000001199","-","Pop5","chr12",47140267,47140410,NA,NA,8.88686308971e-05,0.0207716156823,"0.988,1.0,1.0","0.96,0.951,0.922","SE","12","Pop5",8.464401,10.06444,10.000151,10.251394,9.381617,7.609176,9.018411,9.571982,NA,"rat","colon","GSE125483"
"9","ENSRNOG00000001456","+","Nup153","chr17",18382939,18382984,NA,NA,0.00012828737315,0.0253362589592,"1.0,1.0,1.0","1.0,1.0,0.936","SE","17","Nup153",13.331332,12.318266,12.405905,16.240471,10.493099,13.578191,12.129852,13.9925693333333,NA,"rat","colon","GSE125483"
"10","ENSRNOG00000001627","-","Abi3bp","chr11",46245627,46245687,46253324,46253396,8.77342744787e-06,0.00569535168539,"0.944,1.0,0.846","0.733,0.733,0.681","MXE","11","Abi3bp",12.3766022161172,16.4332998672866,15.4294404849253,18.9443390005635,8.96786389377289,21.1029453443223,15.5013697017939,15.583460567202,NA,"rat","colon","GSE125483"
"11","ENSRNOG00000001627","-","Abi3bp","chr11",46245627,46245687,46283450,46283492,4.38980790818e-06,0.00430310920199,"0.977,1.0,0.981","0.942,0.853,0.875","MXE","11","Abi3bp",12.3766022161172,16.4332998672866,15.4294404849253,18.9443390005635,8.96786389377289,21.1029453443223,15.5013697017939,15.583460567202,NA,"rat","colon","GSE125483"
"12","ENSRNOG00000001627","-","Abi3bp","chr11",46245627,46245687,46289751,46289826,3.7583155108e-06,0.00430310920199,"0.987,1.0,1.0","1.0,0.937,0.913","MXE","11","Abi3bp",12.3766022161172,16.4332998672866,15.4294404849253,18.9443390005635,8.96786389377289,21.1029453443223,15.5013697017939,15.583460567202,NA,"rat","colon","GSE125483"
"13","ENSRNOG00000001627","-","Abi3bp","chr11",46297624,46297696,NA,NA,3.52727028458e-05,0.011225519489,"1.0,1.0,1.0","1.0,1.0,0.587","SE","11","Abi3bp",12.3766022161172,16.4332998672866,15.4294404849253,18.9443390005635,8.96786389377289,21.1029453443223,15.5013697017939,15.583460567202,NA,"rat","colon","GSE125483"
"14","ENSRNOG00000001627","-","Abi3bp","chr11",46245022,46245070,NA,NA,0.00020338513764,0.0319854515534,"0.98,1.0,1.0","1.0,0.974,0.948","SE","11","Abi3bp",12.3766022161172,16.4332998672866,15.4294404849253,18.9443390005635,8.96786389377289,21.1029453443223,15.5013697017939,15.583460567202,NA,"rat","colon","GSE125483"
"15","ENSRNOG00000001627","-","Abi3bp","chr11",46290825,46290888,NA,NA,0.000134245249872,0.0260594645959,"0.937,0.827,0.856","1.0,1.0,1.0","SE","11","Abi3bp",12.3766022161172,16.4332998672866,15.4294404849253,18.9443390005635,8.96786389377289,21.1029453443223,15.5013697017939,15.583460567202,NA,"rat","colon","GSE125483"
"16","ENSRNOG00000001627","-","Abi3bp","chr11",46297137,46297212,NA,NA,8.21576846579e-05,0.0199345841146,"1.0,1.0,1.0","1.0,1.0,0.916","SE","11","Abi3bp",12.3766022161172,16.4332998672866,15.4294404849253,18.9443390005635,8.96786389377289,21.1029453443223,15.5013697017939,15.583460567202,NA,"rat","colon","GSE125483"
"17","ENSRNOG00000001627","-","Abi3bp","chr11",46299788,46299863,NA,NA,0.000282485238043,0.0399826467201,"0.841,1.0,0.773","1.0,1.0,0.956","SE","11","Abi3bp",12.3766022161172,16.4332998672866,15.4294404849253,18.9443390005635,8.96786389377289,21.1029453443223,15.5013697017939,15.583460567202,NA,"rat","colon","GSE125483"
"18","ENSRNOG00000002488","+","Galnt10","chr10",43208184,43208334,NA,NA,0.000236620481264,0.0354610588304,"0.963,0.974,0.985","0.992,1.0,0.985","SE","10","Galnt10",41.9538,53.361126,55.712109,52.311153,52.653378,41.098225,49.0375763333333,49.992354,NA,"rat","colon","GSE125483"
"19","ENSRNOG00000002652","-","Rap1gap2","chr10",61207936,61207930,NA,NA,7.85991651091e-05,0.00644513153895,"1.0,1.0,1.0","1.0,1.0,0.953","A3SS","10","Rap1gap2",24.1390491014683,22.9640675329827,22.5878290319965,21.3004351325882,19.5209830745124,23.2528184781942,21.9126230285631,22.6757710886843,NA,"rat","colon","GSE125483"
"20","ENSRNOG00000002810","+","Gfpt2","chr10",35294375,35294501,NA,NA,0.000255554627194,0.03678398439,"0.885,1.0,0.981","1.0,1.0,0.979","SE","10","Gfpt2",15.942019,6.813497,6.481765,5.880083,4.14355,10.346219,7.10108866666667,9.43462233333333,NA,"rat","colon","GSE125483"
"21","ENSRNOG00000002876","+","Eef2kmt","chr10",10536880,10537014,NA,NA,3.50083839076e-05,0.011225519489,"0.749,0.909,1.0","1.0,1.0,1.0","SE","10","Eef2kmt",4.983474,4.897755,4.006762,4.793468,4.808166,4.770866,4.82559566666667,4.594568,NA,"rat","colon","GSE125483"
"22","ENSRNOG00000002991","-","Srr","chr10",61766926,61767152,NA,NA,4.90385414986e-06,0.00332658183531,"1.0,0.793,0.921","0.698,0.861,0.431","SE","10","Srr",3.97072705905512,3.63513105610236,3.31100374852362,3.5798574148622,2.77600920866142,3.93821859793307,3.44978628756562,3.62052940748031,NA,"rat","colon","GSE125483"
"23","ENSRNOG00000003003","-","Tbc1d19","chr14",59416752,59416862,NA,NA,0.000118869606617,0.0238459918723,"0.862,0.802,1.0","1.0,1.0,0.975","SE","14","Tbc1d19",1.646336,3.327385,3.036361,3.326711,2.861527,2.942241,3.04371766666667,2.66980266666667,NA,"rat","colon","GSE125483"
"24","ENSRNOG00000003098","+","Prom1","chr14",71579445,71579651,NA,NA,1.0904725567e-08,3.27690532048e-05,"1.0,1.0,0.992","0.993,1.0,0.934","SE","14","Prom1",98.2958868682824,104.841366665543,101.821650591781,121.03848661117,166.483036653319,95.3381831279241,122.220862148929,107.052008023744,NA,"rat","colon","GSE125483"
"25","ENSRNOG00000003207","+","Fmnl1","chr10",91265578,91265704,NA,NA,0.000286834205621,0.040195202338,"0.934,1.0,1.0","1.0,1.0,0.9","SE","10","Fmnl1",3.58492027516779,2.47859135854414,2.9731562811048,20.8140800955085,2.21617677490965,9.73742929297883,4.81073247547754,9.12405221726036,NA,"rat","colon","GSE125483"
"26","ENSRNOG00000003915","+","Tmem206","chr13",110021365,110021575,NA,NA,1.06532934638e-05,0.00545980700355,"1.0,1.0,1.0","1.0,1.0,0.807","SE","13","Tmem206",4.082212,3.291008,3.393505,6.962004,2.699108,6.329957,4.106691,4.81257366666667,NA,"rat","colon","GSE125483"
"27","ENSRNOG00000003955","+","Spata7","chr6",122609714,122609810,NA,NA,5.3093353316e-06,0.00338164840608,"1.0,1.0,0.956","1.0,0.83,0.875","SE","6","Spata7",6.599827,7.482865,7.209633,7.308142,7.130518,7.357224,7.32353566666667,7.03920066666667,NA,"rat","colon","GSE125483"
"28","ENSRNOG00000004131","-","Pkn1","chr19",24814310,24814420,NA,NA,0.000199116440998,0.0318920300269,"0.983,0.972,0.963","0.959,0.94,0.938","SE","19","Pkn1",51.959404,49.640186,45.457424,45.594158,55.807392,53.306587,52.918055,47.6703286666667,NA,"rat","colon","GSE125483"
"29","ENSRNOG00000004147","-","Abca8a","chr10",98332158,98332276,NA,NA,0.000172241137996,0.0300560785803,"0.99,1.0,1.0","1.0,1.0,0.946","SE","10","Abca8a",8.16270032449517,10.1938206221247,7.49082229885865,12.291519623705,10.292744758209,8.58160460105355,9.68938999379575,9.31501408235294,NA,"rat","colon","GSE125483"
"30","ENSRNOG00000004395","+","Fbxw11","chr10",17605286,17605349,NA,NA,1.43316853614e-05,0.00652014907058,"0.814,1.0,0.937","1.0,1.0,1.0","SE","10","Fbxw11",18.1401764222222,19.1953131177305,19.0056655791962,17.1667957373522,15.5473945269504,18.5348349813239,17.7591808753349,18.1042125795902,NA,"rat","colon","GSE125483"
"31","ENSRNOG00000004606","-","Meis1","chr14",103240677,103240823,NA,NA,0.000102615065382,0.0216050255031,"0.901,1.0,0.971","1.0,1.0,1.0","SE","14","Meis1",5.58096,8.972718,8.13758,8.092961,6.0164,7.727392,7.57217,7.27050033333333,NA,"rat","colon","GSE125483"
"32","ENSRNOG00000004606","-","Meis1","chr14",103288708,103288820,NA,NA,0.000241878218504,0.0357822388795,"0.917,1.0,0.967","1.0,1.0,1.0","SE","14","Meis1",5.58096,8.972718,8.13758,8.092961,6.0164,7.727392,7.57217,7.27050033333333,NA,"rat","colon","GSE125483"
"33","ENSRNOG00000004909","-","Cnot2","chr7",59544015,59544095,NA,NA,9.99915663334e-05,0.021450491609,"0.98,0.974,0.985","0.948,0.957,0.934","SE","7","Cnot2",40.015994632119,34.3029312160082,35.1927249563879,42.2557109338122,25.6233632119035,36.4534164032837,32.1265702770651,39.1548101741064,NA,"rat","colon","GSE125483"
"34","ENSRNOG00000004940","+","Rnf215","chr14",84372902,84373022,NA,NA,0.000151181100992,0.0281141672261,"0.921,0.948,1.0","1.0,1.0,0.988","SE","14","Rnf215",11.890487,9.314898,10.711826,10.256806,10.574047,10.415507,10.101484,10.9530396666667,NA,"rat","colon","GSE125483"
"35","ENSRNOG00000006094","-","Cd44","chr3",92732464,92732590,NA,NA,3.56897232252e-05,0.011225519489,"1.0,0.918,1.0","1.0,1.0,0.725","SE","3","Cd44",22.1768162748553,53.0071547616411,46.1376051490058,51.8256266322678,67.2720492957463,33.1749143913919,51.1513728162598,40.0466826853763,NA,"rat","colon","GSE125483"
"36","ENSRNOG00000006143","-","Ngly1","chr15",10416532,10416718,NA,NA,0.000245786073867,0.0357822388795,"0.984,0.967,0.966","0.941,0.975,0.938","SE","15","Ngly1",42.7934,40.907383,39.190559,40.967197,41.61301,39.55827,40.6928876666667,40.9837186666667,NA,"rat","colon","GSE125483"
"37","ENSRNOG00000006813","-","Sumf1","chr4",140152408,140152468,NA,NA,9.00098291323e-06,0.00514160896665,"1.0,1.0,1.0","1.0,0.983,0.944","SE","4","Sumf1",16.188677,15.211078,16.252365,17.357121,15.596104,13.768716,14.8586326666667,16.5993876666667,NA,"rat","colon","GSE125483"
"38","ENSRNOG00000007091","+","Ly6e","chr7",116356330,116356374,NA,NA,0.000180791862773,0.0307508150154,"0.832,0.832,1.0","1.0,1.0,1.0","SE","7","Ly6e",2.91289211942613,2.03294501861187,3.60741355098876,19.6725609755719,1.40823637572703,15.4301498576968,6.29044375067857,8.73095554866226,NA,"rat","colon","GSE125483"
"39","ENSRNOG00000007100","+","Ccdc136","chr4",56692827,56693052,NA,NA,1.17720979533e-05,0.00576764883762,"1.0,1.0,0.942","1.0,0.859,0.571","SE","4","Ccdc136",4.00314,6.305979,7.634689,6.930676,2.975332,6.348857,5.210056,6.18950166666667,NA,"rat","colon","GSE125483"
"40","ENSRNOG00000007333","+","Wdr20","chr6",135198852,135199035,NA,NA,0.000159071787143,0.0287423540499,"0.973,0.939,0.967","0.964,0.958,0.8","SE","6","Wdr20",6.10360980165877,5.76222560094787,5.47716518270142,5.73734399905213,4.69312234241706,5.20188607985782,5.21907800774092,5.77270632780411,NA,"rat","colon","GSE125483"
"41","ENSRNOG00000007649","+","Dnm2","chr8",22522803,22522815,NA,NA,0.000140607618324,0.0267332857615,"0.056,0.0,0.0","0.0,0.061,0.23","SE","8","Dnm2",78.3010346989564,68.5473135322451,70.2776469965213,55.020032320578,76.3180448702168,61.3022333369012,68.7225305797877,67.8662380053519,NA,"rat","colon","GSE125483"
"42","ENSRNOG00000007706","-","Prkaa2","chr5",124593391,124593536,NA,NA,0.000102800635676,0.0216050255031,"0.982,1.0,0.967","0.825,1.0,0.86","SE","5","Prkaa2",8.270533,7.704185,8.240682,10.600903,3.133396,8.022251,6.28661066666667,9.03737266666667,NA,"rat","colon","GSE125483"
"43","ENSRNOG00000007867","+","Rngtt","chr5",48574663,48574769,NA,NA,0.000185957465297,0.0311686733117,"0.979,1.0,1.0","0.872,1.0,0.864","SE","5","Rngtt",7.158072,8.04844604356244,7.25123391481123,7.14972784317522,6.780225,7.668288,7.49898634785415,7.18634458599548,NA,"rat","colon","GSE125483"
"44","ENSRNOG00000007916","-","Ptk2","chr7",114448459,114448468,NA,NA,8.5311828153e-05,0.0203129854753,"0.361,0.384,0.448","0.16,0.082,0.242","SE","7","Ptk2",18.3546979757909,22.1503116401651,21.8158753862448,18.2779472995873,19.2962146448418,19.7247428756534,20.3904230535534,19.482840220541,NA,"rat","colon","GSE125483"
"45","ENSRNOG00000008193","-","Cr1l","chr13",113840081,113840267,NA,NA,9.75732396374e-05,0.021450491609,"1.0,1.0,1.0","1.0,1.0,0.954","SE","13","Cr1l",57.4811945175131,51.4986166961471,57.4501193914186,61.5415765236427,61.2807997285464,52.632059821366,55.1371587486865,58.8242968108581,NA,"rat","colon","GSE125483"
"46","ENSRNOG00000008323","-","Pitpnm3","chr10",58635373,58635568,NA,NA,0.000163048362506,0.0289999420341,"0.741,0.85,0.93","0.916,1.0,0.934","SE","10","Pitpnm3",23.582232,19.056046,19.012711,19.936298,13.737697,20.286615,17.6934526666667,20.843747,NA,"rat","colon","GSE125483"
"47","ENSRNOG00000008782","+","Pnisr","chr5",36011880,36011934,NA,NA,2.08925743372e-08,5.32280116389e-05,"1.0,1.0,1.0","0.915,1.0,0.954","SE","5","Pnisr",52.65659,50.682262,57.611221,63.287716,45.445244,58.728077,51.6185276666667,57.8518423333333,NA,"rat","colon","GSE125483"
"48","ENSRNOG00000008810","+","Nsmf","chr3",2267380,2267470,NA,NA,3.37324413957e-08,7.8127400858e-05,"0.919,0.902,0.882","1.0,1.0,0.982","SE","3","Nsmf",17.7729359348051,15.1790856526388,15.8358328416695,13.1005337857882,17.858959006209,14.2452119996551,15.7610855528343,15.5697675207543,NA,"rat","colon","GSE125483"
"49","ENSRNOG00000008846","-","Plag1","chr5",16794743,16795102,NA,NA,8.62188692552e-07,0.000878639252806,"1.0,1.0,1.0","0.0,1.0,0.349","SE","5","Plag1",0.901915,0.594985,0.536849,0.639302,0.561961,1.100783,0.752576333333333,0.692688666666667,NA,"rat","colon","GSE125483"
"50","ENSRNOG00000008898","+","Trmt44","chr14",80373876,80373993,NA,NA,2.03036853962e-05,0.00808245301311,"0.723,1.0,1.0","1.0,1.0,1.0","SE","14","Trmt44",1.910376,1.656034,1.633936,1.842789,1.506963,1.779168,1.64738833333333,1.79570033333333,NA,"rat","colon","GSE125483"
"51","ENSRNOG00000009014","+","Slc35f2","chr8",58385345,58385398,NA,NA,8.39943922857e-05,0.0201879729459,"1.0,1.0,1.0","1.0,1.0,0.79","SE","8","Slc35f2",1.023145,2.15652,1.922962,1.448109,1.396452,1.653975,1.735649,1.46473866666667,NA,"rat","colon","GSE125483"
"52","ENSRNOG00000009084","-","Rpusd3","chr4",145369209,145369309,NA,NA,5.82418892783e-05,0.0156192485594,"0.852,1.0,1.0","1.0,1.0,1.0","SE","4","Rpusd3",5.5812,4.678463,4.978519,4.532742,4.481009,4.970219,4.709897,5.03082033333333,NA,"rat","colon","GSE125483"
"53","ENSRNOG00000009303","-","Zwilch","chr8",69110943,69111099,NA,NA,3.69230036588e-05,0.0113612195117,"1.0,1.0,1.0","0.803,1.0,0.813","SE","8","Zwilch",3.386683,2.845712,2.715095,3.818345,4.144425,3.510704,3.50028033333333,3.30670766666667,NA,"rat","colon","GSE125483"
"54","ENSRNOG00000009508","+","Casp6","chr2",230186530,230186685,NA,NA,6.04832045448e-07,0.000700423000994,"0.564,0.0,1.0","1.0,1.0,1.0","SE","2","Casp6",16.4297478411117,14.4216227205034,15.116626851075,14.1197032202412,15.8077865516518,14.0828867136864,14.7707653286139,15.2220259708093,NA,"rat","colon","GSE125483"
"55","ENSRNOG00000009729","+","Ubp1","chr8",122221187,122221294,NA,NA,1.04237579324e-06,0.00102140800325,"0.975,0.967,0.971","0.975,0.954,0.895","SE","8","Ubp1",30.882446,30.491594,32.75494,34.124821,28.363123,30.182737,29.6791513333333,32.5874023333333,NA,"rat","colon","GSE125483"
"56","ENSRNOG00000010099","-","Asb8","chr7",139731732,139731896,NA,NA,1.54114394257e-06,0.0013087908075,"0.993,1.0,0.982","1.0,0.806,0.922","SE","7","Asb8",24.329150808076,22.1754209382423,21.6159617729216,22.8338900327791,24.411805960095,24.2189465239905,23.6020578074426,22.9263342045922,NA,"rat","colon","GSE125483"
"57","ENSRNOG00000010642","+","Lysmd2","chr8",82572916,82573100,NA,NA,6.62105795327e-05,0.0165377150466,"0.051,0.111,0.126","0.062,0.048,0.025","SE","8","Lysmd2",5.79306934593993,8.24509391323693,9.19214925917686,8.65137052502781,7.50218147942158,7.37902079866518,7.7087653971079,7.87886304338153,NA,"rat","colon","GSE125483"
"58","ENSRNOG00000010643","-","Kank2","chr8",22819710,22819855,NA,NA,9.78496283999e-10,3.56130711821e-06,"1.0,1.0,1.0","1.0,1.0,0.83","SE","8","Kank2",22.740185,32.899681,32.272465,29.1056746532996,20.118473,28.888451,27.3022016666667,28.0394415510999,NA,"rat","colon","GSE125483"
"59","ENSRNOG00000010775","-","Arrdc4","chr1",129770075,129770238,NA,NA,2.40412127142e-05,0.00914176084059,"0.936,0.882,0.957","1.0,0.947,0.986","SE","1","Arrdc4",26.0386100704455,26.5209710118964,24.5776144222067,28.2854779090273,14.8586882155353,26.8611885747609,22.7469492673975,26.3005674672265,NA,"rat","colon","GSE125483"
"60","ENSRNOG00000010861","-","Atad1","chr1",251373444,251373619,NA,NA,0.000245626060923,0.0357822388795,"0.942,1.0,0.959","0.983,0.97,1.0","SE","1","Atad1",19.7278691088096,22.4327849281258,22.1609196571001,19.0780010973297,23.3235609797854,21.1909479046668,22.3157646041927,20.3222632877465,NA,"rat","colon","GSE125483"
"61","ENSRNOG00000011555","+","Lrrc40","chr2",264885454,264885562,NA,NA,9.00649888512e-05,0.0208598701906,"1.0,0.946,0.965","0.959,1.0,0.914","SE","2","Lrrc40",15.511947,13.182951,14.220696,15.017448,13.791612,15.129243,14.034602,14.916697,NA,"rat","colon","GSE125483"
"62","ENSRNOG00000011589","+","Camk2d","chr2",231074178,231074238,NA,NA,0.000232435878788,0.0350400525673,"1.0,1.0,1.0","1.0,1.0,0.558","SE","2","Camk2d",27.2416992133599,30.3206810884845,31.2375934289631,31.7864454768195,27.9638068693918,30.7812254828016,29.6885711468926,30.0885793730475,NA,"rat","colon","GSE125483"
"63","ENSRNOG00000011621","-","LOC100911576","chr15",28487616,28487595,NA,NA,0.000217116495857,0.0133526644952,"0.971,0.97,0.91","0.972,0.577,0.85","A3SS","15","LOC100911576",59.5082876968526,59.6322863086693,64.332000472667,48.5625940795141,70.6412395096632,65.6237879525124,65.2991045902816,57.4676274163446,NA,"rat","colon","GSE125483"
"64","ENSRNOG00000011621","-","LOC100911576","chr15",28511145,28511171,NA,NA,0.000163912220941,0.0289999420341,"0.968,1.0,1.0","1.0,1.0,0.511","SE","15","LOC100911576",59.5082876968526,59.6322863086693,64.332000472667,48.5625940795141,70.6412395096632,65.6237879525124,65.2991045902816,57.4676274163446,NA,"rat","colon","GSE125483"
"65","ENSRNOG00000011709","+","Pum1","chr5",148847421,148847692,NA,NA,4.51548672189e-05,0.0132231097947,"0.778,1.0,1.0","1.0,0.959,1.0","SE","5","Pum1",16.70871,17.534424,17.644676,17.213886,14.00552,17.000153,16.1800323333333,17.1890906666667,NA,"rat","colon","GSE125483"
"66","ENSRNOG00000011726","-","Grin1","chr3",2510912,2511023,NA,NA,5.74767051966e-05,0.0155780214712,"0.128,1.0,0.477","0.757,1.0,1.0","SE","3","Grin1",3.09746130046225,3.47559093374422,2.82513191140216,4.37043735901387,2.27741605238829,2.97826864021572,2.91042520878274,3.43101019029276,NA,"rat","colon","GSE125483"
"67","ENSRNOG00000011756","-","Phf3","chr9",37134324,37134593,NA,NA,0.000324210051986,0.0439356356088,"0.878,1.0,1.0","0.854,1.0,0.56","SE","9","Phf3",13.328923,12.071427,11.401111,14.654194,8.36648,13.321287,11.2530646666667,13.128076,NA,"rat","colon","GSE125483"
"68","ENSRNOG00000011791","+","Zfand4","chr4",148233393,148233580,NA,NA,8.14976009084e-05,0.0199345841146,"1.0,1.0,1.0","0.805,0.852,0.779","SE","4","Zfand4",1.89020157277172,2.25873504174502,2.18514555998496,2.55465710492666,2.78456250394885,2.01364426701768,2.35231393757052,2.21000141256111,NA,"rat","colon","GSE125483"
"69","ENSRNOG00000011910","+","Hnrnpr","chr5",154674360,154674468,154676664,154676778,2.74350746565e-08,5.37864638641e-05,"0.998,0.66,0.76","0.523,0.655,0.542","MXE","5","Hnrnpr",18.413374,19.512835,20.085793,20.112774,19.870497,18.868904,19.417412,19.5373136666667,NA,"rat","colon","GSE125483"
"70","ENSRNOG00000011910","+","Hnrnpr","chr5",154676664,154676778,NA,NA,1.28473307404e-06,0.0011689694474,"0.914,1.0,1.0","1.0,1.0,1.0","SE","5","Hnrnpr",18.413374,19.512835,20.085793,20.112774,19.870497,18.868904,19.417412,19.5373136666667,NA,"rat","colon","GSE125483"
"71","ENSRNOG00000011914","+","Dtnb","chr6",28126626,28126716,NA,NA,9.58910052414e-05,0.021450491609,"0.968,1.0,0.939","1.0,0.822,0.828","SE","6","Dtnb",2.17396786059908,2.90228967396313,2.57503971572581,3.106925578053,2.96387035368664,2.39784187125576,2.75466729963518,2.61864438479263,NA,"rat","colon","GSE125483"
"72","ENSRNOG00000011933","+","Csnk2a2","chr19",9987066,9987117,NA,NA,6.23154292798e-05,0.0162001039976,"0.923,1.0,0.955","0.889,0.892,0.845","SE","19","Csnk2a2",18.555286,18.832932,16.430706,20.363253,15.314854,18.259151,17.468979,18.4497483333333,NA,"rat","colon","GSE125483"
"73","ENSRNOG00000012255","+","Ktn1","chr15",24517750,24517819,NA,NA,1.3461016779e-05,0.00629197239378,"0.966,0.984,0.953","0.934,0.959,0.91","SE","15","Ktn1",23.004974,26.399748,24.678663,26.237318,26.541094,24.217058,25.7193,24.6403183333333,NA,"rat","colon","GSE125483"
"74","ENSRNOG00000012259","+","Il22ra2","chr1",15103961,15104131,NA,NA,0.000147809820408,0.0276893440775,"1.0,1.0,0.95","1.0,1.0,0.876","SE","1","Il22ra2",4.499533,3.202836,2.641819,8.068717,2.454205,5.999348,3.885463,5.070023,NA,"rat","colon","GSE125483"
"75","ENSRNOG00000012375","+","Inpp1","chr9",53565192,53565253,NA,NA,6.16410724641e-06,0.00383031610529,"0.983,1.0,0.99","0.952,0.98,0.931","SE","9","Inpp1",16.187599,15.73443,15.32079,17.595779,24.374132,20.757265,20.288609,16.368056,NA,"rat","colon","GSE125483"
"76","ENSRNOG00000012397","-","Zmym4","chr5",144920623,144920774,NA,NA,5.11645227375e-06,0.0033423552456,"1.0,1.0,0.911","0.806,0.906,0.817","SE","5","Zmym4",4.537184,4.684161,4.699139,5.402874,3.987341,5.088331,4.586611,4.87973233333333,NA,"rat","colon","GSE125483"
"77","ENSRNOG00000012559","+","Man1b1","chr3",2566321,2566453,NA,NA,0.000219340770597,0.0336635229669,"0.992,0.995,0.97","0.959,0.954,0.969","SE","3","Man1b1",40.070889,41.855965,41.147408,38.964321,38.891857,40.008926,40.2522493333333,40.0608726666667,NA,"rat","colon","GSE125483"
"78","ENSRNOG00000012802","+","Tenm3","chr16",46865352,46865373,NA,NA,0.000194538553304,0.0313983168647,"0.0,0.0,0.0","0.0,0.0,0.114","SE","16","Tenm3",1.753713,2.721187,2.535744,3.122096,1.858359,2.317253,2.298933,2.47051766666667,NA,"rat","colon","GSE125483"
"79","ENSRNOG00000013064","+","Lrp8","chr5",127450263,127450302,NA,NA,4.47279703123e-05,0.0132231097947,"1.0,1.0,1.0","1.0,1.0,0.726","SE","5","Lrp8",1.912186,1.796129,1.780181,2.179931,1.275694,1.865209,1.64567733333333,1.95743266666667,NA,"rat","colon","GSE125483"
"80","ENSRNOG00000013170","+","LOC100360218","chrX",122764038,122764135,122767701,122767786,0.000143372532409,0.0434781222174,"0.636,0.905,0.893","0.79,0.903,0.998","MXE","X","LOC100360218",52.877064,48.778393,43.419502,50.231247,24.020397,44.692482,39.1637573333333,48.8426043333333,NA,"rat","colon","GSE125483"
"81","ENSRNOG00000013176","+","Far1","chr1",178401748,178401878,NA,NA,5.97592736667e-05,0.0158592397417,"0.798,1.0,1.0","0.936,1.0,0.993","SE","1","Far1",17.9117436932133,24.1631819272853,23.5450938698061,9.23563025831025,28.6037756246537,20.1215575948753,24.2961717156048,16.8974892737766,NA,"rat","colon","GSE125483"
"82","ENSRNOG00000013239","-","Tle4","chr1",231458544,231458541,NA,NA,5.53112620841e-05,0.00644513153895,"1.0,1.0,1.0","1.0,1.0,0.76","A3SS","1","Tle4",7.89975328423093,8.57260113886197,8.69433284701648,9.70559980202132,4.25527426027966,9.39454439041949,7.40747326318704,8.76656197775624,NA,"rat","colon","GSE125483"
"83","ENSRNOG00000013391","-","Sorbs2","chr16",49703469,49703594,NA,NA,0.000357865543986,0.0474861482507,"1.0,0.929,1.0","1.0,0.702,0.904","SE","16","Sorbs2",18.874514,20.440008,21.495712,24.502264,13.550626,27.580297,20.5236436666667,21.6241633333333,NA,"rat","colon","GSE125483"
"84","ENSRNOG00000013408","+","Npas2","chr9",46030440,46030561,NA,NA,9.84614863875e-06,0.0054532680189,"1.0,0.941,1.0","1.0,1.0,0.887","SE","9","Npas2",30.092758,15.478263,14.257379,25.245764,8.564236,31.093,18.3784996666667,23.1986336666667,NA,"rat","colon","GSE125483"
"85","ENSRNOG00000013408","+","Npas2","chr9",46042453,46042536,NA,NA,9.989846119e-05,0.021450491609,"1.0,1.0,1.0","1.0,1.0,0.941","SE","9","Npas2",30.092758,15.478263,14.257379,25.245764,8.564236,31.093,18.3784996666667,23.1986336666667,NA,"rat","colon","GSE125483"
"86","ENSRNOG00000014055","-","Nat1","chr16",23984525,23984800,NA,NA,2.92683892067e-05,0.0100766317813,"0.324,1.0,0.856","1.0,1.0,1.0","SE","16","Nat1",15.6413834545455,15.8336026166008,15.1306946689723,16.3496852164032,17.1372327312253,16.5600298962451,16.5102884146904,15.7072544466403,NA,"rat","colon","GSE125483"
"87","ENSRNOG00000014168","+","Xylb","chr8",128051406,128051487,NA,NA,6.8914143291e-05,0.0170458798896,"1.0,1.0,1.0","0.854,0.875,0.874","SE","8","Xylb",10.644302,8.390118,9.347541,8.019065,8.901354,8.898934,8.73013533333333,9.33696933333333,NA,"rat","colon","GSE125483"
"88","ENSRNOG00000014168","+","Xylb","chr8",128047929,128047999,NA,NA,0.000156509038433,0.0284812912297,"1.0,1.0,1.0","0.834,0.876,0.874","SE","8","Xylb",10.644302,8.390118,9.347541,8.019065,8.901354,8.898934,8.73013533333333,9.33696933333333,NA,"rat","colon","GSE125483"
"89","ENSRNOG00000014204","+","Pacsin3","chr3",80076294,80076385,NA,NA,9.84122126796e-05,0.021450491609,"1.0,1.0,1.0","1.0,1.0,0.802","SE","3","Pacsin3",3.17942521816168,5.95265778294574,5.44687379734219,4.292944213732,4.74633720708749,3.74943891472868,4.81614463492064,4.30641440974529,NA,"rat","colon","GSE125483"
"90","ENSRNOG00000014363","+","Arhgef3","chr16",2837707,2837774,NA,NA,0.000265480575517,0.0379980259688,"1.0,1.0,0.96","0.928,0.895,0.921","SE","16","Arhgef3",10.8717766570026,11.8792714299743,11.0168062974047,14.229378010989,11.2375662560206,12.6015357182605,11.9061244680851,12.0393203217988,NA,"rat","colon","GSE125483"
"91","ENSRNOG00000014521","-","Armc8","chr8",107750783,107750865,NA,NA,3.70130399762e-05,0.0113612195117,"0.832,1.0,0.909","1.0,0.939,0.98","SE","8","Armc8",8.590362,8.976568,9.500268,9.588519,7.987473,8.436526,8.46685566666667,9.226383,NA,"rat","colon","GSE125483"
"92","ENSRNOG00000014521","-","Armc8","chr8",107751168,107751251,NA,NA,2.13934146077e-05,0.00838523113785,"0.827,1.0,0.898","1.0,0.937,0.981","SE","8","Armc8",8.590362,8.976568,9.500268,9.588519,7.987473,8.436526,8.46685566666667,9.226383,NA,"rat","colon","GSE125483"
"93","ENSRNOG00000014531","+","Hbs1l","chr1",16892643,16892744,NA,NA,0.000287142396103,0.040195202338,"0.964,0.948,0.963","1.0,1.0,0.982","SE","1","Hbs1l",22.9257222861915,24.5293574432071,23.6176696603563,25.6606139539718,24.7018367305122,23.9372444342984,24.3894795360059,24.0680019668399,NA,"rat","colon","GSE125483"
"94","ENSRNOG00000014531","+","Hbs1l","chr1",16864463,16864629,NA,NA,0.000379080500921,0.0486559173344,"0.993,1.0,1.0","0.981,0.986,0.949","SE","1","Hbs1l",22.9257222861915,24.5293574432071,23.6176696603563,25.6606139539718,24.7018367305122,23.9372444342984,24.3894795360059,24.0680019668399,NA,"rat","colon","GSE125483"
"95","ENSRNOG00000014599","-","Dhx36","chr2",152792374,152792474,NA,NA,0.0003800497527,0.0486559173344,"0.941,0.986,0.938","0.954,0.942,0.844","SE","2","Dhx36",11.242184,10.910389,10.911809,10.877892,10.26018,11.69446,10.9550096666667,11.0106283333333,NA,"rat","colon","GSE125483"
"96","ENSRNOG00000014744","+","Pacs2","chr6",137875557,137875632,NA,NA,0.000175605060315,0.0302992471342,"0.963,0.91,0.986","0.985,0.985,0.997","SE","6","Pacs2",15.803189,14.150983,15.479287,14.516749,13.978418,14.464212,14.197871,15.2664083333333,NA,"rat","colon","GSE125483"
"97","ENSRNOG00000014900","+","Crem","chr17",57079357,57079393,NA,NA,1.25229613633e-05,0.00601976389911,"0.833,1.0,1.0","0.0,0.0,0.703","SE","17","Crem",2.48930434605489,1.48810137392796,1.77261173863636,1.58052103516295,4.70973619832762,1.49778485956261,2.56520747727273,1.9474790399514,NA,"rat","colon","GSE125483"
"98","ENSRNOG00000015026","+","Arhgef11","chr2",187064325,187064463,NA,NA,0.000350784192419,0.0467902035092,"0.913,0.953,0.85","1.0,0.986,0.948","SE","2","Arhgef11",27.847559451462,23.4291057906433,22.8563139654971,24.1668034883041,21.5173756134503,27.9920535345029,24.3128449795322,24.9568923017544,NA,"rat","colon","GSE125483"
"99","ENSRNOG00000015026","+","Arhgef11","chr2",187044149,187044182,NA,NA,4.90213935667e-07,0.000657325286263,"0.0,0.041,0.0","0.026,0.049,0.047","SE","2","Arhgef11",27.847559451462,23.4291057906433,22.8563139654971,24.1668034883041,21.5173756134503,27.9920535345029,24.3128449795322,24.9568923017544,NA,"rat","colon","GSE125483"
"100","ENSRNOG00000015173","-","Mbtps1","chr19",52167200,52167345,NA,NA,0.000103458535596,0.0216050255031,"0.996,0.995,1.0","1.0,0.977,0.966","SE","19","Mbtps1",43.6053311547729,40.6259666272011,37.0142809288693,47.1743544684893,37.8714913181186,42.1445490634847,40.2140023362681,42.5979888507105,NA,"rat","colon","GSE125483"
"101","ENSRNOG00000015396","+","Sptan1","chr3",8582819,8582834,NA,NA,0,0,"0.0,0.0,0.0","0.0,0.0,0.116","SE","3","Sptan1",82.9109495894501,69.8225518270714,65.5735892562827,75.8139453500871,50.2679264264743,81.544727428216,67.2117352272539,74.7661613986066,NA,"rat","colon","GSE125483"
"102","ENSRNOG00000015994","+","Cd3d","chr8",49285572,49285791,NA,NA,9.56861510101e-05,0.021450491609,"1.0,0.806,1.0","1.0,0.806,0.869","SE","8","Cd3d",1.40216,1.054473,0.925589,13.035858,0.551231,4.72366,2.109788,5.12120233333333,NA,"rat","colon","GSE125483"
"103","ENSRNOG00000016145","+","Strn4","chr1",78756354,78756449,NA,NA,0.000210177075512,0.0324526142595,"0.987,1.0,0.982","1.0,1.0,0.929","SE","1","Strn4",29.4457561211832,25.2406472609733,25.0591570219466,24.1638074503817,23.6553717185115,29.7983322566794,26.2314504120547,26.2229068645038,NA,"rat","colon","GSE125483"
"104","ENSRNOG00000016145","+","Strn4","chr1",78756333,78756449,NA,NA,0.000232084868032,0.0350400525673,"0.978,1.0,0.979","1.0,1.0,0.877","SE","1","Strn4",29.4457561211832,25.2406472609733,25.0591570219466,24.1638074503817,23.6553717185115,29.7983322566794,26.2314504120547,26.2229068645038,NA,"rat","colon","GSE125483"
"105","ENSRNOG00000016545","+","Ift140","chr10",14404988,14405116,NA,NA,1.06060601062e-05,0.00545980700355,"0.862,0.936,0.913","1.0,0.91,1.0","SE","10","Ift140",5.573009,5.784221,5.549012,6.451594,5.377835,6.353121,5.83839233333333,5.85787166666667,NA,"rat","colon","GSE125483"
"106","ENSRNOG00000016813","+","Tia1","chr4",118220887,118220890,NA,NA,0.000396553721188,0.0162587025687,"0.935,1.0,1.0","0.725,0.793,0.872","A3SS","4","Tia1",10.1358764769231,7.93695818461538,9.1623563,10.8888540923077,6.47370187692308,8.31582356153846,7.57549454102564,10.0623622897436,NA,"rat","colon","GSE125483"
"107","ENSRNOG00000016955","-","Mindy3","chr17",79779598,79779713,NA,NA,6.3122853767e-05,0.016244251974,"1.0,1.0,0.914","1.0,1.0,0.873","SE","17","Mindy3",17.840481,19.516819,19.93898,16.607347,17.855555,17.169374,18.1805826666667,18.128936,NA,"rat","colon","GSE125483"
"108","ENSRNOG00000016955","-","Mindy3","chr17",79783658,79783829,NA,NA,0.000154959928323,0.0284022596682,"1.0,1.0,0.918","1.0,1.0,0.825","SE","17","Mindy3",17.840481,19.516819,19.93898,16.607347,17.855555,17.169374,18.1805826666667,18.128936,NA,"rat","colon","GSE125483"
"109","ENSRNOG00000017397","+","Upf3a","chr16",81530455,81530589,NA,NA,0.000229842216614,0.0350400525673,"0.909,0.931,0.922","0.983,0.964,0.961","SE","16","Upf3a",13.778512,15.673405,14.591311,16.811853,13.707014,13.814473,14.3982973333333,15.0605586666667,NA,"rat","colon","GSE125483"
"110","ENSRNOG00000017422","+","Ambra1","chr3",80718405,80718585,NA,NA,0.000202367603091,0.0319854515534,"1.0,0.957,1.0","0.888,0.813,0.918","SE","3","Ambra1",8.54263795689981,6.85107896899811,7.46955416540643,7.25481123459357,6.29457688884688,7.40699226937618,6.85088270907372,7.75566778563327,NA,"rat","colon","GSE125483"
"111","ENSRNOG00000017485","-","Cd72","chr5",58945565,58945717,NA,NA,1.76404306791e-05,0.00735466728124,"1.0,1.0,1.0","1.0,1.0,0.906","SE","5","Cd72",2.276281,0.897043,1.075749,10.167908,1.93802,12.001284,4.945449,4.506646,NA,"rat","colon","GSE125483"
"112","ENSRNOG00000017489","+","Gse1","chr19",54125780,54125999,NA,NA,1.07292620404e-05,0.00545980700355,"1.0,0.815,0.888","0.729,0.834,0.761","SE","19","Gse1",12.340956,11.632545,11.46681,13.512549,6.190574,10.063698,9.29560566666667,12.440105,NA,"rat","colon","GSE125483"
"113","ENSRNOG00000017548","+","Fam53a","chr14",82405272,82406036,NA,NA,0.000108457886263,0.0222837223252,"0.534,1.0,0.886","1.0,1.0,0.927","SE","14","Fam53a",5.495574,6.326901,5.899165,6.461243,5.379054,5.243496,5.649817,5.951994,NA,"rat","colon","GSE125483"
"114","ENSRNOG00000017548","+","Fam53a","chr14",82402607,82402662,NA,NA,0.000181050447553,0.0307508150154,"0.885,1.0,0.894","1.0,1.0,0.985","SE","14","Fam53a",5.495574,6.326901,5.899165,6.461243,5.379054,5.243496,5.649817,5.951994,NA,"rat","colon","GSE125483"
"115","ENSRNOG00000017642","-","Acbd5","chr17",89905175,89905367,NA,NA,1.21832082089e-07,0.000258659662948,"0.895,0.943,1.0","1.0,0.932,1.0","SE","17","Acbd5",20.218893,19.950075,19.856678,21.180614,16.570404,23.236929,19.919136,20.4187283333333,NA,"rat","colon","GSE125483"
"116","ENSRNOG00000017660","+","Inpp4a","chr9",43980213,43980246,NA,NA,1.09294719622e-05,0.00545980700355,"0.794,0.79,0.715","0.406,0.313,0.475","SE","9","Inpp4a",6.764581,6.425405,6.53588,7.631257,4.138852,6.584561,5.71627266666667,6.97723933333333,NA,"rat","colon","GSE125483"
"117","ENSRNOG00000017702","-","Gpld1","chr17",42112752,42112807,NA,NA,0.000363490745161,0.047982661733,"0.942,1.0,1.0","1.0,1.0,0.594","SE","17","Gpld1",5.198351,4.887656,5.306398,5.169322,4.681598,4.804142,4.791132,5.22469033333333,NA,"rat","colon","GSE125483"
"118","ENSRNOG00000017729","+","Psmg2","chr18",63400336,63400395,NA,NA,6.81089179166e-07,0.000723004542401,"1.0,0.99,0.989","0.945,0.985,0.934","SE","18","Psmg2",13.744666,13.349657,13.857809,13.865278,17.085033,14.628431,15.0210403333333,13.8225843333333,NA,"rat","colon","GSE125483"
"119","ENSRNOG00000017791","+","Arhgap12","chr17",54300692,54301447,NA,NA,0.000100192664029,0.021450491609,"1.0,1.0,0.951","0.951,0.978,0.785","SE","17","Arhgap12",17.8999226655765,14.5827769080131,15.7604219918234,17.4463876911284,13.7925026802944,17.0187374507359,15.1313390130145,17.0355774495094,NA,"rat","colon","GSE125483"
"120","ENSRNOG00000017938","+","Btaf1","chr1",255618573,255618678,NA,NA,0.000280916686133,0.0399826467201,"1.0,1.0,1.0","0.913,1.0,0.907","SE","1","Btaf1",6.68558482670756,6.64739271676301,7.27987974188982,7.68784019417247,6.28053320301994,6.37823563666391,6.43538718548229,7.21776825425662,NA,"rat","colon","GSE125483"
"121","ENSRNOG00000018144","-","Depdc5","chr14",83149832,83149898,NA,NA,0.000154420700098,0.0284022596682,"0.845,1.0,1.0","0.892,1.0,1.0","SE","14","Depdc5",2.68340168077155,2.19640765509343,2.51269622242315,3.66102132284509,1.97662571223629,3.17384215708258,2.44895850813743,2.9523730753466,NA,"rat","colon","GSE125483"
"122","ENSRNOG00000018184","-","Tpm1","chr8",72840038,72840164,72840379,72840505,7.88098194234e-05,0.0301429870981,"0.979,0.913,0.975","0.965,0.972,0.981","MXE","8","Tpm1",363.361301524069,546.954891970475,603.591730934211,601.278352428113,432.495549025032,662.79502411104,547.415155035516,522.743794962131,NA,"rat","colon","GSE125483"
"123","ENSRNOG00000018272","+","Zfp511","chr1",212359742,212359816,NA,NA,0.000206549277655,0.032086926505,"0.966,1.0,1.0","1.0,0.955,0.873","SE","1","Zfp511",6.076636,6.076578,5.919575,6.858941,6.403427,6.495076,6.325027,6.28505066666667,NA,"rat","colon","GSE125483"
"124","ENSRNOG00000018372","+","Cul9","chr9",16843557,16843631,NA,NA,8.81259639369e-05,0.0207716156823,"1.0,1.0,1.0","1.0,0.797,0.907","SE","9","Cul9",2.52193040824981,2.56529368504241,2.52083183191981,3.01262916846569,2.38409356553585,2.53702558673863,2.4954709457723,2.6851304695451,NA,"rat","colon","GSE125483"
"125","ENSRNOG00000018642","-","Leng8","chr1",73725340,73725548,NA,NA,1.3211653993e-14,1.12197769593e-10,"1.0,1.0,1.0","1.0,1.0,0.906","SE","1","Leng8",101.707912491065,79.3743401166783,90.7749833624737,99.4151539241415,75.319134903644,90.1573032627891,81.6169260943705,97.2993499258934,NA,"rat","colon","GSE125483"
"126","ENSRNOG00000019332","-","Gtpbp2","chr9",17202253,17202473,NA,NA,5.39763237397e-05,0.0149414192028,"0.946,1.0,1.0","0.962,0.971,0.869","SE","9","Gtpbp2",22.7893447954106,21.5394465344208,23.7803204257672,19.0178198617639,25.0082323942494,24.1230929651645,23.5569239646116,21.8624950276472,NA,"rat","colon","GSE125483"
"127","ENSRNOG00000019736","-","Nfs1","chr3",152207641,152207776,152208765,152208859,8.45633404946e-05,0.0301429870981,"0.757,1.0,1.0","0.555,0.0,0.416","MXE","3","Nfs1",0,20.863468,0,18.344488,19.982342,18.053707,19.6331723333333,6.11482933333333,NA,"rat","colon","GSE125483"
"128","ENSRNOG00000019763","+","Mlph","chr9",98096641,98096794,NA,NA,0.000112996739649,0.0228477613971,"0.934,0.889,0.968","0.945,0.99,0.977","SE","9","Mlph",17.9564349848988,19.1907923355482,20.0174259057686,21.0645727677439,17.449629,18.5129950477197,18.384472127756,19.6794778861371,NA,"rat","colon","GSE125483"
"129","ENSRNOG00000019986","-","Pot1","chr4",51902144,51902230,NA,NA,6.55286705612e-05,0.0165294449494,"0.983,1.0,1.0","1.0,1.0,0.911","SE","4","Pot1",6.97803037350706,6.49888607455664,6.21884202099168,8.15333103365907,7.18155935432501,7.32981279985523,7.00341940957896,7.1167344760526,NA,"rat","colon","GSE125483"
"130","ENSRNOG00000020004","-","Rbm34","chr19",59885974,59886018,NA,NA,4.52093559045e-06,0.00323184592072,"0.982,0.967,1.0","1.0,0.95,0.856","SE","19","Rbm34",7.743285,7.721849,7.700382,7.089727,7.673069,7.200021,7.53164633333333,7.51113133333333,NA,"rat","colon","GSE125483"
"131","ENSRNOG00000020392","-","Stxbp3","chr2",211623114,211623215,NA,NA,1.05409667933e-05,0.00545980700355,"0.98,1.0,1.0","0.985,1.0,0.93","SE","2","Stxbp3",23.994884,25.285042,24.803564,27.404556,26.077713,26.989161,26.1173053333333,25.4010013333333,NA,"rat","colon","GSE125483"
"132","ENSRNOG00000020416","-","Zfr2","chr7",11349033,11349199,NA,NA,0.000176013210969,0.0302992471342,"0.774,0.836,1.0","1.0,1.0,0.95","SE","7","Zfr2",2.375804,4.026177,3.213285,3.163218,2.912037,2.291894,3.07670266666667,2.91743566666667,NA,"rat","colon","GSE125483"
"133","ENSRNOG00000020560","+","AABR07005821.1","chr1",201625929,201625959,NA,NA,3.29515737019e-06,0.00253291962351,"0.889,0.927,0.553","0.403,0.492,0.56","SE","1","AABR07005821.1",114.690745456258,600.316275212144,635.208606644114,575.759501427509,683.609248669641,167.07908803767,483.668203973152,441.886284509294,NA,"rat","colon","GSE125483"
"134","ENSRNOG00000020577","-","Pip5k1c","chr7",11269820,11269898,11271255,11271333,0.000144150877028,0.0434781222174,"0.0,0.0,0.0","0.0,0.091,0.122","MXE","7","Pip5k1c",10.3819396385932,11.6625759018973,12.1250507547432,14.5867269990745,9.31837824294308,10.7041381101342,10.5616974183249,12.364572464137,NA,"rat","colon","GSE125483"
"135","ENSRNOG00000020587","+","Efemp2","chr1",220857254,220857377,NA,NA,5.12804243513e-11,2.6129427424e-07,"0.847,0.972,0.934","0.962,0.983,1.0","SE","1","Efemp2",9.5985676993007,14.8472050851875,15.0852605734266,13.1687320699301,14.3396034551812,12.5590916395423,13.9153000599703,12.6175201142191,NA,"rat","colon","GSE125483"
"136","ENSRNOG00000020731","-","Ppfia3","chr1",101332922,101332949,NA,NA,2.94667177991e-06,0.00234601115427,"0.784,0.42,1.0","0.0,0.0,0.143","SE","1","Ppfia3",0.767304,1.223034,0.980042,0.962361,2.202861,0.956767,1.46088733333333,0.903235666666667,NA,"rat","colon","GSE125483"
"137","ENSRNOG00000020884","-","Cd6","chr1",226856991,226857294,NA,NA,0.000309913060784,0.0426812346992,"1.0,1.0,1.0","1.0,1.0,0.727","SE","1","Cd6",0.985208589331075,0.631306650296359,0.545843049957663,4.42337981879763,2.68660898052498,1.82070815749365,1.712874596105,1.98481048602879,NA,"rat","colon","GSE125483"
"138","ENSRNOG00000020892","-","Dpf2","chr1",221260377,221260419,NA,NA,1.58454540209e-05,0.00696025227742,"0.044,0.061,0.013","0.028,0.02,0.016","SE","1","Dpf2",35.3122372122186,36.2001447186495,35.2491948504823,39.6272422636656,32.3951435257235,40.3706575401929,36.3219819281886,36.7295581087888,NA,"rat","colon","GSE125483"
"139","ENSRNOG00000021096","+","Tmem143","chr1",101886174,101886279,NA,NA,1.96356135795e-07,0.000357326090832,"1.0,1.0,0.94","0.745,1.0,0.78","SE","1","Tmem143",3.76743983776996,3.8346256418885,3.87069223254646,4.12806957709694,3.58578874836765,3.41672972727273,3.61238137250963,3.92206721580445,NA,"rat","colon","GSE125483"
"140","ENSRNOG00000021176","+","Mtmr11","chr2",198306065,198306154,NA,NA,3.22835486269e-05,0.010821055838,"0.937,0.992,0.942","0.893,0.87,0.885","SE","2","Mtmr11",162.080765,86.25943,85.847557,75.142342,73.591393,144.18042,101.343747666667,107.690221333333,NA,"rat","colon","GSE125483"
"141","ENSRNOG00000021237","-","RGD1565616","chr3",123278842,123278989,NA,NA,3.15900787409e-05,0.0107309391478,"0.879,0.723,0.93","1.0,1.0,0.988","SE","3","RGD1565616",2.606275,3.882494,4.241204,5.366664,3.610456,3.477784,3.65691133333333,4.071381,NA,"rat","colon","GSE125483"
"142","ENSRNOG00000021536","-","Plxdc1","chr10",85904637,85904707,NA,NA,0.000309927715954,0.0426812346992,"0.686,1.0,1.0","1.0,1.0,0.964","SE","10","Plxdc1",1.079436,0.96546,1.205539,1.104713,0.690498,1.247193,0.967717,1.129896,NA,"rat","colon","GSE125483"
"143","ENSRNOG00000021678","-","Alkbh3","chr3",82904385,82904535,NA,NA,0.000194061820264,0.0313983168647,"1.0,0.979,0.649","1.0,0.944,1.0","SE","3","Alkbh3",22.406679,25.65707,24.4072,23.357979,29.803877,21.870544,25.7771636666667,23.3906193333333,NA,"rat","colon","GSE125483"
"144","ENSRNOG00000022153","+","Tmem134","chr1",219375803,219375880,NA,NA,9.7163235936e-05,0.021450491609,"1.0,1.0,1.0","1.0,1.0,0.787","SE","1","Tmem134",71.8464520792079,68.0630169504951,63.4687363564356,67.7768526039604,81.1722718415841,59.8599342079208,69.6984076666667,67.6973470132013,NA,"rat","colon","GSE125483"
"145","ENSRNOG00000022305","-","Abcc1","chr10",632872,633049,NA,NA,6.18429342494e-05,0.0162001039976,"1.0,1.0,0.857","0.612,0.682,0.824","SE","10","Abcc1",6.075638,5.073226,5.699553,7.248013,3.928329,5.92732,4.97629166666667,6.341068,NA,"rat","colon","GSE125483"
"146","ENSRNOG00000022343","+","Alms1","chr4",117445676,117446827,NA,NA,2.52468282061e-05,0.00932193394503,"0.742,0.873,1.0","1.0,1.0,1.0","SE","4","Alms1",2.750453,2.937846,2.967733,3.767731,3.103444,3.027838,3.02304266666667,3.16197233333333,NA,"rat","colon","GSE125483"
"147","ENSRNOG00000022781","-","Ccser2","chr16",14100973,14101013,NA,NA,0.000205243811544,0.0320797336608,"0.0,0.0,0.0","0.051,0.0,0.084","SE","16","Ccser2",3.278719,3.172278,3.889113,4.273999,1.953402,3.497156,2.87427866666667,3.81394366666667,NA,"rat","colon","GSE125483"
"148","ENSRNOG00000023079","+","Nras","chr2",205555203,205555382,NA,NA,3.50891239218e-05,0.011225519489,"0.994,1.0,0.983","1.0,0.979,0.942","SE","2","Nras",24.355942,23.594673,25.392784,26.40958,20.319435,25.392872,23.1023266666667,25.386102,NA,"rat","colon","GSE125483"
"149","ENSRNOG00000024140","-","Sft2d1","chr1",53002341,53002400,NA,NA,0.000365623252571,0.0480153794111,"0.959,0.986,1.0","0.971,0.942,0.925","SE","1","Sft2d1",63.670811,59.261227,60.550842,67.080727,64.510017,65.055458,62.942234,63.76746,NA,"rat","colon","GSE125483"
"150","ENSRNOG00000024140","-","Sft2d1","chr1",53003959,53003995,NA,NA,0.000194592877195,0.0313983168647,"0.945,0.985,1.0","0.966,0.923,0.901","SE","1","Sft2d1",63.670811,59.261227,60.550842,67.080727,64.510017,65.055458,62.942234,63.76746,NA,"rat","colon","GSE125483"
"151","ENSRNOG00000024737","+","Tnrc6a","chr1",193097000,193097088,NA,NA,2.33711370701e-07,0.000396950972757,"1.0,1.0,1.0","0.801,1.0,0.757","SE","1","Tnrc6a",8.77974140040433,8.82436588666905,9.13984474967297,11.0363887065049,4.43875750660007,9.33685085610655,7.53332474979189,9.65199161886073,NA,"rat","colon","GSE125483"
"152","ENSRNOG00000024849","+","Tor1aip2","chr13",73728184,73728994,NA,NA,0.000383927152637,0.0489065603387,"0.87,0.986,1.0","1.0,1.0,0.983","SE","13","Tor1aip2",36.349823,34.443382,32.472233,34.015766,25.692636,38.259987,32.7986683333333,34.279274,NA,"rat","colon","GSE125483"
"153","ENSRNOG00000024863","+","Fam76b","chr8",12368290,12368392,NA,NA,1.78980795006e-05,0.00735466728124,"1.0,0.973,0.953","1.0,1.0,0.894","SE","8","Fam76b",11.64447,10.431334,11.34562,11.556568,9.99696,11.254611,10.5609683333333,11.5155526666667,NA,"rat","colon","GSE125483"
"154","ENSRNOG00000025354","+","Rinl","chr1",86981564,86981696,NA,NA,3.38027504021e-06,0.00253291962351,"0.697,0.848,0.848","1.0,1.0,0.982","SE","1","Rinl",0.907813647836538,0.762389618689904,0.945736291766827,2.37650140144231,0.925866681490385,1.32013995252404,1.00279875090144,1.41001711368189,NA,"rat","colon","GSE125483"
"155","ENSRNOG00000025848","+","Sspo","chr4",78090237,78090494,NA,NA,0.000200287506547,0.0318920300269,"1.0,1.0,1.0","1.0,0.0,0.0","SE","4","Sspo",2.369923,1.424201,1.756301,2.140333,1.280773,1.539999,1.414991,2.08885233333333,NA,"rat","colon","GSE125483"
"156","ENSRNOG00000025923","+","Zmiz2","chr14",86521229,86521432,86521639,86521823,7.23712651486e-05,0.0301429870981,"0.893,1.0,0.482","0.113,1.0,0.0","MXE","14","Zmiz2",9.596831,8.304896,7.835752,10.145863,6.876036,9.434533,8.205155,9.19281533333333,NA,"rat","colon","GSE125483"
"157","ENSRNOG00000025981","+","Ska2","chr10",74424572,74424749,NA,NA,6.45701981217e-07,0.000715241277194,"1.0,1.0,1.0","1.0,1.0,0.74","SE","10","Ska2",5.819685,6.369572,5.464242,6.569572,5.524931,5.529367,5.80795666666667,5.95116633333333,NA,"rat","colon","GSE125483"
"158","ENSRNOG00000026039","+","Tspan32","chr1",216193568,216193666,NA,NA,1.92443445781e-05,0.00778235185423,"1.0,1.0,1.0","1.0,1.0,0.837","SE","1","Tspan32",0.989755,0.606366,0.280709,7.202922,0.419927,3.676173,1.56748866666667,2.824462,NA,"rat","colon","GSE125483"
"159","ENSRNOG00000026236","+","Morc3","chr11",34083811,34083869,NA,NA,0.000331459999372,0.044680457164,"0.98,1.0,1.0","0.963,1.0,0.925","SE","11","Morc3",16.0757740403321,15.0726063729537,16.3537228676157,20.5838449857651,14.8764804078292,18.3006222092527,16.0832363300119,17.671113964571,NA,"rat","colon","GSE125483"
"160","ENSRNOG00000026336","+","Tmem255b","chr16",81203968,81204054,NA,NA,1.75736943613e-05,0.00735466728124,"0.824,0.916,1.0","1.0,1.0,1.0","SE","16","Tmem255b",3.0717865123885,2.72681195639247,2.76172483944499,2.04370926164519,2.3465492011893,2.74166110307235,2.60500742021804,2.62574020449289,NA,"rat","colon","GSE125483"
"161","ENSRNOG00000026425","+","Ppp6r2","chr7",130255106,130255263,NA,NA,5.5176035918e-07,0.000669390412897,"0.983,1.0,1.0","0.975,0.987,0.928","SE","7","Ppp6r2",29.6478925198166,26.767286929905,25.5350978922371,27.2835120415984,26.0731964847691,29.1698848529315,27.3367894225352,27.4888341512174,NA,"rat","colon","GSE125483"
"162","ENSRNOG00000026716","+","Rpl9","chr14",44526842,44526923,NA,NA,4.40802003121e-07,0.000623906257417,"1.0,1.0,1.0","1.0,1.0,0.971","SE","14","Rpl9",56.2430905465484,193.829296867638,95.1303881773274,137.363983398987,55.7938426618113,48.1753810120329,99.2661735138274,96.2458207076209,NA,"rat","colon","GSE125483"
"163","ENSRNOG00000028250","+","Lax1","chr13",50165652,50165836,NA,NA,4.56672501259e-06,0.00323184592072,"1.0,1.0,1.0","1.0,1.0,0.842","SE","13","Lax1",3.525522,1.052425,0.965558,15.586655,0.332786,12.209443,4.53155133333333,6.69257833333333,NA,"rat","colon","GSE125483"
"164","ENSRNOG00000028319","+","Cryz","chr2",260891042,260891159,NA,NA,9.08161885227e-06,0.00514160896665,"0.769,0.928,1.0","1.0,0.878,1.0","SE","2","Cryz",2.759865,4.186316,3.692969,4.119884,3.933675,2.761901,3.62729733333333,3.52423933333333,NA,"rat","colon","GSE125483"
"165","ENSRNOG00000028594","+","Ifnar1","chr11",31650197,31650376,NA,NA,0.000318510143782,0.0436273275975,"1.0,1.0,1.0","1.0,0.978,0.938","SE","11","Ifnar1",10.4517502879863,9.73119262735503,10.5793036376315,13.8567678206508,8.04251105749939,11.2482406346954,9.67398143984994,11.6292739154229,NA,"rat","colon","GSE125483"
"166","ENSRNOG00000030246","-","Btla","chr11",60536064,60536385,NA,NA,3.82622932202e-05,0.011604862433,"1.0,1.0,1.0","1.0,1.0,0.845","SE","11","Btla",1.15581582960894,0.344401395251397,0.360286452513967,9.57111369832402,0.231717434357542,5.84730180586592,2.14114021182495,3.69573866014898,NA,"rat","colon","GSE125483"
"167","ENSRNOG00000031661","+","Zfp839","chr6",135278842,135279070,NA,NA,0.000110786317314,0.0225800240497,"0.785,0.9,0.907","1.0,1.0,1.0","SE","6","Zfp839",2.744753,2.39197090393013,1.884111,2.593178,2.14320415283843,2.20877474672489,2.24798326783115,2.40734733333333,NA,"rat","colon","GSE125483"
"168","ENSRNOG00000031716","-","Ecm2","chr17",15552277,15552466,NA,NA,2.88740638504e-05,0.0100766317813,"0.433,0.0,1.0","1.0,1.0,0.45","SE","17","Ecm2",2.70475676896312,4.25723067397356,3.99301096764092,3.07547484168406,1.96902474947808,3.66213076270007,3.29612872871724,3.25774752609603,NA,"rat","colon","GSE125483"
"169","ENSRNOG00000032364","-","Tbcel","chr8",46723461,46723643,NA,NA,2.90805232716e-05,0.0100766317813,"0.987,1.0,1.0","0.962,0.95,0.894","SE","8","Tbcel",7.422151,6.296248,5.923627,8.757195,2.817589,6.976579,5.363472,7.36765766666667,NA,"rat","colon","GSE125483"
"170","ENSRNOG00000032922","+","Dclk1","chr2",144878997,144879000,NA,NA,1.6978093354e-05,0.00417661096508,"1.0,1.0,1.0","1.0,1.0,0.869","A3SS","2","Dclk1",2.05754370465769,3.07172034492108,2.32614188331558,1.77892066553694,1.98536616452019,3.09459973913043,2.7172287495239,2.0542020845034,NA,"rat","colon","GSE125483"
"171","ENSRNOG00000033531","-","Cacna2d1","chr4",15741163,15741184,NA,NA,2.60787517636e-06,0.00214325276994,"0.012,0.0,0.0","0.0,0.0,0.069","SE","4","Cacna2d1",5.40990723807181,6.14614828184948,7.75586047368421,12.8190139390064,3.67652809247418,8.22704844318741,6.01657493917036,8.66159388358747,NA,"rat","colon","GSE125483"
"172","ENSRNOG00000033835","-","Dnm1","chr3",11352633,11352645,NA,NA,1.38324601673e-06,0.00121520547477,"0.125,0.0,0.0","0.0,0.0,0.0","SE","3","Dnm1",4.410094,6.78825927289778,4.46918246326977,3.93355494404501,3.542221,4.823092,5.05119075763259,4.27094380243826,NA,"rat","colon","GSE125483"
"173","ENSRNOG00000034116","-","Gk","chrX",54261299,54261317,NA,NA,0.000252602622568,0.0365656648589,"0.0,0.0,0.0","0.0,0.201,0.046","SE","X","Gk",6.44619558934022,4.82997889481099,5.81666226790326,4.28304299060812,5.50231249049072,6.46250371613055,5.59826503381075,5.5153002826172,NA,"rat","colon","GSE125483"
"174","ENSRNOG00000036760","+","Tmc5","chr1",188326762,188326838,NA,NA,0.000184162951348,0.0310723146456,"0.967,0.979,0.956","1.0,0.991,0.984","SE","1","Tmc5",37.0760799137056,43.5412864251269,39.2452855525381,32.6348235852792,61.2713195228426,36.610563543401,47.1410564971235,36.318729683841,NA,"rat","colon","GSE125483"
"175","ENSRNOG00000037449","-","Pole","chr12",52408213,52408391,NA,NA,0.000194275582605,0.0313983168647,"0.859,0.945,1.0","1.0,1.0,1.0","SE","12","Pole",2.102222,2.345114,2.192554,2.877892,1.930123,2.645232,2.306823,2.39088933333333,NA,"rat","colon","GSE125483"
"176","ENSRNOG00000037655","+","Gatb","chr2",184660796,184660930,NA,NA,0.00036805939322,0.0480874315952,"0.885,0.929,1.0","1.0,1.0,0.983","SE","2","Gatb",7.01907031972398,6.18541967395055,6.21303906785509,7.11220988614146,6.80922550891317,6.45226449741231,6.48230322675868,6.78143975790684,NA,"rat","colon","GSE125483"
"177","ENSRNOG00000037655","+","Gatb","chr2",184671220,184671299,NA,NA,0.000190242967447,0.0313983168647,"0.867,0.898,1.0","1.0,1.0,0.985","SE","2","Gatb",7.01907031972398,6.18541967395055,6.21303906785509,7.11220988614146,6.80922550891317,6.45226449741231,6.48230322675868,6.78143975790684,NA,"rat","colon","GSE125483"
"178","ENSRNOG00000037871","-","Sfxn5","chr4",117036342,117036433,NA,NA,4.77140794464e-05,0.0135067955784,"0.994,0.967,0.97","0.877,1.0,0.92","SE","4","Sfxn5",24.213705,13.706977,14.511499,13.298226,8.204093,18.113585,13.3415516666667,17.3411433333333,NA,"rat","colon","GSE125483"
"179","ENSRNOG00000040108","+","RGD1565355","chr4",14186482,14186556,14236256,14236330,1.01676770716e-05,0.00569535168539,"1.0,0.975,0.929","1.0,1.0,0.886","MXE","4","RGD1565355",3.22833341138797,3.29431858240769,3.28038593705594,5.5121435669969,2.55385094906435,2.90935588051636,2.91917513732947,4.00695430514694,NA,"rat","colon","GSE125483"
"180","ENSRNOG00000043182","-","Sept6","chrX",123527925,123527999,123532968,123533013,7.69088886787e-06,0.00569535168539,"0.065,0.028,0.05","0.349,0.094,0.386","MXE","X","Sept6",3.61651918965517,6.92149974022989,5.93180970574713,12.0592264681034,6.91033140775862,6.36933483362069,6.73372199386973,7.2025184545019,NA,"rat","colon","GSE125483"
"181","ENSRNOG00000043182","-","Sept6","chrX",123532968,123533013,NA,NA,5.25366861126e-10,2.23079525348e-06,"0.035,0.045,0.026","0.29,0.095,0.256","SE","X","Sept6",3.61651918965517,6.92149974022989,5.93180970574713,12.0592264681034,6.91033140775862,6.36933483362069,6.73372199386973,7.2025184545019,NA,"rat","colon","GSE125483"
"182","ENSRNOG00000043182","-","Sept6","chrX",123532968,123533013,NA,NA,1.84340320342e-07,0.000357326090832,"0.198,0.0,0.169","1.0,1.0,0.576","SE","X","Sept6",3.61651918965517,6.92149974022989,5.93180970574713,12.0592264681034,6.91033140775862,6.36933483362069,6.73372199386973,7.2025184545019,NA,"rat","colon","GSE125483"
"183","ENSRNOG00000043182","-","Sept6","chrX",123532968,123533013,NA,NA,4.764107003e-05,0.0135067955784,"0.179,0.38,0.234","1.0,1.0,0.628","SE","X","Sept6",3.61651918965517,6.92149974022989,5.93180970574713,12.0592264681034,6.91033140775862,6.36933483362069,6.73372199386973,7.2025184545019,NA,"rat","colon","GSE125483"
"184","ENSRNOG00000045863","-","Naa16","chr15",61620461,61620614,NA,NA,5.0925099091e-05,0.0142573488961,"1.0,1.0,0.957","1.0,1.0,0.854","SE","15","Naa16",6.74298,8.36892,7.638878,10.301156,6.967089,8.24892,7.861643,8.22767133333333,NA,"rat","colon","GSE125483"
"185","ENSRNOG00000047453","+","Casd1","chr4",29686373,29686451,NA,NA,0.000167952190652,0.029509779043,"0.995,0.942,0.984","0.959,1.0,0.954","SE","4","Casd1",31.425764,41.790813,38.908802,49.329365,22.03595,37.777695,33.8681526666667,39.887977,NA,"rat","colon","GSE125483"
"186","ENSRNOG00000047573","+","Ttc39a","chr5",129287122,129287239,NA,NA,0,0,"0.185,0.059,0.43","1.0,1.0,1.0","SE","5","Ttc39a",16.414113175,0,14.7140428427632,0,0,0,0,10.3760520059211,NA,"rat","colon","GSE125483"
"187","ENSRNOG00000048226","+","LOC100911295","chr11",39485164,39485287,NA,NA,1.15759892783e-08,3.27690532048e-05,"0.996,0.919,1.0","1.0,0.973,0.853","SE","11","LOC100911295",20.149395,30.136513,31.215748,26.864628,30.62816,23.546112,28.103595,26.0765903333333,NA,"rat","colon","GSE125483"
"188","ENSRNOG00000048736","+","Mllt1","chr9",10144874,10145000,NA,NA,0.000244831786977,0.0357822388795,"0.935,0.978,1.0","1.0,1.0,1.0","SE","9","Mllt1",18.83164,18.064205,18.623854,16.869158,18.535633,19.339149,18.646329,18.1082173333333,NA,"rat","colon","GSE125483"
"189","ENSRNOG00000048849","-","Pdss1","chr17",90051679,90051789,NA,NA,0.000135017832816,0.0260594645959,"0.97,0.988,0.97","0.922,0.991,0.914","SE","17","Pdss1",23.748121,25.337194,27.531887,22.636232,30.743179,20.08041,25.3869276666667,24.6387466666667,NA,"rat","colon","GSE125483"
"190","ENSRNOG00000048870","+","St6galnac4","chr3",11610248,11610434,NA,NA,4.96173449549e-06,0.00332658183531,"0.869,1.0,0.963","1.0,0.976,0.989","SE","3","St6galnac4",31.208052,21.404322,23.316004,14.271356,6.190501,33.472569,20.3557973333333,22.931804,NA,"rat","colon","GSE125483"
"191","ENSRNOG00000049007","-","LOC100911313","chr3",112606454,112606535,NA,NA,9.74543722831e-05,0.021450491609,"0.789,1.0,0.03","1.0,1.0,0.737","SE","3","LOC100911313",11.141814,12.554561,15.02934,10.022112,13.669697,13.346171,13.190143,12.064422,NA,"rat","colon","GSE125483"
"192","ENSRNOG00000049370","+","Lsm6","chr19",32781384,32781498,NA,NA,0.000293072320078,0.0408011120144,"0.959,1.0,1.0","1.0,1.0,0.994","SE","19","Lsm6",7.327402,9.914596,8.539956,10.232747,10.066233,8.196948,9.39259233333333,8.700035,NA,"rat","colon","GSE125483"
"193","ENSRNOG00000050181","-","Chid1","chr1",214487330,214487432,NA,NA,0.000161719708774,0.0289999420341,"0.215,0.291,0.0","1.0,1.0,0.396","SE","1","Chid1",8.44340404237288,9.91604223529412,9.98567374277169,9.11610854586241,11.9810841490528,8.99747261465603,10.2981996663343,9.18172877700233,NA,"rat","colon","GSE125483"
"194","ENSRNOG00000050805","-","Tsc22d4","chr12",22019887,22020902,NA,NA,1.15463194561e-13,7.35413951958e-10,"0.095,0.116,0.37","1.0,1.0,1.0","SE","12","Tsc22d4",24.530722,20.875385,21.983747,24.056351,17.718874,19.925062,19.5064403333333,23.5236066666667,NA,"rat","colon","GSE125483"
"195","ENSRNOG00000050854","+","Clcn2","chr11",82871449,82871509,NA,NA,4.66921246839e-05,0.0135067955784,"0.929,1.0,1.0","0.856,1.0,0.537","SE","11","Clcn2",66.337983261498,53.8417194034166,65.8519723823916,57.5498833114323,64.5499182785808,51.1713327266754,56.5209901362243,63.2466129851073,NA,"rat","colon","GSE125483"
"196","ENSRNOG00000052167","-","Marveld2","chr2",30617335,30617332,NA,NA,0.000294977012682,0.014512869024,"1.0,1.0,0.962","1.0,0.944,0.944","A3SS","2","Marveld2",11.706086862069,8.69233734051724,8.96476862823276,9.35046296695402,9.61121373311782,9.50422132543104,9.26925746635537,10.0071061524186,NA,"rat","colon","GSE125483"
"197","ENSRNOG00000052247","+","Manba","chr2",240699993,240700169,NA,NA,0.000323330621363,0.0439356356088,"0.856,0.968,0.871","1.0,1.0,0.959","SE","2","Manba",8.781679,7.295994,6.144063,6.75941,9.667122,8.497899,8.487005,7.228384,NA,"rat","colon","GSE125483"
"198","ENSRNOG00000052870","-","AC131411.1","chr14",11312042,11312144,NA,NA,2.59241642587e-05,0.00939178331566,"0.837,0.0,0.0","1.0,1.0,0.804","SE","14","AC131411.1",0.610961,0.306456,0.28817,0.344262,0.109006,0.214212,0.209891333333333,0.414464333333333,NA,"rat","colon","GSE125483"
"199","ENSRNOG00000053200","-","AABR07068161.1","chr9",86315291,86315367,NA,NA,1.2098570682e-06,0.00114161216765,"0.073,0.111,0.008","0.0,0.021,0.01","SE","9","AABR07068161.1",3.54926939288698,2.47763067728846,2.77605887850579,8.21457413199666,2.45693407745554,5.23750241747225,3.39068905740542,4.84663413446314,NA,"rat","colon","GSE125483"
"200","ENSRNOG00000053787","+","Mdfic","chr4",42252579,42252858,NA,NA,0.000377019083275,0.0486559173344,"1.0,1.0,1.0","0.931,1.0,0.929","SE","4","Mdfic",7.232677,9.298065,9.731791,9.463747,8.2765,7.539474,8.37134633333333,8.809405,NA,"rat","colon","GSE125483"
"201","ENSRNOG00000054404","+","LOC685716","chr11",60268122,60268237,NA,NA,0.000144861825898,0.0273381091734,"0.733,0.619,0.886","0.94,0.879,0.918","SE","11","LOC685716",10.4983154433437,8.5404979250774,11.8672039609907,12.5133214513932,11.0761388941176,8.39748118390093,9.33803933436531,11.6262802852425,NA,"rat","colon","GSE125483"
"202","ENSRNOG00000056106","+","Dip2b","chr7",141821884,141822034,NA,NA,0.000137233135805,0.0262878842173,"0.747,0.865,0.871","1.0,1.0,0.936","SE","7","Dip2b",7.475964,6.042741,6.645921,10.14579,5.427782,7.242692,6.23773833333333,8.089225,NA,"rat","colon","GSE125483"
"203","ENSRNOG00000056337","+","Crtc2","chr2",189621085,189621154,NA,NA,0.000335494057604,0.0449862216083,"0.958,0.964,0.979","0.963,0.967,0.889","SE","2","Crtc2",34.72086,27.675428,27.097263,33.677303,25.802454,34.93605,29.4713106666667,31.8318086666667,NA,"rat","colon","GSE125483"
"204","ENSRNOG00000056904","+","Gtf3c2","chr6",26574096,26574226,26574816,26574946,1.4459187847e-08,5.37864638641e-05,"0.012,0.0,0.007","0.0,0.017,0.091","MXE","6","Gtf3c2",31.5616807257426,26.236966710396,27.2668046660891,31.1338257443069,25.8093473727723,30.2380771339109,27.4281304056931,29.9874370453795,NA,"rat","colon","GSE125483"
"205","ENSRNOG00000057706","+","Kdm5c","chrX",22345625,22345763,NA,NA,0.000245008284984,0.0357822388795,"0.943,0.924,0.972","0.963,1.0,0.98","SE","X","Kdm5c",17.4344706989804,20.0142100233726,17.231130366902,19.1396161636078,20.5750570349804,21.6934639283137,20.7609103288889,17.9350724098301,NA,"rat","colon","GSE125483"
"206","ENSRNOG00000058662","-","Ano8","chr16",19893314,19893447,NA,NA,0.000194722065574,0.0313983168647,"0.86,1.0,1.0","1.0,1.0,1.0","SE","16","Ano8",8.994112,9.190568,9.670946,9.041882,8.163176,6.829293,8.06101233333333,9.23564666666667,NA,"rat","colon","GSE125483"
"207","ENSRNOG00000059097","-","AABR07025140.1","chr16",29909332,29909438,NA,NA,0.000104695123321,0.0216855094053,"0.981,0.94,1.0","0.937,1.0,0.873","SE","16","AABR07025140.1",6.32429,5.657679,5.802637,6.299421,10.18898,7.027294,7.624651,6.142116,NA,"rat","colon","GSE125483"
"208","ENSRNOG00000059142","-","Dtwd2","chr18",43867209,43867338,NA,NA,9.01776583528e-06,0.00514160896665,"0.649,0.832,1.0","1.0,1.0,1.0","SE","18","Dtwd2",3.98861,3.373144,3.699422,4.212658,2.821583,3.163798,3.11950833333333,3.96689666666667,NA,"rat","colon","GSE125483"
"209","ENSRNOG00000059142","-","Dtwd2","chr18",43901230,43901423,NA,NA,1.58261356443e-05,0.00696025227742,"0.643,0.904,1.0","1.0,1.0,1.0","SE","18","Dtwd2",3.98861,3.373144,3.699422,4.212658,2.821583,3.163798,3.11950833333333,3.96689666666667,NA,"rat","colon","GSE125483"
"210","ENSRNOG00000059480","+","Supt20h","chr2",143901142,143901246,NA,NA,1.68703637664e-05,0.00728485182503,"0.992,1.0,0.971","0.989,0.963,0.944","SE","2","Supt20h",29.2194918379161,22.3305438024602,25.227487695369,28.7279148733719,22.6016374421129,27.7060373552822,24.2127395332851,27.724964802219,NA,"rat","colon","GSE125483"
"211","ENSRNOG00000060123","+","Kifc2","chr7",117728931,117729055,NA,NA,5.40602663412e-07,0.000669390412897,"0.886,1.0,0.991","1.0,1.0,1.0","SE","7","Kifc2",28.3113549373859,28.7642938685103,27.6493869154709,20.6221923545526,28.851073007305,31.29486070467,29.6367425268284,25.5276447358031,NA,"rat","colon","GSE125483"
"212","ENSRNOG00000060123","+","Kifc2","chr7",117729361,117729618,NA,NA,4.32269712025e-07,0.000623906257417,"0.832,1.0,0.988","1.0,1.0,1.0","SE","7","Kifc2",28.3113549373859,28.7642938685103,27.6493869154709,20.6221923545526,28.851073007305,31.29486070467,29.6367425268284,25.5276447358031,NA,"rat","colon","GSE125483"
"213","ENSRNOG00000060335","-","Strn3","chr6",72397480,72397528,NA,NA,3.27048435657e-05,0.010821055838,"0.982,1.0,1.0","1.0,1.0,0.929","SE","6","Strn3",18.6483908715972,20.6558032849916,19.1136074011082,16.5829638956878,16.3509686774271,19.5198278988196,18.8421999537461,18.1149873894644,NA,"rat","colon","GSE125483"
"214","ENSRNOG00000060946","+","Cask","chrX",10126839,10126908,NA,NA,0.000130924065919,0.0256580955955,"0.521,1.0,0.628","0.894,0.0,0.0","SE","X","Cask",10.7126458047996,7.33927065413162,10.4786748750618,9.80903394186047,9.05077436912419,8.63350867095497,8.34118456473693,10.333451540574,NA,"rat","colon","GSE125483"
"215","ENSRNOG00000061040","+","Herc4","chr20",26795941,26796018,NA,NA,9.00390518388e-06,0.00514160896665,"1.0,1.0,1.0","1.0,1.0,0.897","SE","20","Herc4",21.758326,19.974146,20.234287,19.390734,22.350931,20.723436,21.016171,20.4611156666667,NA,"rat","colon","GSE125483"
"216","ENSRNOG00000061040","+","Herc4","chr20",26796302,26796427,NA,NA,2.45622069157e-05,0.00920251978811,"1.0,1.0,1.0","1.0,1.0,0.907","SE","20","Herc4",21.758326,19.974146,20.234287,19.390734,22.350931,20.723436,21.016171,20.4611156666667,NA,"rat","colon","GSE125483"
"217","ENSRNOG00000061543","+","Ap2b1","chr10",70579707,70579749,NA,NA,3.33788445883e-07,0.000531495514735,"0.355,1.0,1.0","0.226,0.398,0.255","SE","10","Ap2b1",16.9969794349107,17.9011115343399,17.3981227287792,17.1205498709262,22.134257399374,23.8784147193887,21.3045945510342,17.1718840115387,NA,"rat","colon","GSE125483"
"218","ENSRNOG00000061607","-","Lmbr1l","chr7",140596308,140596342,NA,NA,5.45414289697e-05,0.0149414192028,"1.0,1.0,0.944","1.0,0.826,0.838","SE","7","Lmbr1l",13.876443,10.089389,10.452407,15.264417,12.059213,12.160069,11.4362236666667,13.1977556666667,NA,"rat","colon","GSE125483"
"219","ENSRNOG00000061862","-","Zbtb10","chr2",94708674,94709557,94716329,94717212,3.87260826281e-05,0.0189806212481,"1.0,0.613,0.842","0.564,0.667,0.405","MXE","2","Zbtb10",6.39378544505611,4.22273538344273,4.51714531399534,3.9235459034512,5.17584181198391,5.25704038005505,4.8852058584939,4.94482555416755,NA,"rat","colon","GSE125483"
