"","id","strand","symbol.x","chr.x","as_site1","as_site2","as_site3","as_site4","as_pvalue","fdr","IncLevel1","IncLevel2","as_type","chr.y","symbol.y","FPKM.SRR8474386","FPKM.SRR8474397","FPKM.SRR8474407","FPKM.SRR8474418","FPKM.SRR8474428","FPKM.SRR8474438","..files.liver_mean_female","..files.liver_mean_male","Remark","Organism","Tissue","GEO_accession"
"1","ENSRNOG00000000096","+","Pdzk1","chr2",198997745,198998048,NA,NA,0.000247246017537,0.0319883900568,"0.95,0.871,0.965","0.97,0.985,0.946","SE","2","Pdzk1",27.844238,31.65641,47.415771,23.740259,33.539978,47.775513,42.9104206666667,27.746969,NA,"rat","liver","GSE125483"
"2","ENSRNOG00000000158","-","Cdo1","chr18",40704176,40704346,NA,NA,0.000175095063534,0.0253413008054,"0.986,0.964,0.984","0.981,0.988,0.989","SE","18","Cdo1",825.082642,701.209717,663.609802,1289.101074,601.132874,617.517151,627.419942333333,938.464477666667,NA,"rat","liver","GSE125483"
"3","ENSRNOG00000000184","-","Tmprss6","chr7",119685463,119685698,NA,NA,6.28417189918e-06,0.00330651836261,"0.972,0.891,0.973","0.962,0.986,0.995","SE","7","Tmprss6",90.455772,96.391296,145.094879,85.325363,119.255211,124.143044,129.497711333333,90.7241436666666,NA,"rat","liver","GSE125483"
"4","ENSRNOG00000000511","-","Srpk1","chr20",5842195,5842221,NA,NA,3.01518838119e-07,0.000343289247826,"0.929,0.709,0.826","1.0,1.0,1.0","SE","20","Srpk1",4.90087578365574,6.0541903485985,6.04283412554283,5.75177965771812,5.24976101184366,6.74717578010265,6.01325697249638,5.56894859665745,NA,"rat","liver","GSE125483"
"5","ENSRNOG00000000511","-","Srpk1","chr20",5841568,5841782,NA,NA,1.21137036898e-05,0.00476248252466,"0.975,0.731,0.939","1.0,1.0,1.0","SE","20","Srpk1",4.90087578365574,6.0541903485985,6.04283412554283,5.75177965771812,5.24976101184366,6.74717578010265,6.01325697249638,5.56894859665745,NA,"rat","liver","GSE125483"
"6","ENSRNOG00000000787","+","AABR07044364.1","chr20",3248334,3248607,NA,NA,0.000460658515894,0.0468281317526,"1.0,0.393,0.171","1.0,1.0,1.0","SE","20","AABR07044364.1",1.07943786521739,0.604667,1.112594,0.587037,1.379105175,1.018041,1.16991339166667,0.757047288405797,NA,"rat","liver","GSE125483"
"7","ENSRNOG00000001034","-","Evi5l","chr12",2595555,2595609,NA,NA,0.000503979831512,0.0494653308193,"1.0,0.73,1.0","1.0,1.0,1.0","SE","12","Evi5l",2.16806063074604,2.78741853956292,3.35382134639538,1.72281136523487,4.41179176237126,4.24109869329314,4.00223726735326,2.22609684518128,NA,"rat","liver","GSE125483"
"8","ENSRNOG00000001238","+","Rsrc2","chr12",38277869,38277962,NA,NA,0.00010979121819,0.0182040235364,"0.126,0.125,0.088","0.033,0.13,0.044","SE","12","Rsrc2",13.204557005196,12.6106584553614,13.6255823065659,13.6417634912612,12.2804857458668,14.4877508365612,13.4646062963313,13.1523263172729,NA,"rat","liver","GSE125483"
"9","ENSRNOG00000001243","+","Zcchc8","chr12",38317136,38317202,NA,NA,1.18886216971e-06,0.00115729768914,"0.883,0.759,0.943","1.0,1.0,1.0","SE","12","Zcchc8",4.9019,5.350236,6.185208,5.243791,5.595672,6.620159,6.13367966666667,5.165309,NA,"rat","liver","GSE125483"
"10","ENSRNOG00000001256","-","Atxn2","chr12",40269633,40269861,NA,NA,0.000116182382737,0.0187185163432,"0.985,0.847,0.978","0.973,1.0,1.0","SE","12","Atxn2",9.611341,10.567423,14.193545,11.698658,10.507333,12.301964,12.3342806666667,10.6258073333333,NA,"rat","liver","GSE125483"
"11","ENSRNOG00000001493","+","Kptn","chr1",78018826,78018902,NA,NA,1.6456480686e-05,0.00573558728889,"0.921,0.87,0.899","0.97,1.0,1.0","SE","1","Kptn",7.802039,8.990636,9.878767,6.979886,8.095586,8.64924,8.874531,7.924187,NA,"rat","liver","GSE125483"
"12","ENSRNOG00000001967","+","Sult1b1","chr14",22146473,22146571,NA,NA,2.1335272047e-05,0.00684606928898,"0.973,0.968,0.982","0.98,0.99,0.993","SE","14","Sult1b1",304.819733,209.360016,256.378967,380.775543,316.335144,220.285812,264.333307666667,298.318430666667,NA,"rat","liver","GSE125483"
"13","ENSRNOG00000001982","-","Cblb","chr11",51075916,51076279,NA,NA,1.53907859191e-05,0.00547591337347,"0.863,0.419,0.84","0.919,1.0,1.0","SE","11","Cblb",3.49610853076445,2.43650675699192,2.54377927579242,2.823346,1.81288118505283,0.867467563393412,1.74137600807955,2.91865376258546,NA,"rat","liver","GSE125483"
"14","ENSRNOG00000002112","+","Zfp644","chr14",4181725,4182331,NA,NA,1.01130743746e-05,0.00421246546755,"1.0,0.538,0.863","1.0,1.0,1.0","SE","14","Zfp644",2.762202,2.38095,2.681693,3.252475,3.122378,2.807967,2.87067933333333,2.79854233333333,NA,"rat","liver","GSE125483"
"15","ENSRNOG00000002205","-","Ociad1","chr14",37473382,37473463,NA,NA,5.9555228157e-05,0.0130388362707,"0.992,0.985,0.996","0.93,1.0,0.982","SE","14","Ociad1",78.168434,71.35331,80.923553,65.723541,62.904808,74.379181,72.7358473333333,71.7484283333333,NA,"rat","liver","GSE125483"
"16","ENSRNOG00000002838","-","Pdzd11","chrX",70460904,70460490,NA,NA,4.25087966582e-06,0.000535610837893,"0.743,0.725,0.837","0.96,1.0,0.854","A5SS","X","Pdzd11",4.14069529194956,4.89341922647915,4.03911201551891,4.24215041513094,4.22352632201746,4.02754432104753,4.0967275528613,4.42542164451988,NA,"rat","liver","GSE125483"
"17","ENSRNOG00000002838","-","Pdzd11","chrX",70460490,70460574,NA,NA,2.50129089614e-05,0.00749421858321,"0.919,0.924,0.953","0.992,1.0,0.96","SE","X","Pdzd11",4.14069529194956,4.89341922647915,4.03911201551891,4.24215041513094,4.22352632201746,4.02754432104753,4.0967275528613,4.42542164451988,NA,"rat","liver","GSE125483"
"18","ENSRNOG00000002839","+","Slc19a2","chr13",82556564,82556745,82558760,82558820,1.55882252543e-05,0.00469394477892,"0.947,1.0,0.966","0.779,0.903,0.916","MXE","13","Slc19a2",28.5703417915507,29.2843399349861,29.7727156724007,25.3362711945358,35.7208633799646,32.1769918704781,32.5568569742811,27.7303176403575,NA,"rat","liver","GSE125483"
"19","ENSRNOG00000002906","+","Nr1i2","chr11",65055392,65055535,NA,NA,5.13262632806e-06,0.00300584575027,"0.963,0.941,0.963","0.969,1.0,1.0","SE","11","Nr1i2",48.940731,72.099693,102.178268,87.980301,61.177685,90.981224,84.779059,69.673575,NA,"rat","liver","GSE125483"
"20","ENSRNOG00000002911","-","Alb","chr14",19179244,19179468,NA,NA,6.38922039853e-06,0.00330651836261,"1.0,0.933,1.0","1.0,1.0,1.0","SE","14","Alb",56876.890625,60366.164062,46091.03125,69117.28125,51249.414062,40185.476562,45841.973958,62120.111979,NA,"rat","liver","GSE125483"
"21","ENSRNOG00000002991","-","Srr","chr10",61766926,61767152,NA,NA,0.000454112680213,0.0464391398364,"0.776,0.613,0.745","0.962,0.711,1.0","SE","10","Srr",14.5310845777559,13.5724866530512,14.7669650423228,13.7204319714567,12.9080854502953,14.4190932081693,14.0313812335958,13.9413344007546,NA,"rat","liver","GSE125483"
"22","ENSRNOG00000003063","-","Phka1","chrX",72391622,72391673,72394375,72394414,1.71103697895e-05,0.00469394477892,"0.0,0.357,0.322","0.0,0.0,0.0","MXE","X","Phka1",0.8534805781729,0.832849489423666,0.760356638258737,0.892780972256284,0.873621387645616,0.828270147148989,0.820749391017781,0.85970367995095,NA,"rat","liver","GSE125483"
"23","ENSRNOG00000003116","-","Dph1","chr10",62021043,62021039,NA,NA,0.000519734684391,0.0265064689039,"0.91,0.939,1.0","0.99,1.0,1.0","A3SS","10","Dph1",3.36297675979487,4.31680857394872,4.10950798584615,2.52148229087179,3.826628328,3.95582550605128,3.96398727329914,3.40042254153846,NA,"rat","liver","GSE125483"
"24","ENSRNOG00000003147","-","Sqstm1","chr10",35711979,35712060,NA,NA,1.04812300394e-07,0.000127856033295,"0.8,0.834,0.802","0.87,0.903,0.9","SE","10","Sqstm1",137.563909090775,147.349169400592,150.949432216576,96.4443368406512,179.274386060187,148.710748848545,159.644855708436,127.119138444006,NA,"rat","liver","GSE125483"
"25","ENSRNOG00000003463","-","Srebf1","chr10",46573808,46573918,NA,NA,8.88071945639e-05,0.0172232386153,"1.0,0.951,0.979","1.0,1.0,1.0","SE","10","Srebf1",30.5326550410372,91.8684485659526,86.8301618937993,18.6804090841037,82.8532904462232,100.958442081623,90.2139648072152,47.0271708970312,NA,"rat","liver","GSE125483"
"26","ENSRNOG00000003463","-","Srebf1","chr10",46578047,46578269,NA,NA,4.10371736592e-12,1.4016657035e-08,"0.988,0.892,0.97","0.993,0.995,1.0","SE","10","Srebf1",30.5326550410372,91.8684485659526,86.8301618937993,18.6804090841037,82.8532904462232,100.958442081623,90.2139648072152,47.0271708970312,NA,"rat","liver","GSE125483"
"27","ENSRNOG00000003645","-","Hnrnpab","chr10",34956587,34956728,NA,NA,3.14799220367e-05,0.00814566831125,"0.016,0.37,0.573","0.195,0.009,0.001","SE","10","Hnrnpab",41.2699433087132,46.2704453196769,44.2783937599538,35.3308669982689,44.4693457691864,53.5087672146567,47.4188355812656,40.9570852088863,NA,"rat","liver","GSE125483"
"28","ENSRNOG00000003709","+","Kmo","chr13",93690631,93690701,NA,NA,0.00036715893363,0.0407989608249,"0.972,0.94,1.0","0.987,1.0,0.962","SE","13","Kmo",69.983521,75.530472,90.486893,63.066555,52.442314,65.830444,69.5865503333333,69.5268493333333,NA,"rat","liver","GSE125483"
"29","ENSRNOG00000003794","+","Nmral1","chr10",11053059,11053250,NA,NA,0.000296887901942,0.0362368684619,"0.938,0.823,0.948","0.944,1.0,1.0","SE","10","Nmral1",5.93122868282662,7.49437407477404,8.82799532128184,7.02964361133936,5.62669588578472,7.48487460887428,7.31318860531361,6.81841545631334,NA,"rat","liver","GSE125483"
"30","ENSRNOG00000003955","+","Spata7","chr6",122609714,122609810,NA,NA,0.000105878660965,0.0182040235364,"0.802,0.757,1.0","1.0,1.0,1.0","SE","6","Spata7",1.939155,1.866683,2.298303,2.149007,2.055509,2.0611,2.138304,1.98494833333333,NA,"rat","liver","GSE125483"
"31","ENSRNOG00000003964","+","Nsmce2","chr7",99681189,99681355,NA,NA,0.000113488786857,0.0185887207132,"0.971,0.963,0.972","0.839,0.966,0.854","SE","7","Nsmce2",8.82824670404722,9.47211300337268,10.5145502605396,8.40854805480607,9.74130091736931,10.2978837951096,10.1845783243395,8.90296925407532,NA,"rat","liver","GSE125483"
"32","ENSRNOG00000004162","-","Pfkfb2","chr13",47421896,47422076,NA,NA,2.28482419515e-05,0.00709458683723,"0.831,0.736,0.876","0.926,1.0,1.0","SE","13","Pfkfb2",1.59945790891002,1.759021124696,2.39313152597833,2.06386776564227,2.09382557815609,1.9753659745744,2.15410769290294,1.80744893308276,NA,"rat","liver","GSE125483"
"33","ENSRNOG00000004361","-","Parp10","chr7",117298527,117298600,NA,NA,0.000295844280161,0.0362368684619,"1.0,0.893,0.985","1.0,0.982,1.0","SE","7","Parp10",7.887213,8.694785,12.416356,5.470531,7.30763,9.036993,9.586993,7.350843,NA,"rat","liver","GSE125483"
"34","ENSRNOG00000004520","-","Wdr60","chr6",144118066,144118120,NA,NA,0.000270362096613,0.0339503226909,"1.0,0.48,0.694","0.862,1.0,1.0","SE","6","Wdr60",1.3300399012062,1.267587,1.353168,1.117969,1.67835484606548,1.417224,1.48291561535516,1.23853196706873,NA,"rat","liver","GSE125483"
"35","ENSRNOG00000004672","-","Sec14l2","chr14",84341962,84342132,NA,NA,1.16705649089e-06,0.00115729768914,"0.943,0.835,0.894","0.961,0.925,0.957","SE","14","Sec14l2",74.447876,74.008797,75.106499,63.381115,73.318703,77.541489,75.3222303333333,70.612596,NA,"rat","liver","GSE125483"
"36","ENSRNOG00000004812","+","Sema6d","chr3",116952471,116952627,NA,NA,2.87570115003e-05,0.00777226490613,"1.0,0.343,0.556","1.0,1.0,1.0","SE","3","Sema6d",1.5269947387504,0.885786681126578,1.12640026383943,1.17280523599871,1.21331448429913,0.920002830365814,1.08657252616812,1.19519555195856,NA,"rat","liver","GSE125483"
"37","ENSRNOG00000004903","+","Ebp","chrX",15051505,15051864,NA,NA,1.37694193802e-06,0.0012376533904,"0.957,0.825,0.905","0.933,0.96,0.986","SE","X","Ebp",75.085968,72.34948,200.272919,88.346565,238.640503,135.234039,191.382487,78.5940043333333,NA,"rat","liver","GSE125483"
"38","ENSRNOG00000004951","-","Kif16b","chr3",136746111,136746144,NA,NA,0.000222811612767,0.0297279431471,"0.068,0.174,0.275","0.06,0.037,0.0","SE","3","Kif16b",3.50121521479471,3.03981255378351,3.20507660909399,3.07500083695283,3.23507976891754,3.21222853647777,3.2174616381631,3.20534286851035,NA,"rat","liver","GSE125483"
"39","ENSRNOG00000005101","+","Mia2","chr6",80272137,80272220,NA,NA,0.000411454001409,0.043375379235,"0.994,0.989,0.985","0.981,0.975,0.956","SE","6","Mia2",69.8343080979192,75.3707831652387,106.877013330477,63.5288061921665,83.3970567980416,109.357447511628,99.8771725467155,69.5779658184415,NA,"rat","liver","GSE125483"
"40","ENSRNOG00000005133","+","Mapt","chr10",92352246,92353008,NA,NA,6.27543392101e-05,0.0133964825629,"0.759,1.0,1.0","0.176,0.618,0.146","SE","10","Mapt",0.119621305619895,0.128189005120078,0.201743974887236,0.0750849956113617,0.114668129586737,0.148503630988663,0.154971911820879,0.107631768783778,NA,"rat","liver","GSE125483"
"41","ENSRNOG00000005904","-","Cdc27","chr10",92565719,92565872,NA,NA,9.32202123598e-05,0.0173045085509,"0.86,0.873,1.0","1.0,1.0,1.0","SE","10","Cdc27",4.350857,3.962327,3.47037,3.265148,4.972536,4.214815,4.21924033333333,3.859444,NA,"rat","liver","GSE125483"
"42","ENSRNOG00000005958","-","Rrbp1","chr3",138058023,138058119,NA,NA,0.000108996556205,0.0182040235364,"0.856,0.81,0.818","0.886,0.914,0.844","SE","3","Rrbp1",37.659203,43.358955,55.200062,29.586233,51.942287,62.314816,56.4857216666667,36.8681303333333,NA,"rat","liver","GSE125483"
"43","ENSRNOG00000006983","+","Nr2c1","chr7",35105346,35105468,NA,NA,0.000503230151323,0.0494653308193,"0.853,0.712,0.758","0.866,1.0,0.948","SE","7","Nr2c1",3.92325148189135,3.41441348767606,4.57077591172032,4.49729205181087,3.73367570523139,4.52169204854125,4.27538122183099,3.94498567379276,NA,"rat","liver","GSE125483"
"44","ENSRNOG00000007242","-","Ehmt1","chr3",2013162,2013306,NA,NA,5.11144972948e-06,0.00300584575027,"0.93,0.744,0.961","1.0,1.0,1.0","SE","3","Ehmt1",2.57693527548468,2.73986481050657,2.92411534865541,2.31568236585366,3.12832155315822,3.01917880737961,3.02387190306441,2.54416081728164,NA,"rat","liver","GSE125483"
"45","ENSRNOG00000007367","+","Sept4","chr10",74883649,74883702,NA,NA,0.000922078561676,0.0376208053164,"1.0,0.898,1.0","0.886,0.863,0.73","A3SS","10","Sept4",4.219945917465,3.65057448231393,6.06224036477524,3.74415598563007,3.58922536956522,3.98112937951363,4.5441983712847,3.87155879513633,NA,"rat","liver","GSE125483"
"46","ENSRNOG00000007400","+","Srebf2","chr7",123401621,123401723,NA,NA,0.000257145407078,0.0190287601238,"0.948,0.0,1.0","1.0,1.0,1.0","RI","7","Srebf2",8.88444696350947,14.5928003270189,15.9222500470588,6.72424517647059,25.5156791976072,17.4657199058824,19.6345497168495,10.0671641556663,NA,"rat","liver","GSE125483"
"47","ENSRNOG00000007445","-","Asph","chr5",22761570,22761639,NA,NA,7.4423433355e-06,0.00373824527893,"0.749,0.877,1.0","1.0,1.0,1.0","SE","5","Asph",2.41037157224845,2.74117779431639,3.46237521170045,2.75566253985004,3.35245124909747,3.33496735971489,3.3832646068376,2.63573730213829,NA,"rat","liver","GSE125483"
"48","ENSRNOG00000007649","+","Dnm2","chr8",22522803,22522815,NA,NA,0.00015960647587,0.0237543065579,"0.243,0.161,0.231","0.033,0.222,0.0","SE","8","Dnm2",11.6193055338507,13.7491533160289,14.2238364715012,8.84766297350816,12.6833704693605,14.3622397522077,13.7564822310231,11.4053739411293,NA,"rat","liver","GSE125483"
"49","ENSRNOG00000007801","+","R3hdm2","chr7",70788736,70788838,NA,NA,0.000126276518426,0.019784865887,"0.042,0.024,0.03","0.079,0.051,0.065","SE","7","R3hdm2",25.8565694430706,28.4660411226172,25.0948143122102,16.7010005785678,19.6255821030397,24.5141027547656,23.0781663900052,23.6745370480852,NA,"rat","liver","GSE125483"
"50","ENSRNOG00000007926","-","Map2k5","chr8",68114158,68114185,68132703,68132733,1.76686342945e-06,0.000727064301219,"0.795,0.724,0.576","0.922,1.0,1.0","MXE","8","Map2k5",5.09240523036649,4.64498469371728,3.90880559424084,3.94137409424084,4.64736782984293,5.09868059947644,4.5516180078534,4.5595880061082,NA,"rat","liver","GSE125483"
"51","ENSRNOG00000007948","-","Nf2","chr14",85011273,85011318,NA,NA,0.000135231678476,0.0209953327728,"1.0,0.89,0.939","1.0,0.963,1.0","SE","14","Nf2",7.02156,6.620846,6.763627,5.595712,6.716076,7.576404,7.01870233333333,6.412706,NA,"rat","liver","GSE125483"
"52","ENSRNOG00000008117","-","Galnt11","chr4",6306760,6306878,NA,NA,0.000357123138354,0.0403903904424,"0.996,0.969,0.984","0.916,0.981,1.0","SE","4","Galnt11",24.5618081415165,19.8282720071321,23.06586303003,18.9788160923423,20.2324903825075,23.0193614061562,22.1059049395646,21.1229654136636,NA,"rat","liver","GSE125483"
"53","ENSRNOG00000008638","+","Angptl3","chr5",117702585,117702681,NA,NA,0.000159956977056,0.0237543065579,"0.984,0.973,0.974","0.956,0.977,0.959","SE","5","Angptl3",358.847839,336.75412,243.78363,393.950256,238.545425,255.372391,245.900482,363.184071666667,NA,"rat","liver","GSE125483"
"54","ENSRNOG00000008725","-","Slc37a3","chr4",67141363,67141447,NA,NA,0.000452128354099,0.0464391398364,"0.949,0.934,0.89","0.991,0.941,1.0","SE","4","Slc37a3",10.725723,8.909858,9.18113,11.049504,11.128356,10.921526,10.4103373333333,10.2283616666667,NA,"rat","liver","GSE125483"
"55","ENSRNOG00000008988","-","Cyp2d2","chr7",123654816,123654988,NA,NA,0.000351928369263,0.0403371321495,"0.987,0.949,0.981","0.979,0.98,0.99","SE","7","Cyp2d2",794.246216,787.102539,889.547424,780.890747,705.820496,810.990295,802.119405,787.413167333333,NA,"rat","liver","GSE125483"
"56","ENSRNOG00000009440","-","Gucy1b2","chr15",45507311,45507466,NA,NA,0.000105476433519,0.0182040235364,"1.0,0.866,1.0","1.0,1.0,1.0","SE","15","Gucy1b2",11.5784737553862,16.1980537987388,9.75941226826064,6.61332013032055,7.56036411981083,8.86578439647924,8.7285202615169,11.4632825614819,NA,"rat","liver","GSE125483"
"57","ENSRNOG00000009681","-","Flot2","chr10",65310755,65310846,65312280,65312371,1.02325853801e-06,0.000522511820832,"0.103,0.132,0.177","0.042,0.068,0.0","MXE","10","Flot2",10.9066631052825,9.0424809757887,10.0748566537051,9.76899668011739,5.45856712105649,7.52336479493764,7.68559618989974,9.9060469203962,NA,"rat","liver","GSE125483"
"58","ENSRNOG00000009681","-","Flot2","chr10",65310755,65310846,NA,NA,4.56794829218e-06,0.00288931188644,"0.842,0.768,0.724","0.956,0.902,1.0","SE","10","Flot2",10.9066631052825,9.0424809757887,10.0748566537051,9.76899668011739,5.45856712105649,7.52336479493764,7.68559618989974,9.9060469203962,NA,"rat","liver","GSE125483"
"59","ENSRNOG00000009712","+","Gale","chr5",154313608,154313722,NA,NA,0.000360563748647,0.0405112348644,"0.987,0.906,1.0","1.0,1.0,1.0","SE","5","Gale",3.68624532618026,4.6891050472103,8.3825006223176,2.97369354506438,9.91218432618026,4.92110424892704,7.73859639914163,3.78301463948498,NA,"rat","liver","GSE125483"
"60","ENSRNOG00000009746","-","Akap17b","chrX",123233418,123234187,NA,NA,0.000471051216148,0.0470445185344,"0.812,0.289,1.0","1.0,1.0,1.0","SE","X","Akap17b",1.016622,0.823466,1.074295,0.613279,1.563658,1.411134,1.34969566666667,0.817789,NA,"rat","liver","GSE125483"
"61","ENSRNOG00000009948","-","Pip4p1","chr15",27854383,27854489,NA,NA,0.000438054349075,0.0453399525667,"0.908,0.819,0.892","0.928,0.929,0.924","SE","15","Pip4p1",9.958097,10.69564,9.936051,6.405601,25.636881,11.174705,15.5825456666667,9.01977933333333,NA,"rat","liver","GSE125483"
"62","ENSRNOG00000009960","-","Puf60","chr7",117136746,117136845,NA,NA,0.000407502369895,0.0432256240563,"0.826,0.953,0.868","1.0,0.969,0.851","SE","7","Puf60",29.7761993162526,32.3894320942029,29.354610363354,23.0758300336439,26.4602531853002,30.7681332634576,28.8609989373706,28.4138204813665,NA,"rat","liver","GSE125483"
"63","ENSRNOG00000010196","+","Glb1","chr8",122496048,122496180,NA,NA,1.69719708287e-08,2.89847317813e-05,"0.931,0.916,0.881","1.0,1.0,1.0","SE","8","Glb1",8.288174,8.941966,9.69998,7.622744,6.783607,7.486391,7.98999266666667,8.28429466666667,NA,"rat","liver","GSE125483"
"64","ENSRNOG00000010410","-","Serpina3c","chr6",127998801,127999075,NA,NA,7.97790576912e-06,0.00375971559929,"0.988,0.954,0.981","0.933,0.987,0.961","SE","6","Serpina3c",3365.716553,3038.501465,1562.0896,3474.353271,1454.529297,1711.055298,1575.89139833333,3292.85709633333,NA,"rat","liver","GSE125483"
"65","ENSRNOG00000010478","+","Serpina3n","chr6",128052682,128052956,NA,NA,1.37157951663e-10,2.92797937313e-07,"0.985,0.972,0.983","0.935,0.987,0.958","SE","6","Serpina3n",1267.93559030305,1145.48583132469,570.45584902364,1277.72195998021,905.221357263315,640.866370390914,705.51452555929,1230.38112720265,NA,"rat","liver","GSE125483"
"66","ENSRNOG00000010478","+","Serpina3n","chr6",128052883,128052956,NA,NA,1.43642875372e-11,4.08855504267e-08,"0.977,0.972,0.973","0.934,0.977,0.935","SE","6","Serpina3n",1267.93559030305,1145.48583132469,570.45584902364,1277.72195998021,905.221357263315,640.866370390914,705.51452555929,1230.38112720265,NA,"rat","liver","GSE125483"
"67","ENSRNOG00000010658","-","Cth","chr2",264289698,264289780,NA,NA,2.08240357513e-06,0.00161651310255,"1.0,1.0,0.954","0.896,0.507,1.0","SE","2","Cth",331.019020050028,326.690773226498,469.437171407367,497.808151639362,398.682913007147,495.311978263331,454.477354225948,385.172648305296,NA,"rat","liver","GSE125483"
"68","ENSRNOG00000011019","-","Faahl","chr5",134338847,134338982,NA,NA,0.000342223425748,0.0394898085468,"0.408,0.591,0.508","0.365,1.0,0.58","SE","5","Faahl",25.734806,35.743801,42.590267,22.876091,31.632631,36.406532,36.8764766666667,28.1182326666667,NA,"rat","liver","GSE125483"
"69","ENSRNOG00000011058","-","Utrn","chr1",6475572,6475611,NA,NA,0.000330644418283,0.0384132338465,"0.94,0.973,0.857","1.0,1.0,0.964","SE","1","Utrn",4.02126714920685,2.67724272498822,2.86604718674415,4.85741302136014,3.65586348217371,4.26450736681326,3.59547267857704,3.8519742985184,NA,"rat","liver","GSE125483"
"70","ENSRNOG00000011081","-","Serpina7","chrX",110227979,110228127,NA,NA,6.03154974462e-05,0.0130388362707,"0.934,0.801,0.919","0.916,0.966,0.98","SE","X","Serpina7",25.8922846585635,27.8191175723757,17.7458388464088,26.8300897723757,37.9792082640884,47.5539397668508,34.426328959116,26.847164001105,NA,"rat","liver","GSE125483"
"71","ENSRNOG00000011621","-","LOC100911576","chr15",28511145,28511171,NA,NA,5.06586607812e-05,0.0115353147843,"1.0,1.0,0.898","1.0,1.0,1.0","SE","15","LOC100911576",27.2446529845389,30.933827280508,31.8958120789619,24.9404572738818,30.8290436996135,40.3849535229155,34.3699364338303,27.7063125129762,NA,"rat","liver","GSE125483"
"72","ENSRNOG00000011781","-","Oplah","chr7",117363253,117363353,NA,NA,9.33628663269e-09,1.77161225681e-05,"0.959,0.868,0.862","0.973,1.0,1.0","SE","7","Oplah",26.6525582171175,26.7256583318563,26.2790049368004,18.0473533421175,20.2071752129198,23.3238754850746,23.2700185449316,23.8085232970304,NA,"rat","liver","GSE125483"
"73","ENSRNOG00000011789","+","Cdon","chr8",36667426,36667780,NA,NA,9.06975780746e-06,0.00407614010094,"0.7,0.639,1.0","1.0,1.0,1.0","SE","8","Cdon",2.51773,2.10772,2.395116,2.019008,2.909472,3.239541,2.848043,2.21481933333333,NA,"rat","liver","GSE125483"
"74","ENSRNOG00000012073","+","Abhd14b","chr8",115151516,115151744,NA,NA,1.08627920395e-05,0.00441701815359,"0.709,0.605,0.687","0.768,0.752,0.824","SE","8","Abhd14b",161.453279335789,146.500181034991,136.11407009822,146.325302557397,126.979500227133,136.154840492327,133.082803605893,151.426254309392,NA,"rat","liver","GSE125483"
"75","ENSRNOG00000012163","-","Plekhm2","chr5",160191716,160191776,NA,NA,1.52682313619e-05,0.00547591337347,"0.83,0.768,0.774","0.945,1.0,1.0","SE","5","Plekhm2",2.408552,2.60365,3.089487,1.949059,3.074886,3.313655,3.15934266666667,2.32042033333333,NA,"rat","liver","GSE125483"
"76","ENSRNOG00000012255","+","Ktn1","chr15",24527934,24528025,NA,NA,4.20079423626e-05,0.0101043892911,"0.963,0.733,0.926","0.963,1.0,1.0","SE","15","Ktn1",5.992448,5.223411,6.254189,6.056633,5.370796,6.412522,6.01250233333333,5.75749733333333,NA,"rat","liver","GSE125483"
"77","ENSRNOG00000012454","+","Trmt10b","chr5",60854706,60854831,NA,NA,8.14553678263e-06,0.00375971559929,"0.922,0.833,0.873","0.974,1.0,1.0","SE","5","Trmt10b",3.858093,5.40212,3.92211,4.232208,3.862059,4.196413,3.99352733333333,4.49747366666667,NA,"rat","liver","GSE125483"
"78","ENSRNOG00000012734","-","Dcun1d1","chr2",122625417,122625548,NA,NA,2.80282895285e-05,0.00777226490613,"1.0,0.066,0.0","1.0,0.513,1.0","SE","2","Dcun1d1",7.25664995107264,7.67865357621377,8.42134897101995,6.92953749378999,7.46830156454648,8.46077642416259,8.11680898657634,7.2882803403588,NA,"rat","liver","GSE125483"
"79","ENSRNOG00000012760","-","Chtop","chr2",189891955,189892093,NA,NA,0.000109349188828,0.0182040235364,"0.924,0.897,0.918","0.969,1.0,1.0","SE","2","Chtop",15.2019096820027,7.94608562922869,14.7307284661705,12.4667506894452,9.43746797158322,14.7578018734777,12.9753327704105,11.8715820002255,NA,"rat","liver","GSE125483"
"80","ENSRNOG00000012852","+","Bin1","chr18",25217828,25217900,NA,NA,2.32801686285e-05,0.0070996199971,"0.498,0.768,0.199","0.909,1.0,1.0","SE","18","Bin1",3.45349566772152,3.70563463607595,4.2848060585443,3.27636718512658,4.8620467056962,4.85426902373418,4.66704059599156,3.47849916297468,NA,"rat","liver","GSE125483"
"81","ENSRNOG00000013004","+","Akr1d1","chr4",65125932,65126010,NA,NA,6.54443207404e-08,9.31381758004e-05,"0.976,0.967,0.974","0.934,0.954,0.955","SE","4","Akr1d1",390.497461250302,420.148211930472,199.674811094619,338.010407450423,199.684446238513,177.562907732769,192.3073883553,382.885360210399,NA,"rat","liver","GSE125483"
"82","ENSRNOG00000013176","+","Far1","chr1",178393792,178393964,178394266,178394438,0.000220913806999,0.0441554470359,"0.667,0.783,0.667","1.0,0.5,1.0","MXE","1","Far1",0.323845924515235,0.295867204293629,0.492285033933518,0.429071595567867,0.687683752770083,0.618130659279778,0.59936648199446,0.349594908125577,NA,"rat","liver","GSE125483"
"83","ENSRNOG00000013201","-","Tex264","chr8",115384876,115385168,NA,NA,5.47598623938e-05,0.0121453107787,"0.972,0.941,0.963","0.992,0.995,0.981","SE","8","Tex264",41.123756,41.151363,39.709286,34.202835,32.404564,35.442249,35.852033,38.8259846666667,NA,"rat","liver","GSE125483"
"84","ENSRNOG00000013387","-","Tpcn2","chr1",218432488,218432589,NA,NA,0.000105752270942,0.0182040235364,"0.948,0.925,0.905","0.978,1.0,1.0","SE","1","Tpcn2",11.2428377289657,12.8655222105088,15.6639361130695,12.1089229617559,14.438407281011,11.5405211985367,13.8809548642057,12.0724276337435,NA,"rat","liver","GSE125483"
"85","ENSRNOG00000013692","+","Abhd18","chr2",127818600,127818739,127821276,127821366,6.80904007909e-05,0.0168115199553,"0.395,0.261,0.414","0.108,0.215,0.161","MXE","2","Abhd18",3.95527863049617,3.59986703307785,3.48668395522388,3.63448408632513,3.23296201089149,3.61800971157725,3.44588522589754,3.72987658329972,NA,"rat","liver","GSE125483"
"86","ENSRNOG00000013907","+","Sall1","chr19",23398888,23402319,NA,NA,0.000313986315874,0.0374983098077,"0.985,0.616,0.977","1.0,1.0,1.0","SE","19","Sall1",7.083643,11.254992,35.317165,12.308243,24.545351,30.669935,30.1774836666667,10.215626,NA,"rat","liver","GSE125483"
"87","ENSRNOG00000013911","+","Nagk","chr4",115479884,115479982,NA,NA,2.88922443261e-05,0.00777226490613,"0.975,0.945,0.864","1.0,1.0,1.0","SE","4","Nagk",3.639597,4.161077,6.774581,4.257907,6.321796,6.002417,6.36626466666667,4.019527,NA,"rat","liver","GSE125483"
"88","ENSRNOG00000014513","+","Rexo5","chr1",189615865,189615984,NA,NA,2.64405461448e-06,0.00194176775592,"1.0,0.555,0.636","1.0,1.0,1.0","SE","1","Rexo5",0.195445920450886,0.185915795169082,0.156847102093398,0.399101051207729,0.339497491143317,0.25287038647343,0.249738326570048,0.260154255609232,NA,"rat","liver","GSE125483"
"89","ENSRNOG00000015026","+","Arhgef11","chr2",187064325,187064463,NA,NA,0.000228491219683,0.0300167157673,"0.977,0.872,1.0","1.0,1.0,1.0","SE","2","Arhgef11",6.57129953274854,5.45605290292398,6.62815310760234,4.37311942397661,5.2456921871345,5.86505057017544,5.91296528830409,5.46682395321638,NA,"rat","liver","GSE125483"
"90","ENSRNOG00000015080","-","Wdfy1","chr9",85482577,85482566,NA,NA,0.000255474260835,0.0173722497368,"1.0,1.0,0.954","0.823,1.0,1.0","A3SS","9","Wdfy1",3.53127382415395,3.31515873855342,4.21223316854678,3.23382409356337,3.41830590842734,4.10388462441938,3.91147456713117,3.36008555209025,NA,"rat","liver","GSE125483"
"91","ENSRNOG00000015428","+","Mff","chr9",90901832,90901865,NA,NA,0.000182842685961,0.0255949786135,"1.0,0.025,0.905","0.95,1.0,1.0","SE","9","Mff",10.5287224686499,9.58250234141877,0,0,9.42842479221968,9.04386315148741,6.15742931456903,6.70374160335622,NA,"rat","liver","GSE125483"
"92","ENSRNOG00000015428","+","Mff","chr9",90903419,90903479,NA,NA,0.000177845314388,0.0254709015085,"1.0,1.0,1.0","1.0,0.0,0.448","SE","9","Mff",10.5287224686499,9.58250234141877,0,0,9.42842479221968,9.04386315148741,6.15742931456903,6.70374160335622,NA,"rat","liver","GSE125483"
"93","ENSRNOG00000015473","-","Phactr2","chr1",7400274,7400433,NA,NA,9.44865166647e-05,0.0173509756086,"1.0,0.236,0.236","1.0,1.0,1.0","SE","1","Phactr2",0.334639280444669,0.447121734209197,0.302188143506822,0.229438415361294,0.379576707427994,0.330733307731177,0.337499386221998,0.33706647667172,NA,"rat","liver","GSE125483"
"94","ENSRNOG00000015516","-","Cbwd1","chr1",242837813,242837858,NA,NA,4.11973249614e-06,0.00273474856212,"1.0,1.0,1.0","0.701,0.647,1.0","SE","1","Cbwd1",1.98112563526296,2.16117396140749,1.85690849564888,2.45384516761256,2.41201300567537,2.54189727506621,2.27027292546349,2.19871492142767,NA,"rat","liver","GSE125483"
"95","ENSRNOG00000015633","-","Cul3","chr9",86103082,86102954,NA,NA,8.2455402359e-05,0.00519469034862,"1.0,0.96,0.933","0.834,0.937,0.881","A5SS","9","Cul3",17.2903955839556,13.1905398073394,12.1210487928312,12.1381395869426,13.0914260460849,14.555293178579,13.2559226724984,14.2063583260792,NA,"rat","liver","GSE125483"
"96","ENSRNOG00000015783","+","Abca16","chr1",190229903,190230077,NA,NA,6.9307303438e-05,0.0140908348585,"1.0,1.0,1.0","0.367,0.303,1.0","SE","1","Abca16",0.146008584541063,0.204918475241546,0.208022857487923,0.272336694444444,0.05967961352657,0.161677433574879,0.143126634863124,0.207754584742351,NA,"rat","liver","GSE125483"
"97","ENSRNOG00000016047","-","Macf1","chr5",141053235,141053253,NA,NA,0,0,"0.611,0.753,0.36","0.0,0.0,0.0","SE","5","Macf1",3.06688569344004,2.55532176082269,2.90822054905457,2.20549252740919,2.51660546280478,3.69404521450489,3.03962374212141,2.60923332722397,NA,"rat","liver","GSE125483"
"98","ENSRNOG00000016174","+","Slc35b3","chr17",26497721,26497819,NA,NA,0.000318683210614,0.0377949435477,"1.0,0.982,1.0","0.845,0.913,1.0","SE","17","Slc35b3",3.665591,3.299989,4.348584,4.190923,3.704247,4.242703,4.09851133333333,3.71883433333333,NA,"rat","liver","GSE125483"
"99","ENSRNOG00000016183","+","Ipp","chr5",135380781,135381002,NA,NA,8.21849632091e-05,0.0163204046708,"1.0,0.97,1.0","0.757,0.802,1.0","SE","5","Ipp",2.18172043421053,2.01044877079796,2.10165999023769,1.78178556027165,2.35918152674024,2.51184607512733,2.32422919736842,1.99131825509338,NA,"rat","liver","GSE125483"
"100","ENSRNOG00000016286","+","Iyd","chr1",40098209,40098366,NA,NA,0.000468301629795,0.0470445185344,"0.858,0.793,0.908","0.898,0.901,0.925","SE","1","Iyd",32.869167,34.91021,40.894844,42.945278,39.229858,34.336624,38.1537753333333,36.9082183333333,NA,"rat","liver","GSE125483"
"101","ENSRNOG00000016405","+","Pcsk4","chr7",12254841,12254968,NA,NA,9.40406891836e-06,0.00411801766635,"0.753,0.703,0.866","1.0,1.0,1.0","SE","7","Pcsk4",1.263166,1.228628,1.328798,0.987096,1.25096,1.380827,1.320195,1.15963,NA,"rat","liver","GSE125483"
"102","ENSRNOG00000016635","+","LOC361646","chr1",197118885,197118941,NA,NA,7.55322637972e-05,0.0151757647192,"1.0,0.557,0.157","0.796,1.0,1.0","SE","1","LOC361646",1.74853988684664,1.93736665235497,1.61978326593912,1.31141123736358,1.87729673520965,1.51974343251005,1.67227447788627,1.6657725921884,NA,"rat","liver","GSE125483"
"103","ENSRNOG00000016648","-","Gulo","chr15",42674490,42674655,NA,NA,0.000114288305123,0.0185887207132,"0.97,0.931,0.972","0.972,0.976,0.978","SE","15","Gulo",236.027512,215.985626,254.243912,250.956985,183.261978,190.334534,209.280141333333,234.323374333333,NA,"rat","liver","GSE125483"
"104","ENSRNOG00000016932","-","Simc1","chr17",10603423,10603580,NA,NA,0.000297058296327,0.0362368684619,"1.0,0.76,1.0","0.981,1.0,1.0","SE","17","Simc1",3.8339707822327,2.48822930738994,3.09264357075472,2.90855089858491,2.67977013522013,3.47986923506289,3.08409431367925,3.07691699606918,NA,"rat","liver","GSE125483"
"105","ENSRNOG00000016936","+","Nadk","chr5",173012330,173012488,NA,NA,3.22875494703e-05,0.00822995178886,"0.946,0.905,0.931","0.96,0.973,0.976","SE","5","Nadk",53.411781,54.353046,62.983074,45.375488,47.221733,48.729515,52.9781073333333,51.0467716666667,NA,"rat","liver","GSE125483"
"106","ENSRNOG00000017642","-","Acbd5","chr17",89891318,89891428,NA,NA,1.54614406189e-06,0.00132025241445,"1.0,1.0,1.0","0.907,1.0,1.0","SE","17","Acbd5",17.75588,13.514841,17.903212,14.475091,15.174922,16.197832,16.425322,15.248604,NA,"rat","liver","GSE125483"
"107","ENSRNOG00000017642","-","Acbd5","chr17",89905175,89905367,NA,NA,4.74152397572e-05,0.0109426684402,"0.934,0.922,0.904","0.966,1.0,1.0","SE","17","Acbd5",17.75588,13.514841,17.903212,14.475091,15.174922,16.197832,16.425322,15.248604,NA,"rat","liver","GSE125483"
"108","ENSRNOG00000018184","-","Tpm1","chr8",72824251,72824327,NA,NA,3.46662868308e-05,0.00870633597789,"0.936,0.911,0.936","0.968,1.0,1.0","SE","8","Tpm1",13.6299974544288,20.369942745828,20.3633643196406,15.5594001344673,19.0244575574454,17.7409492471117,19.0429237080659,16.5197801115747,NA,"rat","liver","GSE125483"
"109","ENSRNOG00000018602","-","Camta1","chr5",168991191,168991261,NA,NA,0.000415496151346,0.043532780814,"1.0,0.981,0.895","0.766,0.948,1.0","SE","5","Camta1",0.251242079468051,0.254767795004865,0.244156430100551,0.185273953616607,0.252689487512163,0.206306144339929,0.234384020650881,0.230427942696508,NA,"rat","liver","GSE125483"
"110","ENSRNOG00000018662","+","Amacr","chr2",60956192,60956379,NA,NA,6.42107781698e-05,0.0135381687603,"0.979,0.916,0.98","0.972,0.977,0.987","SE","2","Amacr",178.147623864818,117.0821652513,231.450176256499,159.326344159445,172.546691620451,234.778367920277,212.925078599076,151.518711091854,NA,"rat","liver","GSE125483"
"111","ENSRNOG00000018778","+","Cadm1","chr8",52168546,52168579,NA,NA,0.000172230825695,0.0251545382817,"0.0,0.143,0.037","0.0,0.0,0.0","SE","8","Cadm1",6.901276,6.225183,9.28159770823746,6.253047,8.4821638219052,7.577664,8.44714184338089,6.45983533333333,NA,"rat","liver","GSE125483"
"112","ENSRNOG00000018873","+","Fam168a","chr1",165859807,165859834,NA,NA,0.000189144436266,0.0262618592077,"0.108,0.085,0.059","0.017,0.0,0.0","SE","1","Fam168a",7.323153,5.909382,7.090477,5.078274,6.972322,6.756865,6.939888,6.103603,NA,"rat","liver","GSE125483"
"113","ENSRNOG00000018899","-","C5","chr3",14063785,14063843,NA,NA,0.000305861877196,0.0370461641046,"0.993,0.977,0.99","0.993,0.997,0.998","SE","3","C5",150.104410203396,147.498279721115,193.066113671835,122.627273586748,313.415724930048,244.054528990772,250.178789197552,140.076654503753,NA,"rat","liver","GSE125483"
"114","ENSRNOG00000019260","+","Ceacam20","chr1",80888712,80888991,NA,NA,0.000218240443026,0.0293473250866,"0.82,0.639,1.0","0.882,1.0,1.0","SE","1","Ceacam20",0.918089,1.371694,3.3878,0.463901,1.981818,1.958292,2.44263666666667,0.917894666666667,NA,"rat","liver","GSE125483"
"115","ENSRNOG00000019282","+","Ubqln1","chr17",6874302,6874386,NA,NA,9.17739029158e-05,0.0172232386153,"0.427,0.396,0.396","0.548,0.536,0.451","SE","17","Ubqln1",57.703564,56.668377,54.324612,47.238075,45.858238,52.790188,50.9910126666667,53.8700053333333,NA,"rat","liver","GSE125483"
"116","ENSRNOG00000019316","+","Sh3bp4","chr9",96277397,96279751,NA,NA,3.977120347e-05,0.00984366105595,"0.82,0.198,0.916","0.773,1.0,1.0","SE","9","Sh3bp4",3.143264,2.499496,2.532972,1.302638,2.411708,1.741882,2.228854,2.31513266666667,NA,"rat","liver","GSE125483"
"117","ENSRNOG00000020000","-","AABR07005779.2","chr1",198334582,198334780,NA,NA,2.7287988138e-06,0.00194176775592,"0.231,0.062,0.173","0.04,0.078,0.063","SE","1","AABR07005779.2",11.85818,12.701347,11.694239,10.975383,11.082438,12.237455,11.6713773333333,11.84497,NA,"rat","liver","GSE125483"
"118","ENSRNOG00000020049","-","Slc7a6os","chr19",38184736,38184946,NA,NA,0.00019815383728,0.0272908970409,"0.913,0.913,0.968","0.986,0.98,1.0","SE","19","Slc7a6os",6.622368,6.664243,6.379029,6.331175,7.116445,6.891552,6.79567533333333,6.539262,NA,"rat","liver","GSE125483"
"119","ENSRNOG00000020361","+","Ip6k2","chr8",117589267,117589600,NA,NA,0.000388468765005,0.0419890479035,"0.977,0.773,1.0","1.0,1.0,0.948","SE","8","Ip6k2",18.321963732334,11.7730168233405,16.349356132227,10.918364256424,7.20218225749465,7.89194196520343,10.4811601183084,13.6711149373662,NA,"rat","liver","GSE125483"
"120","ENSRNOG00000020696","+","Pmvk","chr2",188788943,188789096,NA,NA,2.83635285331e-05,0.00777226490613,"0.972,0.905,0.967","0.989,0.975,1.0","SE","2","Pmvk",12.995774,15.759979,60.161549,13.599785,60.079117,37.79052,52.677062,14.1185126666667,NA,"rat","liver","GSE125483"
"121","ENSRNOG00000020696","+","Pmvk","chr2",188786648,188786712,NA,NA,1.90832084794e-05,0.00639025557669,"0.928,0.877,0.915","0.982,0.946,1.0","SE","2","Pmvk",12.995774,15.759979,60.161549,13.599785,60.079117,37.79052,52.677062,14.1185126666667,NA,"rat","liver","GSE125483"
"122","ENSRNOG00000020817","+","Cyp2a1","chr1",83716138,83716315,83749615,83749792,0,0,"0.999,0.999,1.0","0.506,0.678,0.829","MXE","1","Cyp2a1",188.860265470074,175.733806379594,312.145442551978,226.652616735037,209.502060775814,314.017092163633,278.554865163808,197.082229528235,NA,"rat","liver","GSE125483"
"123","ENSRNOG00000020817","+","Cyp2a1","chr1",83714756,83714917,NA,NA,0.000119432831974,0.0190623729388,"1.0,1.0,0.999","0.981,0.981,0.984","SE","1","Cyp2a1",188.860265470074,175.733806379594,312.145442551978,226.652616735037,209.502060775814,314.017092163633,278.554865163808,197.082229528235,NA,"rat","liver","GSE125483"
"124","ENSRNOG00000020892","-","Dpf2","chr1",221260377,221260419,NA,NA,0.000367902562773,0.0407989608249,"0.038,0.055,0.011","0.014,0.0,0.042","SE","1","Dpf2",10.6412257427653,10.5508458376206,13.8309040016077,11.1181568826367,13.9144691784566,12.7519617186495,13.4991116329046,10.7700761543409,NA,"rat","liver","GSE125483"
"125","ENSRNOG00000020942","+","Plekha4","chr1",101540129,101540242,NA,NA,5.28020684554e-06,0.00300584575027,"0.626,0.373,0.575","1.0,0.899,0.698","SE","1","Plekha4",0.861085,1.568274,1.984569,0.955136,1.538243,1.200556,1.574456,1.128165,NA,"rat","liver","GSE125483"
"126","ENSRNOG00000020942","+","Plekha4","chr1",101527183,101527267,NA,NA,0.000216748874574,0.0293473250866,"0.892,0.812,1.0","1.0,0.93,1.0","SE","1","Plekha4",0.861085,1.568274,1.984569,0.955136,1.538243,1.200556,1.574456,1.128165,NA,"rat","liver","GSE125483"
"127","ENSRNOG00000021081","+","Vps72","chr2",196287687,196287832,NA,NA,0.000101566089199,0.0180681840765,"0.926,1.0,0.923","0.819,0.883,0.798","SE","2","Vps72",4.514976,4.859763,6.489234,3.610332,6.189973,5.649639,6.10961533333333,4.328357,NA,"rat","liver","GSE125483"
"128","ENSRNOG00000021085","+","Sf1","chr1",221740082,221740158,NA,NA,0.000312684415214,0.0374983098077,"0.929,0.912,0.922","0.965,0.953,0.981","SE","1","Sf1",24.0975101446354,27.7619442483699,26.0718604113812,18.6237591212211,23.6044130761707,30.8337057688204,26.8366597521241,23.4944045047421,NA,"rat","liver","GSE125483"
"129","ENSRNOG00000021405","-","Cyp2c7","chr1",148107438,148107588,148107753,148107916,1.06829771624e-05,0.00376803865914,"0.451,0.542,0.533","0.311,0.428,0.403","MXE","1","Cyp2c7",148.217468,245.828323,2504.86084,366.874268,3679.956299,4368.157715,3517.65828466667,253.640019666667,NA,"rat","liver","GSE125483"
"130","ENSRNOG00000021678","-","Alkbh3","chr3",82904385,82904535,NA,NA,0.000393718171264,0.0420668203274,"0.798,1.0,0.913","1.0,1.0,1.0","SE","3","Alkbh3",16.729153,16.004154,11.373586,12.49945,14.731764,12.740335,12.9485616666667,15.0775856666667,NA,"rat","liver","GSE125483"
"131","ENSRNOG00000021681","+","Eea1","chr7",37106495,37106621,NA,NA,0.000179931250637,0.0254709015085,"1.0,0.693,0.419","0.907,1.0,1.0","SE","7","Eea1",2.31043792193309,1.62503517967782,1.74953500619579,1.76174916356877,2.16323348079306,1.99192389343247,1.96823079347377,1.89907408839323,NA,"rat","liver","GSE125483"
"132","ENSRNOG00000022727","+","Tmem127","chr3",119678104,119678422,NA,NA,6.64406581889e-05,0.0136707657898,"1.0,0.726,1.0","1.0,1.0,1.0","SE","3","Tmem127",10.573767,9.17444,10.515749,8.780448,11.097001,11.754387,11.122379,9.50955166666667,NA,"rat","liver","GSE125483"
"133","ENSRNOG00000022800","+","Sp140","chr9",92657390,92657432,NA,NA,3.14320638691e-05,0.00814566831125,"0.705,0.599,0.878","0.886,1.0,1.0","SE","9","Sp140",2.68836073116691,3.11582762407681,3.62913564844904,2.84024325553914,2.84516819054653,2.99918326144756,3.15782903348104,2.88147720359429,NA,"rat","liver","GSE125483"
"134","ENSRNOG00000023373","-","Sec24b","chr2",230338412,230338556,NA,NA,2.1647016138e-05,0.00684606928898,"0.844,0.846,0.799","1.0,1.0,1.0","SE","2","Sec24b",4.314363,3.899371,4.43005,3.893895,4.213067,4.125796,4.25630433333333,4.03587633333333,NA,"rat","liver","GSE125483"
"135","ENSRNOG00000024016","+","Cyp2c6v1","chr1",147725659,147725836,NA,NA,7.47910273713e-08,9.82523973421e-05,"1.0,0.918,0.571","1.0,1.0,1.0","SE","1","Cyp2c6v1",784.695250962805,656.484431952391,605.78550425271,801.812059490117,659.482834676302,727.01997604187,664.096104990294,747.663914135104,NA,"rat","liver","GSE125483"
"136","ENSRNOG00000024101","-","Phkb","chr19",22065518,22065609,NA,NA,4.06202398729e-05,0.00991017795071,"0.873,0.862,0.847","0.98,1.0,1.0","SE","19","Phkb",5.50344858194142,5.19477753183249,5.89845759380295,5.23145615686274,4.61215128346647,4.84425407794723,5.11828765173888,5.30989409021222,NA,"rat","liver","GSE125483"
"137","ENSRNOG00000024101","-","Phkb","chr19",22064320,22064411,NA,NA,0.000142538376575,0.0219303639203,"0.828,0.872,0.824","0.948,1.0,1.0","SE","19","Phkb",5.50344858194142,5.19477753183249,5.89845759380295,5.23145615686274,4.61215128346647,4.84425407794723,5.11828765173888,5.30989409021222,NA,"rat","liver","GSE125483"
"138","ENSRNOG00000024454","+","Ccdc149","chr14",60908700,60908808,NA,NA,9.89829300553e-05,0.0177940050472,"1.0,0.985,1.0","0.829,1.0,1.0","SE","14","Ccdc149",3.516999,3.835623,3.486751,1.550286,3.873856,3.536988,3.63253166666667,2.967636,NA,"rat","liver","GSE125483"
"139","ENSRNOG00000024934","+","Npat","chr8",58144789,58145482,NA,NA,0.000272130189064,0.0114294679407,"0.785,0.517,1.0","0.707,1.0,1.0","A5SS","8","Npat",1.77909618335776,1.17577270933073,1.34584313792542,1.97133989871356,1.71613416544537,1.58335959485426,1.54844563274168,1.64206959713402,NA,"rat","liver","GSE125483"
"140","ENSRNOG00000024934","+","Npat","chr8",58144960,58145482,NA,NA,0.000227947018156,0.0300167157673,"0.791,0.579,1.0","0.757,1.0,1.0","SE","8","Npat",1.77909618335776,1.17577270933073,1.34584313792542,1.97133989871356,1.71613416544537,1.58335959485426,1.54844563274168,1.64206959713402,NA,"rat","liver","GSE125483"
"141","ENSRNOG00000025001","+","Pcolce","chr12",22156484,22156559,NA,NA,9.73738820552e-05,0.0176909697632,"0.041,0.051,0.052","0.0,0.037,0.036","SE","12","Pcolce",4.25794842178941,5.15692088253195,31.4589529805234,3.42190511381619,42.9163166944614,15.9785246603774,30.1179314451207,4.27892480604585,NA,"rat","liver","GSE125483"
"142","ENSRNOG00000025011","-","Chd8","chr15",28617131,28617311,NA,NA,9.13957764916e-05,0.0172232386153,"1.0,0.716,0.933","0.947,1.0,1.0","SE","15","Chd8",3.55729995973706,3.14846077297805,3.45489484728254,3.24613527174551,3.94511678459913,3.74928412208006,3.71643191798724,3.31729866815354,NA,"rat","liver","GSE125483"
"143","ENSRNOG00000025286","+","Pank2","chr3",123829470,123829647,NA,NA,0.000268423769839,0.0339503226909,"0.904,1.0,0.816","1.0,1.0,1.0","SE","3","Pank2",7.026152,5.864086,5.360155,5.992959,5.961021,6.509239,5.94347166666667,6.294399,NA,"rat","liver","GSE125483"
"144","ENSRNOG00000026542","-","Suco","chr13",79740189,79740186,NA,NA,0.000217345513782,0.0173722497368,"1.0,0.992,1.0","0.919,0.906,0.935","A3SS","13","Suco",3.42284860787374,1.72945830992022,1.21355037981269,1.38727156364898,3.90304546548734,1.9619348251821,2.35951022349404,2.17985949381431,NA,"rat","liver","GSE125483"
"145","ENSRNOG00000027332","+","Gemin6","chr6",2908036,2908180,NA,NA,0.000172331712083,0.0251545382817,"0.975,0.98,1.0","0.917,0.972,0.947","SE","6","Gemin6",16.530186,13.117779,12.155131,15.987954,13.71288,16.52564,14.131217,15.211973,NA,"rat","liver","GSE125483"
"146","ENSRNOG00000028668","+","Slc28a2","chr3",114642584,114642753,NA,NA,0.000328339737292,0.0384067536539,"0.933,0.29,1.0","1.0,1.0,1.0","SE","3","Slc28a2",11.237745523569,9.6131454963925,27.8807753306878,15.8767346695527,38.3699579853295,26.208779996633,30.8198377708834,12.2425418965047,NA,"rat","liver","GSE125483"
"147","ENSRNOG00000028910","-","Ccdc9b","chr3",110554574,110554703,NA,NA,0.000202874143593,0.0277174769943,"0.891,0.647,1.0","1.0,1.0,1.0","SE","3","Ccdc9b",2.7439756995638,2.96472123991276,2.72199080043621,1.35761264776445,2.66235383206107,2.56184083696838,2.64872848982189,2.35543652908034,NA,"rat","liver","GSE125483"
"148","ENSRNOG00000029478","+","Cyp4f39","chr7",14482061,14482164,NA,NA,1.34364507524e-05,0.00498842839021,"0.639,0.786,0.71","0.922,1.0,1.0","SE","7","Cyp4f39",2.74283561101892,3.05965420710256,3.61759021838699,3.2226647208762,1.96184894457351,1.56558760969134,2.38167559088395,3.00838484633256,NA,"rat","liver","GSE125483"
"149","ENSRNOG00000029571","-","Coq10a","chr7",2786225,2786372,NA,NA,0.000107089856432,0.0182040235364,"0.961,0.864,0.907","1.0,1.0,0.894","SE","7","Coq10a",9.78297418848168,10.0300584091249,22.3921716028422,13.2882524928945,18.6529180149589,28.3112368780853,23.1187754986288,11.0337616968337,NA,"rat","liver","GSE125483"
"150","ENSRNOG00000029726","-","Gstm1","chr2",210808025,210808107,NA,NA,0.000231772793516,0.0302153875394,"0.985,0.972,0.98","0.987,0.982,0.99","SE","2","Gstm1",485.129089,517.012268,365.454407,542.363892,361.400665,264.670166,330.508412666667,514.835083,NA,"rat","liver","GSE125483"
"151","ENSRNOG00000030126","-","Clk3","chr8",62535608,62535705,NA,NA,1.22701271276e-05,0.00476248252466,"0.862,0.705,0.837","0.909,0.915,1.0","SE","8","Clk3",16.5125912977099,18.4120736346783,20.2173380610687,17.1305121504907,13.477574610687,21.7757517971647,18.4902214896401,17.351725694293,NA,"rat","liver","GSE125483"
"152","ENSRNOG00000030625","-","Tf","chr8",111714398,111714356,NA,NA,2.05662697983e-09,4.19551903885e-07,"0.944,0.998,0.961","0.999,0.947,1.0","A3SS","8","Tf",6988.42187809049,7327.79007037053,10682.4058613592,7363.80810646041,9131.64661417732,7130.14493564109,8981.3991370592,7226.67335164048,NA,"rat","liver","GSE125483"
"153","ENSRNOG00000031709","+","Ppfibp1","chr4",181394960,181394993,NA,NA,0.000492958271179,0.0489461706697,"0.418,0.362,0.394","0.223,0.276,0.287","SE","4","Ppfibp1",12.0688853776565,10.5141123115617,10.5628849959056,14.0134153062975,10.9556762074478,11.2184810271008,10.9123474101514,12.1988043318386,NA,"rat","liver","GSE125483"
"154","ENSRNOG00000032768","-","Stxbp4","chr10",78093599,78093665,NA,NA,0.000153977917402,0.0234788827981,"1.0,1.0,1.0","0.887,0.79,1.0","SE","10","Stxbp4",3.05004733033268,2.25487112876712,2.50430785675147,3.13364567005871,2.66841201056751,2.22555678395303,2.46609221709067,2.8128547097195,NA,"rat","liver","GSE125483"
"155","ENSRNOG00000032776","+","Srp54a","chr6",76028636,76028807,NA,NA,0.000124475334733,0.0196832385794,"0.942,0.971,0.968","0.997,1.0,0.955","SE","6","Srp54a",28.43288,33.550854,22.95516,25.482611,24.705698,27.753796,25.138218,29.1554483333333,NA,"rat","liver","GSE125483"
"156","ENSRNOG00000034221","+","Cfap126","chr13",89494358,89494439,NA,NA,0.000326985718546,0.0384067536539,"0.638,0.901,0.831","1.0,0.854,1.0","SE","13","Cfap126",5.079543,6.555282,5.731557,5.215975,5.501235,7.365411,6.199401,5.61693333333333,NA,"rat","liver","GSE125483"
"157","ENSRNOG00000034228","+","Pik3c2g","chr4",173843215,173843338,NA,NA,2.9126651481e-05,0.00777226490613,"0.812,0.863,1.0","1.0,1.0,1.0","SE","4","Pik3c2g",5.85811,4.811587,4.632761,6.282526,2.953543,4.176282,3.920862,5.650741,NA,"rat","liver","GSE125483"
"158","ENSRNOG00000036684","-","Pcyt2","chr10",109791317,109791371,NA,NA,0.000432456605034,0.0450334993949,"0.847,0.787,0.79","0.906,0.812,0.867","SE","10","Pcyt2",88.20639,121.726746,179.241943,84.697128,152.098572,138.562057,156.634190666667,98.210088,NA,"rat","liver","GSE125483"
"159","ENSRNOG00000036692","+","Gcgr","chr10",109713547,109713654,NA,NA,0.000464756951695,0.0469652024914,"0.981,0.902,0.97","0.972,0.967,1.0","SE","10","Gcgr",54.1839075020747,75.5141205871369,88.4362049574689,50.6150903272822,67.3846362240664,85.4483914859959,80.4230775558437,60.1043728054979,NA,"rat","liver","GSE125483"
"160","ENSRNOG00000037188","+","LOC297568","chr4",154726750,154726819,NA,NA,1.90957075707e-08,2.96469539902e-05,"1.0,0.999,1.0","0.999,1.0,0.932","SE","4","LOC297568",1202.98894745915,1291.5009479708,462.59759753999,1273.07193774371,343.57600583105,614.960034550351,473.711212640464,1255.85394439122,NA,"rat","liver","GSE125483"
"161","ENSRNOG00000037188","+","LOC297568","chr4",154728812,154728854,NA,NA,9.7614621013e-06,0.00416765624415,"0.977,0.999,1.0","0.999,0.934,0.999","SE","4","LOC297568",1202.98894745915,1291.5009479708,462.59759753999,1273.07193774371,343.57600583105,614.960034550351,473.711212640464,1255.85394439122,NA,"rat","liver","GSE125483"
"162","ENSRNOG00000039417","+","Dda1","chr16",19881279,19881331,NA,NA,0.000283357583234,0.0353224876385,"0.928,0.954,0.908","1.0,1.0,1.0","SE","16","Dda1",4.792913,5.434245,4.730609,4.322089,6.859703,6.225528,5.93861333333333,4.849749,NA,"rat","liver","GSE125483"
"163","ENSRNOG00000042059","-","Rccd1","chr1",142109831,142109861,142110799,142110970,0.000201268608114,0.0441554470359,"0.294,1.0,0.697","0.745,1.0,1.0","MXE","1","Rccd1",0.456956,0.40206,0.453336,0.416709,0.509269,0.673228,0.545277666666667,0.425241666666667,NA,"rat","liver","GSE125483"
"164","ENSRNOG00000043233","-","Cyp4f6","chr7",15205383,15205450,NA,NA,2.56153132363e-05,0.0075423848181,"0.96,0.969,0.941","1.0,0.986,1.0","SE","7","Cyp4f6",25.2819311426985,29.978132,24.539277665186,24.500788,21.1484757073848,21.7140566951694,22.4672700225801,26.5869503808995,NA,"rat","liver","GSE125483"
"165","ENSRNOG00000045743","+","Etnppl","chr2",235751147,235751230,NA,NA,2.02447188324e-06,0.00161651310255,"0.895,0.897,0.824","0.947,0.935,0.911","SE","2","Etnppl",85.689629,44.415531,89.484688,93.336609,64.623695,65.85498,73.321121,74.4805896666667,NA,"rat","liver","GSE125483"
"166","ENSRNOG00000045785","+","LOC100359687","chr8",56470876,56470988,56478105,56478212,0.000232491215661,0.0441554470359,"0.736,0.235,0.699","0.118,0.287,0.286","MXE","8","LOC100359687",8.92502192810458,8.05566698039216,8.00297899626517,7.88138863398693,10.5729358067227,10.8032628944911,9.79305923249299,8.28735918082789,NA,"rat","liver","GSE125483"
"167","ENSRNOG00000045799","+","Rup2","chr8",41658584,41658701,NA,NA,0,0,"0.929,0.894,0.906","0.947,0.975,0.967","SE","8","Rup2",3486.731201,4565.116211,391.302582,4869.287598,380.534241,614.822754,462.219859,4307.04500333333,NA,"rat","liver","GSE125483"
"168","ENSRNOG00000046128","+","Gpr108","chr9",9713569,9713697,NA,NA,0.000259191891506,0.0330334262921,"0.974,0.906,0.921","0.981,0.964,1.0","SE","9","Gpr108",10.643553,9.703486,9.849023,8.785488,12.252884,10.053837,10.7185813333333,9.71084233333333,NA,"rat","liver","GSE125483"
"169","ENSRNOG00000046700","-","Mettl27","chr12",24772474,24772567,NA,NA,2.07455518101e-05,0.00681331795794,"0.924,0.937,0.924","0.985,0.986,1.0","SE","12","Mettl27",9.574182,12.743305,15.093424,5.786459,9.019158,10.778439,11.6303403333333,9.367982,NA,"rat","liver","GSE125483"
"170","ENSRNOG00000046741","-","Itsn2","chr6",30171548,30171811,NA,NA,6.16473854531e-06,0.00330651836261,"0.929,0.862,0.956","1.0,1.0,1.0","SE","6","Itsn2",7.447637,6.575079,6.710073,6.721091,6.604068,6.735201,6.683114,6.91460233333333,NA,"rat","liver","GSE125483"
"171","ENSRNOG00000047296","-","Bptf","chr10",95303413,95303611,NA,NA,1.21977739809e-06,0.00115729768914,"0.345,0.18,1.0","1.0,1.0,1.0","SE","10","Bptf",2.39869391973899,1.82114961892333,2.22914111484502,1.8628809680261,2.06030455562806,2.11754566068515,2.13566377705274,2.02757483556281,NA,"rat","liver","GSE125483"
"172","ENSRNOG00000047657","-","C4a","chr20",2670805,2671009,NA,NA,8.1165532505e-06,0.00375971559929,"0.875,0.807,1.0","1.0,1.0,1.0","SE","20","C4a",108.668111700565,118.874292278343,218.82012265951,60.9203357092279,214.111717992467,245.165197792467,226.032346148148,96.154246562712,NA,"rat","liver","GSE125483"
"173","ENSRNOG00000047945","-","Cyp2c12","chr1",258731832,258731974,NA,NA,1.29437609623e-05,0.00491230110476,"0.998,0.994,0.998","0.962,0.966,0.835","SE","1","Cyp2c12",12.45656,9.649025,2622.625488,7.902596,2934.380615,3669.864014,3075.62337233333,10.002727,NA,"rat","liver","GSE125483"
"174","ENSRNOG00000047986","-","Sult2a2","chr1",76572722,76572900,NA,NA,0,0,"0.998,0.992,0.998","0.936,0.987,0.98","SE","1","Sult2a2",171.309740850283,154.421590095495,1123.33660996062,191.193364676558,904.380823380362,1371.54402190127,1133.08715174742,172.308231874112,NA,"rat","liver","GSE125483"
"175","ENSRNOG00000047986","-","Sult2a2","chr1",76604091,76604218,NA,NA,0.000394114723761,0.0420668203274,"0.991,0.993,0.99","0.997,1.0,0.889","SE","1","Sult2a2",171.309740850283,154.421590095495,1123.33660996062,191.193364676558,904.380823380362,1371.54402190127,1133.08715174742,172.308231874112,NA,"rat","liver","GSE125483"
"176","ENSRNOG00000047986","-","Sult2a2","chr1",76604091,76604218,NA,NA,8.31824617028e-05,0.0163286216202,"1.0,0.934,1.0","0.862,1.0,1.0","SE","1","Sult2a2",171.309740850283,154.421590095495,1123.33660996062,191.193364676558,904.380823380362,1371.54402190127,1133.08715174742,172.308231874112,NA,"rat","liver","GSE125483"
"177","ENSRNOG00000047986","-","Sult2a2","chr1",76577272,76577367,NA,NA,1.85813586739e-11,4.53332062047e-08,"1.0,0.961,1.0","0.916,1.0,1.0","SE","1","Sult2a2",171.309740850283,154.421590095495,1123.33660996062,191.193364676558,904.380823380362,1371.54402190127,1133.08715174742,172.308231874112,NA,"rat","liver","GSE125483"
"178","ENSRNOG00000048226","+","LOC100911295","chr11",39485164,39485287,NA,NA,0.000380066962306,0.0416075870658,"0.986,0.848,0.963","0.964,1.0,0.928","SE","11","LOC100911295",17.129704,17.875803,19.799347,16.125334,20.244835,24.23209,21.425424,17.0436136666667,NA,"rat","liver","GSE125483"
"179","ENSRNOG00000049464","-","Cyp2c13","chr1",258811610,258811752,258875561,258875724,1.35803923662e-10,1.67649943761e-07,"0.0,0.0,0.0","0.446,0.461,0.435","MXE","1","Cyp2c13",1592.86448979771,1761.52328611003,0.06815,1950.44474140115,0.55466,2.728319,1.117043,1768.27750576963,NA,"rat","liver","GSE125483"
"180","ENSRNOG00000049991","-","Mcpt8","chr15",34645121,34645376,34667909,34668164,4.54815973772e-09,3.74313546414e-06,"0.571,0.333,0.7","1.0,1.0,1.0","MXE","15","Mcpt8",0.305469426984127,0.230083323809524,0.497131875793651,0.268086442857143,0.368927895634921,0.422302349206349,0.42945404021164,0.267879731216931,NA,"rat","liver","GSE125483"
"181","ENSRNOG00000053084","+","Fuz","chr1",100895436,100895511,NA,NA,4.37384424476e-05,0.0102323989058,"1.0,0.879,0.682","1.0,1.0,1.0","SE","1","Fuz",2.06884873009119,2.86914371793313,1.6629383781155,1.24282384620061,2.11789301519757,1.67419935379939,1.81834358237082,2.06027209807498,NA,"rat","liver","GSE125483"
"182","ENSRNOG00000054049","-","Prelid2","chr18",36271203,36271261,NA,NA,0.000249918865093,0.0320910855493,"1.0,1.0,0.967","0.881,0.977,1.0","SE","18","Prelid2",7.619617,6.285531,5.446315,5.246175,6.587769,9.033223,7.02243566666667,6.38377433333333,NA,"rat","liver","GSE125483"
"183","ENSRNOG00000054080","-","Cgnl1","chr8",78157721,78157928,NA,NA,0.0003866937894,0.0419890479035,"0.974,0.93,0.968","0.979,1.0,1.0","SE","8","Cgnl1",23.133026,22.645411,29.004633,21.759569,23.413858,27.904499,26.77433,22.5126686666667,NA,"rat","liver","GSE125483"
"184","ENSRNOG00000054140","-","Myl6","chr7",2907014,2907059,NA,NA,4.31960862396e-05,0.0102323989058,"0.118,0.093,0.111","0.068,0.085,0.047","SE","7","Myl6",79.4350094564072,73.6655102539497,61.9500116775892,83.444587353423,76.9560586676419,71.5786334727911,70.1615679393407,78.84836902126,NA,"rat","liver","GSE125483"
"185","ENSRNOG00000054264","+","Nfatc3","chr19",38057556,38058694,NA,NA,0.000374345625464,0.0412456425269,"1.0,0.562,0.962","1.0,1.0,1.0","SE","19","Nfatc3",5.18478138186275,4.86339916470588,5.05924195735294,4.67384351372549,5.37029507254902,5.36248195343137,5.26400632777778,4.90734135343137,NA,"rat","liver","GSE125483"
"186","ENSRNOG00000054901","+","Rif1","chr3",37642159,37642306,NA,NA,4.16345371912e-06,0.00273474856212,"1.0,0.661,0.839","1.0,1.0,1.0","SE","3","Rif1",1.275949,0.990732,0.877776,1.050248,1.583473,1.168425,1.20989133333333,1.105643,NA,"rat","liver","GSE125483"
"187","ENSRNOG00000055295","-","Pecr","chr9",79604696,79604816,NA,NA,8.72080185843e-13,3.72334635346e-09,"0.87,0.965,0.891","0.979,1.0,1.0","SE","9","Pecr",154.533123731925,200.159427732738,179.080767686434,217.662314904955,127.134902639318,169.396476575955,158.537382300569,190.784955456539,NA,"rat","liver","GSE125483"
"188","ENSRNOG00000055344","-","Trnau1ap","chr5",150497400,150497520,NA,NA,5.15840741548e-05,0.0115914844528,"0.719,0.628,0.749","0.815,0.84,0.867","SE","5","Trnau1ap",5.285945,6.198484,5.59446,4.650177,5.372379,6.457783,5.80820733333333,5.378202,NA,"rat","liver","GSE125483"
"189","ENSRNOG00000057194","-","Tars2","chr2",197870130,197870348,NA,NA,0.000355897474152,0.0403903904424,"0.969,0.938,0.958","1.0,1.0,1.0","SE","2","Tars2",10.8857,14.161636,14.945819,12.02401,11.046071,13.770271,13.2540536666667,12.3571153333333,NA,"rat","liver","GSE125483"
"190","ENSRNOG00000060269","+","Vwce","chr1",226703423,226703511,NA,NA,6.53895634672e-05,0.0136185727426,"0.573,0.263,0.0","0.309,1.0,1.0","SE","1","Vwce",5.11404,4.765623,8.538099,3.469034,6.65194,6.738899,7.309646,4.44956566666667,NA,"rat","liver","GSE125483"
"191","ENSRNOG00000060693","-","Catsperg","chr1",88148876,88149014,NA,NA,0.000159290858161,0.0237543065579,"0.731,0.688,0.595","0.836,1.0,1.0","SE","1","Catsperg",0.926066,1.151699,1.161398,0.568232,0.943334,1.020822,1.04185133333333,0.881999,NA,"rat","liver","GSE125483"
"192","ENSRNOG00000061121","+","Wdfy3","chr14",9283940,9284024,NA,NA,2.83931072629e-05,0.00777226490613,"0.478,0.203,0.132","0.0,0.103,0.0","SE","14","Wdfy3",2.31166844166101,1.52654411914063,2.23059684935462,1.68205395244565,2.02022483466372,2.25953725908628,2.17011964770154,1.8400888377491,NA,"rat","liver","GSE125483"
"193","ENSRNOG00000061237","-","Dio1","chr5",126898201,126898401,NA,NA,0.000180464871913,0.0254709015085,"0.875,0.805,0.896","0.872,0.944,0.927","SE","5","Dio1",68.368225,86.748596,54.563728,92.659561,66.933357,48.877594,56.7915596666667,82.5921273333333,NA,"rat","liver","GSE125483"
"194","ENSRNOG00000061890","-","Ust5r","chr1",224526072,224526227,224531477,224531581,1.05814463514e-06,0.000522511820832,"1.0,1.0,1.0","0.618,0.496,0.469","MXE","1","Ust5r",136.242416,126.155457,0.748055,123.464355,0.732747,1.513695,0.998165666666667,128.620742666667,NA,"rat","liver","GSE125483"
"195","ENSRNOG00000061893","+","Leng1","chr1",64129143,64129394,NA,NA,1.77723937661e-05,0.00607033881475,"1.0,0.827,1.0","1.0,1.0,1.0","SE","1","Leng1",2.73748,3.774181,3.76372,3.367212,6.495326,4.731044,4.99669666666667,3.29295766666667,NA,"rat","liver","GSE125483"
"196","ENSRNOG00000061995","+","Grtp1","chr16",81679407,81679504,NA,NA,9.0522317827e-05,0.0172232386153,"1.0,0.695,1.0","1.0,1.0,1.0","SE","16","Grtp1",1.18869358154382,0.985772920487522,1.10958771038886,0.204628896691817,1.49752979628555,0.715558815438189,1.10755877403753,0.793031799574386,NA,"rat","liver","GSE125483"
"197","ENSRNOG00000062306","+","Cyp4f17","chr7",14540686,14540998,NA,NA,6.23945339839e-14,9.23439102962e-12,"0.261,0.071,0.419","1.0,1.0,1.0","RI","7","Cyp4f17",1.29027900164312,1.56293847223135,2.61553904173513,1.45935636740059,2.37297072264213,1.4670755484719,2.15186177094972,1.43752461375835,NA,"rat","liver","GSE125483"
