"","id","strand","symbol.x","chr.x","as_site1","as_site2","as_site3","as_site4","as_pvalue","fdr","IncLevel1","IncLevel2","as_type","chr.y","symbol.y","FPKM.SRR8474390","FPKM.SRR8474402","FPKM.SRR8474412","FPKM.SRR8474422","FPKM.SRR8474433","FPKM.SRR8474443","..files.spleen_mean_female","..files.spleen_mean_male"
"1","ENSRNOG00000000397","-","Ccar1","chr20",32390880,32391091,NA,NA,4.33943672551e-07,0.000390489450996,"1.0,1.0,0.638","0.044,0.131,1.0","SE","20","Ccar1",25.37405,28.071484,26.762396,30.116154,34.099602,39.173637,33.3452116666667,27.853896
"2","ENSRNOG00000000456","+","Psmb8","chr20",3992068,3992436,NA,NA,5.9189322873e-06,0.000517906575139,"0.0,0.058,0.035","0.0,0.022,0.028","RI","20","Psmb8",71.5783660019361,104.417537479187,80.5346279419167,81.4135525072604,80.8046702458858,79.7499075643756,80.3630685840594,85.8031519961278
"3","ENSRNOG00000000517","+","Kctd20","chr20",6214484,6214755,NA,NA,2.22542089814e-05,0.00608401117514,"1.0,1.0,1.0","0.866,1.0,1.0","SE","20","Kctd20",18.6787917208017,6.7747295943331,14.8997479004838,15.4754497014513,13.6962920615066,12.1354148963372,13.5771516194425,13.642990338862
"4","ENSRNOG00000000826","-","Flot1","chr20",3430706,3430144,NA,NA,3.41396265836e-05,0.00350018163174,"0.883,0.863,0.958","0.974,0.961,0.953","A5SS","20","Flot1",21.0599416734408,27.8290971913104,21.6781511850035,21.2070049922915,23.2310157140855,25.8469162585844,23.5853610525578,23.3653479523476
"5","ENSRNOG00000001004","+","Ncor2","chr12",36925592,36925803,NA,NA,0.000230939243117,0.0284273136244,"1.0,0.968,0.853","0.858,1.0,1.0","SE","12","Ncor2",13.4077563621696,4.48884925494908,11.8091296181485,3.47804756448106,11.6073035525804,4.93977772525461,9.45207029866117,7.12488439386658
"6","ENSRNOG00000001004","+","Ncor2","chr12",37025243,37025396,NA,NA,0.000417427000502,0.0450131198558,"0.931,1.0,0.872","0.838,0.801,0.538","SE","12","Ncor2",13.4077563621696,4.48884925494908,11.8091296181485,3.47804756448106,11.6073035525804,4.93977772525461,9.45207029866117,7.12488439386658
"7","ENSRNOG00000001007","+","Baiap2l1","chr12",12259129,12259205,NA,NA,1.14698808205e-05,0.00388724688171,"1.0,1.0,1.0","0.871,0.743,1.0","SE","12","Baiap2l1",2.84984545444952,2.61049739500528,2.71192056559972,2.29652343017939,3.16413487231797,2.60984126837847,2.82863223543205,2.5856220932114
"8","ENSRNOG00000001032","+","Ccz1b","chr12",12641517,12641875,NA,NA,7.81056315031e-05,0.00455616183768,"0.006,0.055,0.036","0.004,0.016,0.03","RI","12","Ccz1b",23.332017322597,23.183583808775,25.9642595019021,29.845216046665,25.6665303654578,32.0237555904134,27.8848484859244,25.4536057260123
"9","ENSRNOG00000001108","-","N4bp2l2","chr12",632156,632233,NA,NA,0.00044996939398,0.0475400862563,"0.955,0.983,0.978","0.93,0.949,0.945","SE","12","N4bp2l2",41.066086,41.928627,43.988937,55.608795,51.744598,63.537758,53.090431,46.2011693333333
"10","ENSRNOG00000001199","-","Pop5","chr12",47140267,47140410,NA,NA,0.000296726283944,0.0348800410171,"1.0,0.986,1.0","0.977,0.906,0.964","SE","12","Pop5",12.134604,14.41141,15.37952,14.672789,10.911611,17.122261,14.4711306666667,13.739601
"11","ENSRNOG00000001294","+","Ift81","chr12",39439265,39439429,NA,NA,0.000311523062838,0.0359120822153,"0.838,1.0,0.943","0.986,1.0,1.0","SE","12","Ift81",4.658428,4.613938,4.559003,6.052745,4.844038,5.78485,5.06263033333333,5.10837033333333
"12","ENSRNOG00000001616","-","Senp7","chr11",46960554,46960746,NA,NA,8.31962848116e-05,0.0144576321756,"0.982,1.0,0.949","0.896,1.0,0.868","SE","11","Senp7",10.944242,7.812324,11.631391,14.523861,9.27431,14.664435,11.856712,11.0934756666667
"13","ENSRNOG00000001627","-","Abi3bp","chr11",46245627,46245687,46283450,46283492,2.66912305832e-05,0.0186527216392,"0.824,0.883,0.842","0.962,0.874,1.0","MXE","11","Abi3bp",25.9404781329952,14.3068861397577,24.4538053093829,24.5866477140039,25.6189154528036,24.6561079298394,24.9096095640086,21.6113373289189
"14","ENSRNOG00000001627","-","Abi3bp","chr11",46298665,46298740,NA,NA,6.71902286534e-05,0.0129881200514,"1.0,1.0,1.0","0.825,1.0,1.0","SE","11","Abi3bp",25.9404781329952,14.3068861397577,24.4538053093829,24.5866477140039,25.6189154528036,24.6561079298394,24.9096095640086,21.6113373289189
"15","ENSRNOG00000001627","-","Abi3bp","chr11",46245627,46245687,46299788,46299863,3.75258093049e-05,0.0224779597736,"0.878,0.916,0.947","0.989,0.843,1.0","MXE","11","Abi3bp",25.9404781329952,14.3068861397577,24.4538053093829,24.5866477140039,25.6189154528036,24.6561079298394,24.9096095640086,21.6113373289189
"16","ENSRNOG00000001627","-","Abi3bp","chr11",46297624,46297696,NA,NA,0.000313112057261,0.0359120822153,"1.0,1.0,1.0","0.713,0.0,0.763","SE","11","Abi3bp",25.9404781329952,14.3068861397577,24.4538053093829,24.5866477140039,25.6189154528036,24.6561079298394,24.9096095640086,21.6113373289189
"17","ENSRNOG00000001627","-","Abi3bp","chr11",46297137,46297212,NA,NA,6.75537938533e-06,0.00275450594437,"1.0,1.0,1.0","0.642,1.0,0.0","SE","11","Abi3bp",25.9404781329952,14.3068861397577,24.4538053093829,24.5866477140039,25.6189154528036,24.6561079298394,24.9096095640086,21.6113373289189
"18","ENSRNOG00000001627","-","Abi3bp","chr11",46290825,46290888,NA,NA,8.32578378145e-05,0.0144576321756,"0.57,1.0,1.0","0.761,0.0,0.0","SE","11","Abi3bp",25.9404781329952,14.3068861397577,24.4538053093829,24.5866477140039,25.6189154528036,24.6561079298394,24.9096095640086,21.6113373289189
"19","ENSRNOG00000001627","-","Abi3bp","chr11",46290825,46290888,NA,NA,1.85946568502e-05,0.00545220410295,"0.89,0.891,1.0","1.0,1.0,1.0","SE","11","Abi3bp",25.9404781329952,14.3068861397577,24.4538053093829,24.5866477140039,25.6189154528036,24.6561079298394,24.9096095640086,21.6113373289189
"20","ENSRNOG00000001971","+","Bbx","chr11",53178534,53178615,NA,NA,3.39320819912e-05,0.00783620895259,"1.0,1.0,1.0","0.777,1.0,1.0","SE","11","Bbx",3.58191019638967,0.638851258014317,2.80201274354186,4.002514826953,3.23741335947712,2.83859726797386,2.95934112366428,2.74109209378566
"21","ENSRNOG00000001989","+","Alcam","chr11",50969428,50969467,NA,NA,0.000163967676251,0.0232697440197,"0.978,0.948,0.892","0.909,0.912,0.73","SE","11","Alcam",12.681478,7.57887,10.970808,12.038344,9.5943,11.181254,10.5821206666667,10.7662306666667
"22","ENSRNOG00000002085","-","Thegl","chr14",33395942,33396080,NA,NA,0.000139281344846,0.0207696341434,"1.0,1.0,1.0","0.849,1.0,1.0","SE","14","Thegl",2.927722,3.447629,3.682846,4.026087,4.372239,3.683405,3.91283,3.467146
"23","ENSRNOG00000002207","+","Guf1","chr14",62615244,62615448,NA,NA,1.1087826924e-05,0.0038072096238,"0.901,0.915,1.0","1.0,0.983,1.0","SE","14","Guf1",4.184717,4.359408,4.487337,4.54376,5.098872,5.197834,4.92801433333333,4.36262833333333
"24","ENSRNOG00000002473","-","Odr4","chr13",67584255,67584363,NA,NA,1.39636046858e-05,0.00444383204732,"0.874,0.945,0.841","1.0,1.0,0.88","SE","13","Odr4",8.288736,4.006126,8.557055,9.737306,9.184331,8.631486,8.79095733333333,7.344056
"25","ENSRNOG00000002625","-","Ptpn4","chr13",35728571,35728730,NA,NA,2.84935374075e-05,0.00714968607871,"1.0,1.0,1.0","0.829,1.0,0.9","SE","13","Ptpn4",4.986211,3.441196,4.778098,5.362606,3.315878,4.608372,4.234116,4.596671
"26","ENSRNOG00000002695","-","Tfb2m","chr13",97829687,97829836,NA,NA,3.06863606184e-05,0.00741890241424,"0.989,1.0,1.0","0.88,0.725,1.0","SE","13","Tfb2m",15.589769,17.182764,19.665876,23.329632,14.858022,21.342878,18.6222586666667,18.7007216666667
"27","ENSRNOG00000002907","-","Plekha6","chr13",50559829,50559953,NA,NA,1.39029891695e-05,0.00444383204732,"1.0,0.921,1.0","0.759,0.667,1.0","SE","13","Plekha6",5.58306796544646,3.11176762589805,4.18709790095792,2.94244338316798,4.050208023948,2.15485212658228,3.4640526838294,3.87909299150416
"28","ENSRNOG00000003026","-","Rad23a","chr19",25952978,25953034,NA,NA,3.988054263e-05,0.0085305134465,"0.966,0.987,1.0","0.941,0.923,0.971","SE","19","Rad23a",49.4455062742537,50.4735382748756,33.6569127767413,23.4247698501244,34.2420029695274,20.9096077481343,29.602841164801,41.1146047997512
"29","ENSRNOG00000003078","-","Dcaf6","chr13",83634262,83634520,NA,NA,2.04178613027e-05,0.00585521437973,"1.0,1.0,1.0","0.762,1.0,0.948","SE","13","Dcaf6",10.877028,9.855706,11.225877,14.036015,13.327886,13.09265,12.5488043333333,11.589583
"30","ENSRNOG00000003116","-","Dph1","chr10",62026299,62027793,NA,NA,2.72145196489e-07,4.76254093856e-05,"0.003,0.096,0.117","0.002,0.075,0.073","RI","10","Dph1",11.1081900990769,9.08799605066667,12.0375214596923,7.52488282174359,12.9121182348718,11.4603998635897,12.1366798527179,9.24035632382905
"31","ENSRNOG00000003122","-","Hdac8","chrX",72186164,72186270,NA,NA,0.000191957618648,0.0254280508438,"0.923,1.0,0.887","1.0,0.956,1.0","SE","X","Hdac8",4.544555,4.12802,4.610679,4.273209,4.749104,4.969965,4.77658266666667,4.31526133333333
"32","ENSRNOG00000003226","+","Mprip","chr10",46129830,46129892,NA,NA,2.11249240052e-05,0.00599213061782,"0.535,0.497,0.482","0.599,0.646,0.628","SE","10","Mprip",29.3484168329889,20.7954202755102,27.4681952751227,22.2632786959442,23.7975458902092,23.2438639989667,24.8365350547662,24.1357052681478
"33","ENSRNOG00000003326","+","Rrn3","chr10",3204816,3204962,NA,NA,0.000295898334327,0.0348800410171,"0.988,1.0,0.955","0.901,1.0,0.96","SE","10","Rrn3",12.1963472768508,9.01938743078731,11.5893811247944,14.7606342599295,11.0608419215041,12.3114671924794,11.6538967462593,11.9921229891892
"34","ENSRNOG00000003759","-","Galc","chr6",122229783,122229847,NA,NA,0.00043879681393,0.0467381292095,"0.796,1.0,0.513","0.977,1.0,1.0","SE","6","Galc",8.224104,5.040096,6.473213,8.622375,7.664865,6.262209,6.80009566666667,7.295525
"35","ENSRNOG00000003787","+","Lcorl","chr14",69818121,69818201,NA,NA,7.75258858595e-05,0.0140494133152,"1.0,1.0,1.0","0.928,0.19,0.0","SE","14","Lcorl",3.026892,1.582436,2.943619,4.047988,2.860944,3.424389,3.07631733333333,2.885772
"36","ENSRNOG00000003901","-","Cfap36","chr14",113641749,113641851,NA,NA,0.000139134417315,0.0207696341434,"0.986,0.979,1.0","0.932,0.985,0.973","SE","14","Cfap36",22.117714,31.759773,22.983027,32.682602,29.067732,34.613869,28.8882093333333,28.853363
"37","ENSRNOG00000003918","-","Slc25a19","chr10",104175291,104175461,NA,NA,3.07036120761e-05,0.00741890241424,"0.864,0.79,1.0","1.0,1.0,0.82","SE","10","Slc25a19",6.681805,7.048588,7.181175,6.45052,6.268891,6.937533,6.79586633333333,6.726971
"38","ENSRNOG00000004139","-","Ndel1","chr10",55416271,55416306,NA,NA,0.000194939638383,0.025608273612,"0.013,0.009,0.018","0.045,0.0,0.009","SE","10","Ndel1",35.0189381185372,26.8622052320303,34.4429255889029,42.0023024010088,42.9374672698613,41.6577765157629,39.679389791509,34.6278152505254
"39","ENSRNOG00000004232","+","G2e3","chr6",72112455,72112763,NA,NA,0.000129175089747,0.0197048655114,"0.925,1.0,0.941","0.685,0.875,0.892","SE","6","G2e3",6.677673,4.745056,7.26135,8.252244,5.809254,8.973414,7.348006,6.55832433333333
"40","ENSRNOG00000004252","+","Eif3h","chr6",10232140,10232261,NA,NA,1.41547927823e-08,2.39723687114e-05,"1.0,1.0,1.0","0.547,0.514,1.0","SE","6","Eif3h",134.550873,173.884323,157.590027,166.781464,194.688812,175.045166,175.774668333333,158.405553333333
"41","ENSRNOG00000004304","+","Syap1","chrX",33560123,33560271,NA,NA,0.000154178613858,0.0224773469678,"0.98,1.0,0.99","0.914,1.0,1.0","SE","X","Syap1",23.49765,24.544851,24.849621,28.101622,20.023985,27.985073,24.2862263333333,25.3813743333333
"42","ENSRNOG00000004382","-","Arel1","chr6",108644945,108645055,NA,NA,4.52368808235e-06,0.00210803864638,"0.995,0.974,1.0","0.909,1.0,1.0","SE","6","Arel1",17.2838893689284,9.1011024705228,17.2001287508343,19.132605546904,18.4064515550612,19.0407826273637,18.2157876444197,15.1725324621184
"43","ENSRNOG00000004553","+","Cox20","chr13",96222934,96222998,NA,NA,1.070772081e-07,0.000116428617607,"0.935,1.0,1.0","1.0,1.0,1.0","SE","13","Cox20",62.757126,59.817417,65.402916,85.133392,65.091644,90.277969,73.590843,69.2359783333333
"44","ENSRNOG00000004725","-","Cela1","chr7",142313736,142313873,NA,NA,6.60442548772e-06,0.00273569980202,"1.0,1.0,0.982","0.945,0.972,1.0","SE","7","Cela1",20.968649,29.202017,18.692968,22.745216,16.578222,19.099779,18.1236563333333,24.305294
"45","ENSRNOG00000004763","+","Sirpa","chr3",122136526,122136862,NA,NA,8.32370606274e-05,0.0144576321756,"0.907,0.952,0.947","0.783,0.925,0.873","SE","3","Sirpa",52.8930609833623,38.3597028750931,46.3748876692327,35.0802624390365,56.5222361360814,34.9168920350137,45.9380052801093,42.1110087658306
"46","ENSRNOG00000004812","+","Sema6d","chr3",116952471,116952627,NA,NA,0.000126810544619,0.019581348949,"1.0,1.0,0.809","0.557,1.0,0.922","SE","3","Sema6d",13.2257551922952,3.93309865781806,9.56244103463904,6.25678840725154,7.06654106604079,5.81081162156037,7.47993124074673,7.80521408578827
"47","ENSRNOG00000004968","+","Ncapg2","chr6",144293320,144293485,NA,NA,1.71102751566e-05,0.00513229586766,"0.724,1.0,0.706","1.0,1.0,1.0","SE","6","Ncapg2",4.263051,3.006044,4.179491,5.384745,3.964247,5.111364,4.41836733333333,4.21794666666667
"48","ENSRNOG00000005258","-","Myef2","chr3",117381423,117381476,NA,NA,8.89011423076e-05,0.0149856488825,"0.99,1.0,1.0","0.924,1.0,1.0","SE","3","Myef2",22.0334771340996,15.0565189118774,21.5587040996169,24.4723513716475,22.3107902375479,24.9092950191571,22.926263118774,20.5207824725415
"49","ENSRNOG00000005450","-","Lsm11","chr10",31029547,31029631,NA,NA,0.000129875723021,0.0197048655114,"1.0,0.873,1.0","0.83,0.941,1.0","SE","10","Lsm11",2.993734,2.292443,3.010712,2.383731,2.530887,2.658902,2.73350033333333,2.556636
"50","ENSRNOG00000005486","+","Phf20l1","chr7",107431598,107431698,NA,NA,9.26720483072e-05,0.0155023703373,"0.935,0.94,0.926","0.979,0.987,0.981","SE","7","Phf20l1",21.8530597773889,14.2784968358418,21.9182872509625,26.4656791011551,19.302395540777,27.0826291928596,22.767770661533,20.8657452381286
"51","ENSRNOG00000005783","+","Dlg5","chr15",173267,173411,NA,NA,5.3403358434e-05,0.010720108013,"1.0,0.569,1.0","0.384,1.0,0.569","SE","15","Dlg5",2.282509,0.475742,1.360838,1.070977,1.542426,1.106704,1.336656,1.27640933333333
"52","ENSRNOG00000006112","-","LOC102554315","chr3",145641273,145641334,NA,NA,0.000436282825936,0.0466608058427,"0.917,0.929,1.0","0.993,1.0,1.0","SE","3","LOC102554315",9.03415579075426,5.102832,8.09032856934307,9.947617,9.05046574695864,10.558784,9.23319277210057,8.02820159691809
"53","ENSRNOG00000006285","+","Tlk2","chr10",93464373,93464469,NA,NA,0.000198414507525,0.0258891249419,"0.962,0.957,0.976","0.882,0.908,0.874","SE","10","Tlk2",17.438961,14.53425,17.608997,20.246193,19.135538,20.632805,19.12578,17.406468
"54","ENSRNOG00000006285","+","Tlk2","chr10",93465607,93465700,NA,NA,0.000145581564838,0.0214046035935,"0.957,0.952,0.978","0.86,0.906,0.904","SE","10","Tlk2",17.438961,14.53425,17.608997,20.246193,19.135538,20.632805,19.12578,17.406468
"55","ENSRNOG00000006554","-","Fam149b1","chr15",4382790,4382978,NA,NA,1.83364420558e-06,0.00111280881834,"1.0,1.0,0.974","0.863,0.929,1.0","SE","15","Fam149b1",19.5596885347132,16.8457698559724,19.2132330056059,18.9808300163864,24.047374356188,21.0914256386373,21.4506776668104,18.4620961356907
"56","ENSRNOG00000006554","-","Fam149b1","chr15",4369884,4369988,NA,NA,7.9924842068e-06,0.003158253114,"1.0,1.0,0.973","0.918,0.943,1.0","SE","15","Fam149b1",19.5596885347132,16.8457698559724,19.2132330056059,18.9808300163864,24.047374356188,21.0914256386373,21.4506776668104,18.4620961356907
"57","ENSRNOG00000006783","-","Neb","chr3",37667637,37667730,NA,NA,0.000168534764228,0.0237734227421,"0.342,1.0,0.464","1.0,1.0,1.0","SE","3","Neb",0.221372841643494,0.0691023609646179,0.173146251941701,0.212245796864512,0.155490686451242,0.198784731805542,0.175807223399495,0.167573666490875
"58","ENSRNOG00000006999","-","Wdr78","chr5",122560482,122560581,NA,NA,0.000463720177991,0.048795329697,"0.556,1.0,1.0","1.0,0.807,1.0","SE","5","Wdr78",1.30037,0.982807,1.685283,1.321463,1.443682,1.629202,1.58605566666667,1.20154666666667
"59","ENSRNOG00000007049","+","Bcl11a","chr14",108911057,108911200,NA,NA,6.96899771901e-05,0.0131784756866,"0.957,1.0,0.973","0.887,0.942,0.88","SE","14","Bcl11a",13.2192254742053,7.9256048462741,12.8101506409588,7.78152137050547,15.1533987701928,12.7628544684732,13.5754679598749,9.64211723032829
"60","ENSRNOG00000007088","-","Xpot","chr7",63719573,63719643,NA,NA,0.000280525108813,0.0334273207287,"1.0,1.0,1.0","0.94,0.942,1.0","SE","7","Xpot",11.53152,7.151841,9.970672,12.556887,10.864259,10.772246,10.5357256666667,10.413416
"61","ENSRNOG00000007262","+","Ccdc134","chr7",123369264,123369446,NA,NA,6.30645910352e-05,0.0123739365989,"0.978,1.0,1.0","0.922,1.0,1.0","SE","7","Ccdc134",19.770834,13.978137,27.676241,18.586594,23.375162,21.248487,24.0999633333333,17.4451883333333
"62","ENSRNOG00000007270","-","Il12rb2","chr4",98065337,98065496,NA,NA,6.22040983553e-05,0.0122975617476,"0.684,0.826,1.0","0.953,1.0,1.0","SE","4","Il12rb2",2.100971,0.888239,1.874332,2.34245,2.011962,2.004408,1.96356733333333,1.77722
"63","ENSRNOG00000007405","+","Krba1","chr4",78035230,78035365,NA,NA,8.05026886078e-05,0.0143890285062,"0.9,0.869,0.846","0.979,1.0,1.0","SE","4","Krba1",7.6103,4.433351,7.326447,3.667944,7.535669,4.842179,6.56809833333333,5.23719833333333
"64","ENSRNOG00000007726","+","Mcam","chr8",48479532,48479650,NA,NA,8.84844233e-05,0.0149856488825,"0.963,1.0,0.947","0.814,0.919,1.0","SE","8","Mcam",6.20665350878402,4.82751487392353,5.13447136892869,2.893381,4.14686,5.34504888942473,4.87546008611781,4.64251646090252
"65","ENSRNOG00000007801","+","R3hdm2","chr7",70794622,70794723,NA,NA,9.1987417683e-11,4.00083941976e-07,"1.0,0.938,0.969","0.866,0.906,0.889","SE","7","R3hdm2",29.3979379675425,18.2430924322514,26.5240103256054,17.3919169556929,29.5779766676971,21.1627803760948,25.7549224564658,21.6776491184956
"66","ENSRNOG00000007801","+","R3hdm2","chr7",70788736,70788838,NA,NA,0.000177450601329,0.0243723731173,"0.117,0.121,0.185","0.066,0.06,0.108","SE","7","R3hdm2",29.3979379675425,18.2430924322514,26.5240103256054,17.3919169556929,29.5779766676971,21.1627803760948,25.7549224564658,21.6776491184956
"67","ENSRNOG00000007937","-","Krit1","chr4",27442653,27442770,NA,NA,1.61388917785e-08,2.47741482266e-05,"1.0,1.0,1.0","0.837,1.0,1.0","SE","4","Krit1",24.739372,25.743168,26.428654,32.675812,26.525928,35.900337,29.6183063333333,27.7194506666667
"68","ENSRNOG00000007993","+","Sh3tc1","chr14",80202457,80202532,NA,NA,9.53574547558e-06,0.00360228986025,"1.0,1.0,1.0","0.664,1.0,1.0","SE","14","Sh3tc1",7.579628,5.115132,6.404579,4.561065,6.795512,5.415694,6.20526166666667,5.75194166666667
"69","ENSRNOG00000007993","+","Sh3tc1","chr14",80200173,80200401,NA,NA,3.13373794392e-06,0.00161629051362,"1.0,1.0,1.0","0.732,1.0,1.0","SE","14","Sh3tc1",7.579628,5.115132,6.404579,4.561065,6.795512,5.415694,6.20526166666667,5.75194166666667
"70","ENSRNOG00000008082","+","Rgs6","chr6",106578508,106578562,NA,NA,4.06910634432e-06,0.00193067998475,"1.0,1.0,0.85","0.848,0.958,0.898","SE","6","Rgs6",8.09090732386265,5.08293066062402,6.315428,7.26533578420777,6.530475,5.9348742199756,6.2602590733252,6.81305792289815
"71","ENSRNOG00000008151","+","Plscr4","chr8",99909552,99909779,NA,NA,1.02351320411e-05,0.00370016051245,"1.0,1.0,1.0","0.905,1.0,0.877","SE","8","Plscr4",12.9809875950858,10.2908751989229,10.0049355853248,13.5650629209021,7.5466163369236,8.18961759811511,8.58038984012117,12.2789752383036
"72","ENSRNOG00000008165","+","Tpx2","chr3",148334972,148335090,NA,NA,4.80239841005e-07,0.000417744629696,"1.0,0.962,1.0","0.726,0.458,1.0","SE","3","Tpx2",5.99970179951323,5.09355408792212,6.00730291299057,7.0976006014603,8.3222280158199,5.66184296318832,6.66379129733293,6.06361882963188
"73","ENSRNOG00000008193","-","Cr1l","chr13",113840081,113840267,NA,NA,5.73233549517e-09,1.15070020832e-05,"0.987,1.0,1.0","0.905,0.992,0.99","SE","13","Cr1l",73.4856381987741,83.7124303292469,78.9176322705779,91.108956262697,74.693210709282,103.093335435201,85.568059471687,82.7690082635727
"74","ENSRNOG00000008258","-","Fnbp1","chr3",9885985,9886168,NA,NA,0.000109769246106,0.0176919225212,"1.0,1.0,1.0","0.821,1.0,1.0","SE","3","Fnbp1",49.2456194044361,17.2190685804625,40.2566542732421,34.7910235658329,54.447913273714,41.1515649608306,45.2853775025956,33.7519038502438
"75","ENSRNOG00000008356","+","Myo5c","chr8",82196764,82196871,NA,NA,0.000225219842987,0.0281212297732,"0.499,1.0,0.166","1.0,1.0,1.0","SE","8","Myo5c",4.044893,4.601534,1.819337,5.700319,1.976909,2.570457,2.12223433333333,4.78224866666667
"76","ENSRNOG00000008747","+","Plekha5","chr4",174758784,174758973,NA,NA,1.21520636953e-06,0.000834526984717,"0.04,0.15,0.079","0.01,0.065,0.071","SE","4","Plekha5",12.4561612450569,8.41014493788696,9.80993592250849,11.0420450681047,10.8967602061114,10.66560054284,10.45743222382,10.6361170836829
"77","ENSRNOG00000008781","-","Erg28","chr6",109689290,109689451,NA,NA,3.62705295754e-05,0.00799156371916,"0.895,0.942,0.912","1.0,0.984,1.0","SE","6","Erg28",10.011204,12.025578,11.03264,12.195238,13.924398,14.785429,13.247489,11.4106733333333
"78","ENSRNOG00000009491","+","Phc3","chr2",116065995,116066043,NA,NA,0.000242657581452,0.0294529871887,"0.21,0.117,0.0","0.037,0.0,0.062","SE","2","Phc3",5.46748814344828,1.25936206151724,3.86866874951724,5.24731097213793,3.67258665986207,4.38685697296552,3.97603746078161,3.99138705903448
"79","ENSRNOG00000009696","-","Mdm4","chr13",49798818,49798965,NA,NA,0.000308053194194,0.0357286940253,"0.935,1.0,0.955","1.0,0.959,0.979","SE","13","Mdm4",38.856979,17.612782,37.595596,53.980793,33.253445,50.907742,40.5855943333333,36.8168513333333
"80","ENSRNOG00000010037","-","Epb41","chr5",150120807,150120870,NA,NA,0,0,"0.163,0.213,0.232","0.417,0.517,0.413","SE","5","Epb41",72.7709248895152,22.8913561228861,46.2592049109357,61.8174971149944,52.9791566335964,51.8570393224352,50.3651336223224,52.4932593757986
"81","ENSRNOG00000010397","+","Agbl3","chr4",62337360,62337427,NA,NA,0.000105012809009,0.0172428932816,"0.622,1.0,1.0","1.0,1.0,1.0","SE","4","Agbl3",1.865586,1.518554,1.896464,2.416364,1.810154,2.254543,1.98705366666667,1.93350133333333
"82","ENSRNOG00000010415","+","Atxn7l1","chr6",52651200,52651283,NA,NA,1.06600044791e-05,0.00375923617414,"1.0,1.0,1.0","0.923,1.0,0.928","SE","6","Atxn7l1",6.9278448584989,3.90628249845475,6.26623256799117,5.47952851324503,8.04913684944812,5.84499535584989,6.72012159109639,5.43788529006623
"83","ENSRNOG00000010625","+","Dnmt3b","chr3",149166170,149166240,NA,NA,7.68504992976e-08,9.1158664985e-05,"1.0,1.0,1.0","0.577,0.602,0.602","SE","3","Dnmt3b",2.64944998176292,1.32808810030395,2.36524913617021,2.19920616474164,2.67296696352584,2.7336681337386,2.59062807781155,2.05891474893617
"84","ENSRNOG00000010643","-","Kank2","chr8",22819710,22819855,NA,NA,5.52955422117e-06,0.00243624544352,"1.0,1.0,1.0","0.883,1.0,1.0","SE","8","Kank2",18.9310994432548,12.680001,16.072823,11.009303,4.88009,11.319374,10.757429,14.2068011477516
"85","ENSRNOG00000011523","+","H2afy","chr17",9328642,9328733,NA,NA,7.97498076399e-06,0.003158253114,"0.878,0.917,0.833","0.935,0.94,1.0","SE","17","H2afy",106.00238803241,125.682641133821,114.723623037637,117.230579250915,109.720458159435,133.041549910089,119.16187703572,116.305202805715
"86","ENSRNOG00000011523","+","H2afy","chr17",9326794,9326894,NA,NA,0.000380220255769,0.0418659400614,"0.952,0.981,0.947","0.973,0.977,1.0","SE","17","H2afy",106.00238803241,125.682641133821,114.723623037637,117.230579250915,109.720458159435,133.041549910089,119.16187703572,116.305202805715
"87","ENSRNOG00000011589","+","Camk2d","chr2",231032418,231032491,NA,NA,4.81854925838e-06,0.00216801485253,"0.994,1.0,1.0","0.954,1.0,1.0","SE","2","Camk2d",46.9450200363908,43.469638611665,48.6767191767198,55.4844267083749,52.8790321296112,22.6910831974078,41.4156115012463,48.6330284521436
"88","ENSRNOG00000011619","+","Myo9a","chr8",64681950,64682070,NA,NA,5.77735883009e-05,0.0115088516053,"0.953,1.0,1.0","0.829,1.0,0.793","SE","8","Myo9a",5.43417333838987,1.74096947097468,4.00442003559484,6.84334679622551,4.35869078344482,4.18273580685619,4.18194887529862,4.67282986853002
"89","ENSRNOG00000011621","-","LOC100911576","chr15",28487616,28487595,NA,NA,0.000180085156481,0.0446611188073,"0.975,0.966,0.951","0.891,0.955,0.912","A3SS","15","LOC100911576",78.2855985676422,115.587749056875,95.8390704792932,105.772649314191,98.2672244434014,126.09117157979,106.732488834162,99.8819989795694
"90","ENSRNOG00000011621","-","LOC100911576","chr15",28511145,28511171,NA,NA,1.17245218756e-07,0.000122385249146,"1.0,0.945,1.0","0.44,0.614,1.0","SE","15","LOC100911576",78.2855985676422,115.587749056875,95.8390704792932,105.772649314191,98.2672244434014,126.09117157979,106.732488834162,99.8819989795694
"91","ENSRNOG00000011756","-","Phf3","chr9",37134324,37134593,NA,NA,0.00037645421081,0.041855508948,"1.0,0.939,1.0","0.678,1.0,1.0","SE","9","Phf3",15.22156,9.62136,14.864064,17.79015,17.134743,17.417196,16.472001,14.2110233333333
"92","ENSRNOG00000011910","+","Hnrnpr","chr5",154687040,154687176,NA,NA,3.77895079755e-05,0.00815004132338,"1.0,1.0,0.97","0.958,0.935,0.967","SE","5","Hnrnpr",35.954548,33.145241,39.541683,37.100418,38.52977,41.604607,39.89202,35.400069
"93","ENSRNOG00000011910","+","Hnrnpr","chr5",154676664,154676778,NA,NA,1.63813407283e-12,1.06871866911e-08,"1.0,0.994,1.0","0.85,1.0,1.0","SE","5","Hnrnpr",35.954548,33.145241,39.541683,37.100418,38.52977,41.604607,39.89202,35.400069
"94","ENSRNOG00000011910","+","Hnrnpr","chr5",154674360,154674468,154676664,154676778,2.00195933152e-05,0.0167884309541,"0.473,0.762,0.563","1.0,0.695,0.63","MXE","5","Hnrnpr",35.954548,33.145241,39.541683,37.100418,38.52977,41.604607,39.89202,35.400069
"95","ENSRNOG00000011962","-","Gin1","chr9",111210892,111211086,NA,NA,0.000201334138364,0.026134828982,"0.973,1.0,1.0","0.825,1.0,1.0","SE","9","Gin1",4.35798231060216,4.06285612454967,4.60706149613999,5.48048007205352,4.88296170895522,5.33702711399897,4.94235010636473,4.63377283573512
"96","ENSRNOG00000012037","+","Galnt7","chr16",36001373,36001834,NA,NA,5.07875569256e-05,0.0104358431932,"0.713,0.9,0.955","0.947,1.0,1.0","SE","16","Galnt7",9.29119558161512,7.95267716387457,11.1026378019759,9.40771979875429,10.5330384235395,11.4906289261168,11.0421017172107,8.88386418141466
"97","ENSRNOG00000012137","-","Ccdc84","chr8",48732551,48732618,NA,NA,1.66772677412e-06,0.0010614877536,"0.915,0.92,0.968","0.979,1.0,0.974","SE","8","Ccdc84",20.047535,21.15369,21.94351,21.070406,21.374811,27.197992,23.5054376666667,20.7572103333333
"98","ENSRNOG00000012301","-","Cfap161","chr1",145911480,145911639,NA,NA,0.00017343580831,0.0240743662429,"1.0,1.0,1.0","0.649,0.59,1.0","SE","1","Cfap161",0.835252,1.131518,0.97949,0.887668,0.770369,1.40717,1.052343,0.951479333333333
"99","ENSRNOG00000012378","+","Dbnl","chr14",86041645,86041741,NA,NA,3.34662234464e-05,0.00783620895259,"1.0,1.0,1.0","1.0,0.921,1.0","SE","14","Dbnl",83.772446,83.260918,87.711357,68.50193,86.521286,75.924088,83.385577,78.5117646666667
"100","ENSRNOG00000012397","-","Zmym4","chr5",144920057,144920173,NA,NA,7.50972281175e-05,0.0138009666546,"0.979,1.0,1.0","0.822,1.0,1.0","SE","5","Zmym4",8.614333,6.207629,8.200075,9.064776,8.255049,9.588261,8.68112833333333,7.962246
"101","ENSRNOG00000012480","-","Pxylp1","chr8",104757468,104757600,NA,NA,0.000182218396629,0.0247467979472,"0.916,1.0,1.0","0.795,0.769,0.82","SE","8","Pxylp1",6.637581,6.388896,7.250774,6.119997,6.979195,6.55688,6.92894966666667,6.382158
"102","ENSRNOG00000012723","+","Trim55","chr2",104441861,104442149,NA,NA,5.69933293448e-07,0.000479773523414,"1.0,1.0,1.0","0.165,0.283,1.0","SE","2","Trim55",0.488009,0.51173,0.469527,0.68027,0.341084,0.396907,0.402506,0.560003
"103","ENSRNOG00000012831","+","Slc25a26","chr4",126528441,126528598,NA,NA,1.035069426e-05,0.00370016051245,"1.0,0.979,1.0","0.778,1.0,1.0","SE","4","Slc25a26",5.902704,5.900192,6.586063,7.910271,6.019223,5.839189,6.14815833333333,6.57105566666667
"104","ENSRNOG00000012860","+","Tmem184c","chr19",34055155,34055255,NA,NA,1.76400638541e-09,4.60335106337e-06,"0.899,0.831,0.89","1.0,0.912,1.0","SE","19","Tmem184c",14.306425,12.690973,13.895889,16.405439,16.884171,16.76416,15.8480733333333,14.4676123333333
"105","ENSRNOG00000012982","+","Map9","chr2",181332386,181332533,NA,NA,2.27080368363e-05,0.00610916421938,"0.394,0.695,1.0","1.0,1.0,1.0","SE","2","Map9",1.513845,1.025676,1.601322,1.751989,1.697515,2.008522,1.76911966666667,1.43050333333333
"106","ENSRNOG00000013002","-","Gpbp1","chr2",43026693,43026753,NA,NA,0.00021880597741,0.0277182562451,"0.822,0.882,0.839","0.787,0.799,0.713","SE","2","Gpbp1",48.8573438429652,56.0009614959153,60.2946179440242,73.2321914187595,52.964005473525,76.6154923119516,63.2913719098336,59.3634989192133
"107","ENSRNOG00000013135","+","Ptpn12","chr4",10655702,10655811,NA,NA,2.14575190186e-05,0.00602102598182,"0.9,0.921,0.954","0.785,0.869,0.87","SE","4","Ptpn12",28.7969971607198,27.3633224961216,30.324795420726,34.8853973369532,27.9332928696866,36.1687222106733,31.475603500362,30.3485723312649
"108","ENSRNOG00000013215","-","Dctd","chr16",47179830,47179927,NA,NA,0.000195280749877,0.025608273612,"0.976,0.91,0.868","0.801,0.894,0.932","SE","16","Dctd",10.5712196057074,10.7156416688103,10.9183925924437,10.8728433697749,13.499988108119,13.4313154159968,12.6165653721865,10.7199015480975
"109","ENSRNOG00000013387","-","Tpcn2","chr1",218433477,218433542,218434482,218434548,1.81914735984e-05,0.0167884309541,"0.491,0.557,0.575","0.734,0.654,0.671","MXE","1","Tpcn2",13.0767213511806,9.82858908779515,13.859614127702,12.7554823199202,10.8042135433987,14.1828945254406,12.9489073988471,11.886930919632
"110","ENSRNOG00000013491","+","Setx","chr3",7695514,7695734,NA,NA,0.000313762827448,0.0359120822153,"1.0,0.879,1.0","0.851,1.0,1.0","SE","3","Setx",26.663143,12.860534,27.133228,33.00639,23.095644,29.227438,26.4854366666667,24.176689
"111","ENSRNOG00000013713","-","LOC499240","chr1",174343021,174343094,NA,NA,2.23814022384e-05,0.00608401117514,"0.0,0.0,0.0","0.291,0.141,0.0","SE","1","LOC499240",0.234436,0.209559,0.252288,0.183834,0.131963,0.181089,0.188446666666667,0.209276333333333
"112","ENSRNOG00000013820","-","Tnfrsf14","chr5",172334272,172334398,NA,NA,3.92363085355e-08,5.11955353771e-05,"1.0,0.974,1.0","0.888,0.975,0.906","SE","5","Tnfrsf14",119.251854,112.898537,130.953156,115.661949,129.312225,163.957718,141.407699666667,115.937446666667
"113","ENSRNOG00000013820","-","Tnfrsf14","chr5",172334853,172334962,NA,NA,3.33897693583e-06,0.00167565273303,"1.0,0.963,1.0","0.932,0.964,0.932","SE","5","Tnfrsf14",119.251854,112.898537,130.953156,115.661949,129.312225,163.957718,141.407699666667,115.937446666667
"114","ENSRNOG00000013844","+","Fam172a","chr2",4961752,4961811,NA,NA,9.6627946895e-06,0.00360228986025,"1.0,1.0,0.938","0.888,1.0,1.0","SE","2","Fam172a",8.57597778964942,4.54797649860879,8.068349573734,9.01306563049527,7.05850281079577,8.21469097217585,7.78051445223521,7.37900663958449
"115","ENSRNOG00000014027","-","RGD1304728","chr10",58739751,58739833,NA,NA,4.80769879041e-06,0.00216801485253,"0.959,0.978,0.855","0.825,0.628,0.765","SE","10","RGD1304728",4.832532,2.038063,4.349365,5.42999,5.150921,4.717278,4.739188,4.100195
"116","ENSRNOG00000014031","-","Esco1","chr18",1812897,1813029,NA,NA,0.000447141922886,0.0474333968278,"0.959,1.0,1.0","0.899,0.977,1.0","SE","18","Esco1",19.701725,18.64992,21.4091,24.966898,18.185703,24.63895,21.411251,21.106181
"117","ENSRNOG00000014148","+","Ap5m1","chr15",25947016,25947156,NA,NA,0.000105059014093,0.0172428932816,"1.0,1.0,0.981","0.927,0.979,1.0","SE","15","Ap5m1",13.545098,8.193472,13.179192,17.177322,12.604136,15.558492,13.7806066666667,12.971964
"118","ENSRNOG00000014168","+","Xylb","chr8",128072802,128072890,NA,NA,0.000221055070923,0.0277339092827,"0.966,1.0,1.0","0.868,0.592,1.0","SE","8","Xylb",4.230402,3.082943,4.223016,3.298791,4.321648,4.346619,4.29709433333333,3.53737866666667
"119","ENSRNOG00000014354","+","Cep95","chr10",95011920,95012050,NA,NA,1.02907847256e-05,0.00370016051245,"0.915,1.0,0.943","1.0,1.0,1.0","SE","10","Cep95",13.517906,14.07865,15.110359,16.963224,17.742985,20.524382,17.7925753333333,14.85326
"120","ENSRNOG00000014501","+","Zfp638","chr4",115677572,115678488,NA,NA,0.000180861936758,0.0247108539353,"0.813,0.983,1.0","0.979,0.985,1.0","SE","4","Zfp638",21.478666,20.339251,23.27998,29.635805,21.18232,29.418041,24.6267803333333,23.8179073333333
"121","ENSRNOG00000014513","+","Rexo5","chr1",189596622,189596679,NA,NA,0.000320471286717,0.0365140140365,"0.526,1.0,0.689","0.388,0.0,0.454","SE","1","Rexo5",1.88688680064412,1.66074082479871,1.81130407761675,2.05586186505636,2.41581788888889,2.22316460869565,2.1500955250671,1.8678298301664
"122","ENSRNOG00000014766","+","Galt","chr5",58147327,58147482,NA,NA,3.42126961872e-06,0.00168455569755,"1.0,1.0,0.957","0.941,0.94,1.0","SE","5","Galt",16.334444,19.095953,16.427425,11.135057,19.00778,14.319485,16.5848966666667,15.521818
"123","ENSRNOG00000014997","+","Igf2r","chr1",48261741,48261811,NA,NA,3.25312619487e-05,0.00778840194324,"0.927,1.0,0.977","0.988,0.988,1.0","SE","1","Igf2r",8.153731,4.340212,7.048268,7.045364,6.319193,7.644871,7.00411066666667,6.51310233333333
"124","ENSRNOG00000015033","+","Mxd4","chr14",81822906,81822936,NA,NA,1.6213159192e-05,0.00493976654456,"0.973,0.989,0.98","0.933,0.97,0.971","SE","14","Mxd4",35.8088663860557,26.0445052315841,34.4505233870411,32.3126448566149,37.9420956646957,32.1422593291451,34.844959460294,31.3886721580849
"125","ENSRNOG00000015033","+","Mxd4","chr14",81825614,81825752,NA,NA,0.000125294023812,0.0194623383655,"0.004,0.065,0.037","0.002,0.027,0.008","SE","14","Mxd4",35.8088663860557,26.0445052315841,34.4505233870411,32.3126448566149,37.9420956646957,32.1422593291451,34.844959460294,31.3886721580849
"126","ENSRNOG00000015054","+","Rcbtb2","chr15",55047015,55047080,NA,NA,0.000217301428386,0.0276619418301,"0.937,1.0,0.98","0.988,1.0,1.0","SE","15","Rcbtb2",41.3389485658021,32.8688960206532,46.1403722795389,44.973687815562,44.0387497944284,45.9903453631124,45.3898224790266,39.7271774673391
"127","ENSRNOG00000015235","-","Fra10ac1","chr1",256894194,256894237,NA,NA,9.49322382926e-08,0.000107710943065,"0.927,0.821,0.978","0.995,1.0,0.974","SE","1","Fra10ac1",8.672338,11.165617,9.647419,10.315674,10.087014,10.961079,10.2318373333333,10.0512096666667
"128","ENSRNOG00000015502","-","Hiatl3","chr2",219677185,219677313,NA,NA,6.67315464775e-07,0.000536122585794,"0.506,0.726,1.0","1.0,1.0,1.0","SE","2","Hiatl3",20.881453,19.577368,22.449461,22.116291,22.726025,22.339148,22.504878,20.8583706666667
"129","ENSRNOG00000015523","-","RGD1308147","chr17",53084185,53084261,NA,NA,3.51694978836e-05,0.0079119242825,"0.935,1.0,1.0","0.736,1.0,0.617","SE","17","RGD1308147",5.43719,5.183704,5.690647,8.376066,6.37042,7.269746,6.44360433333333,6.33232
"130","ENSRNOG00000015621","-","Nsd3","chr16",71168666,71168767,NA,NA,0.000103679759181,0.0172332929655,"1.0,1.0,1.0","0.969,0.948,0.942","SE","16","Nsd3",14.0918563127953,5.54473585216535,12.6262433893701,15.6465410958661,13.7035536490157,14.3937586411417,13.5745185598425,11.7610444202756
"131","ENSRNOG00000015682","-","Kel","chr4",70990094,70990224,NA,NA,3.15875291979e-06,0.00161629051362,"1.0,1.0,1.0","0.836,0.853,0.911","SE","4","Kel",8.337101,8.305495,2.435475,10.635339,2.164718,2.205158,2.26845033333333,9.092645
"132","ENSRNOG00000015734","+","Ube3a","chr1",116606799,116606919,NA,NA,0.000357016640466,0.0403320616866,"1.0,1.0,1.0","0.867,1.0,0.891","SE","1","Ube3a",8.04455111721612,5.42307167915418,8.21686053280053,9.55284195887446,6.0183181968032,8.47645444222444,7.57054439060939,7.67348825174825
"133","ENSRNOG00000016047","-","Macf1","chr5",141075460,141075469,NA,NA,8.16245449474e-05,0.0144576321756,"0.929,0.165,0.0","0.926,0.835,0.922","SE","5","Macf1",40.7995426516421,23.9071342196882,42.349359486482,56.4074694662879,41.8304875646873,63.0311220741831,49.0703230417841,40.3713821125394
"134","ENSRNOG00000016545","+","Ift140","chr10",14396012,14396104,NA,NA,4.74330508442e-05,0.00998236205508,"0.782,1.0,1.0","0.662,0.566,0.531","SE","10","Ift140",5.280538,2.86163,5.06445,4.875998,5.11921,5.427473,5.203711,4.33938866666667
"135","ENSRNOG00000017021","-","Galnt18","chr1",176425742,176425909,NA,NA,0.000294410933533,0.0348800410171,"1.0,1.0,1.0","0.914,1.0,1.0","SE","1","Galnt18",7.665668,4.843323,5.782557,6.151491,6.007901,4.044276,5.27824466666667,6.22016066666667
"136","ENSRNOG00000017151","-","Rnf214","chr8",50168039,50168144,NA,NA,4.31697751745e-05,0.00915901181263,"1.0,1.0,0.928","0.885,0.897,1.0","SE","8","Rnf214",5.983792,2.175252,4.790259,4.899472,5.238737,5.705177,5.24472433333333,4.35283866666667
"137","ENSRNOG00000017310","-","Rnpc3","chr2",216494816,216494942,216498229,216498355,9.13868028782e-05,0.0478981080585,"0.0,0.778,0.8","0.0,0.5,0.011","MXE","2","Rnpc3",20.741216938812,19.9034062456454,21.4640472831621,27.5421338968289,25.3642086766414,34.1933148517195,27.0071902705077,22.7289190270954
"138","ENSRNOG00000017671","-","Rasa3","chr16",81351446,81351523,NA,NA,1.44082895615e-08,2.39723687114e-05,"1.0,0.832,0.918","0.997,1.0,1.0","SE","16","Rasa3",75.1628222887173,52.6045832149292,65.0337545212355,57.8443836344916,73.9053947277992,73.7674892473187,70.9022128321178,61.8705963793794
"139","ENSRNOG00000017745","-","Cog4","chr19",43371978,43372097,NA,NA,0.000369138609706,0.0413435242871,"0.976,1.0,1.0","0.943,0.94,0.918","SE","19","Cog4",27.886326,22.321566,30.562344,32.317543,25.964741,31.753361,29.4268153333333,27.5084783333333
"140","ENSRNOG00000017980","+","Itgal","chr1",198771122,198771193,NA,NA,1.24749756244e-05,0.00412084764423,"0.987,1.0,0.979","0.955,1.0,0.981","SE","1","Itgal",59.597771,37.9949,55.525608,48.143822,60.4137,54.093487,56.6775983333333,48.578831
"141","ENSRNOG00000018082","-","Slc26a2","chr18",56526892,56527027,NA,NA,0.000429498672868,0.0461242690007,"0.659,0.833,1.0","0.961,1.0,1.0","SE","18","Slc26a2",7.030572,1.481549,4.813457,6.393868,5.54176,5.673592,5.34293633333333,4.968663
"142","ENSRNOG00000018260","-","Hrh2","chr17",10928988,10930506,NA,NA,5.06315155586e-05,0.0104358431932,"0.202,0.652,1.0","1.0,1.0,1.0","SE","17","Hrh2",1.349654,0.187931,0.774807,1.231897,1.00365,1.276384,1.01828033333333,0.923160666666667
"143","ENSRNOG00000018520","-","Nsun6","chr17",82046084,82046238,NA,NA,8.36565932906e-05,0.0144576321756,"1.0,1.0,1.0","0.862,0.88,1.0","SE","17","Nsun6",5.47408,5.514849,5.62281,6.97872,4.827193,6.373448,5.607817,5.98921633333333
"144","ENSRNOG00000018520","-","Nsun6","chr17",82047905,82048015,NA,NA,5.05209799251e-05,0.0104358431932,"1.0,1.0,1.0","0.866,0.829,1.0","SE","17","Nsun6",5.47408,5.514849,5.62281,6.97872,4.827193,6.373448,5.607817,5.98921633333333
"145","ENSRNOG00000018574","-","Qsox2","chr3",3681244,3681345,NA,NA,0.000138191682248,0.0207696341434,"0.641,0.752,1.0","0.938,1.0,1.0","SE","3","Qsox2",7.134905,4.822699,6.733671,5.831164,6.893627,7.360718,6.99600533333333,5.92958933333333
"146","ENSRNOG00000018602","-","Camta1","chr5",168985429,168985548,NA,NA,3.48817574335e-05,0.0079119242825,"1.0,1.0,1.0","0.921,1.0,0.898","SE","5","Camta1",1.1749365734674,0.965466381933182,1.05964881998054,1.3708609361012,1.10134526548816,1.27736248248459,1.14611885598443,1.17042129716726
"147","ENSRNOG00000018773","-","Mtrf1l","chr1",42481134,42481318,NA,NA,0.000360600838641,0.0405613770913,"0.866,1.0,1.0","0.975,1.0,1.0","SE","1","Mtrf1l",11.289592,13.120724,13.322848,15.887512,11.506277,16.571671,13.8002653333333,13.4326093333333
"148","ENSRNOG00000018876","-","Entr1","chr3",3833388,3833457,NA,NA,3.96468851216e-06,0.00191597243358,"0.181,0.287,0.165","0.102,0.101,0.027","SE","3","Entr1",26.9552889753968,20.6160260312169,29.4210313328042,30.7194781759259,26.2849038267196,37.5271622026455,31.0776991207231,26.0969310608465
"149","ENSRNOG00000019354","-","Ptch1","chr17",1060932,1061088,NA,NA,0.000306398871864,0.0356954685722,"1.0,0.868,1.0","0.823,1.0,1.0","SE","17","Ptch1",4.39330469381238,2.62126309500998,3.70105032734531,3.24463626227545,3.89241561636727,3.51870889820359,3.70405828063872,3.41973468369927
"150","ENSRNOG00000019506","+","Dnajb2","chr9",82439113,82439167,NA,NA,5.90836779502e-08,7.34213171328e-05,"0.913,0.951,0.953","0.836,0.83,0.855","SE","9","Dnajb2",28.9130445410011,31.0181384046858,22.4597901746539,26.3846643556975,23.0716689946752,26.2851007241747,23.9388532978346,28.7719491004615
"151","ENSRNOG00000019508","+","Wars2","chr2",201241627,201241708,NA,NA,3.49791024187e-05,0.0079119242825,"1.0,0.859,1.0","0.799,0.745,1.0","SE","2","Wars2",4.485094,3.998212,4.396331,5.680614,5.216367,5.069176,4.893958,4.72130666666667
"152","ENSRNOG00000019624","+","Morc2","chr14",83924485,83924540,NA,NA,1.78460926781e-06,0.00110883722507,"0.899,1.0,1.0","1.0,1.0,1.0","SE","14","Morc2",10.777844,6.822075,10.0980290118973,9.936522,10.173418,10.679116,10.3168543372991,9.17881366666667
"153","ENSRNOG00000019779","+","Disc1","chr19",58040450,58040724,NA,NA,2.42682722013e-05,0.00639701849864,"0.755,1.0,1.0","0.31,1.0,0.382","SE","19","Disc1",1.194133,0.295558,0.8958,0.520334,0.69581,0.798541,0.796717,0.670008333333333
"154","ENSRNOG00000019848","-","Rbm39","chr3",151713495,151713561,151717399,151717594,5.7146259248e-06,0.00798714216756,"0.722,0.22,0.617","0.841,0.9,0.904","MXE","3","Rbm39",107.799278,117.547684,118.664246,169.271271,110.002869,158.32338,128.996831666667,131.539411
"155","ENSRNOG00000019848","-","Rbm39","chr3",151713495,151713561,NA,NA,0,0,"0.894,1.0,0.839","0.31,0.193,0.136","SE","3","Rbm39",107.799278,117.547684,118.664246,169.271271,110.002869,158.32338,128.996831666667,131.539411
"156","ENSRNOG00000019946","+","Gmppa","chr9",82638340,82638438,NA,NA,3.28384134501e-05,0.00779046579449,"0.971,0.984,1.0","0.956,0.886,0.89","SE","9","Gmppa",19.6779229515685,18.7674159466153,22.7432792173913,13.2270380456797,22.8359629829389,18.0163515178866,21.1985312394056,17.2241256479545
"157","ENSRNOG00000020056","-","Retreg3","chr10",89012871,89012998,NA,NA,3.37782503125e-05,0.00783620895259,"0.93,0.964,1.0","0.989,1.0,0.977","SE","10","Retreg3",38.044464,33.873959,40.523125,42.806473,34.763111,39.409748,38.2319946666667,38.241632
"158","ENSRNOG00000020486","-","Bcl2l12","chr1",100986699,100986987,NA,NA,0.000406197658759,0.0443520255355,"1.0,0.978,1.0","0.882,1.0,1.0","SE","1","Bcl2l12",10.152093,11.963792,10.000637,4.22011,13.323005,5.909559,9.74440033333333,8.778665
"159","ENSRNOG00000020486","-","Bcl2l12","chr1",100988099,100988191,NA,NA,0.000187617542972,0.0252374608319,"0.978,1.0,1.0","0.929,0.95,1.0","SE","1","Bcl2l12",10.152093,11.963792,10.000637,4.22011,13.323005,5.909559,9.74440033333333,8.778665
"160","ENSRNOG00000020486","-","Bcl2l12","chr1",100986699,100986987,NA,NA,0.000116872863105,0.0184843287005,"0.951,1.0,1.0","0.827,0.963,1.0","SE","1","Bcl2l12",10.152093,11.963792,10.000637,4.22011,13.323005,5.909559,9.74440033333333,8.778665
"161","ENSRNOG00000020646","-","Sdhaf2","chr1",226566337,226566447,NA,NA,0.000379251095869,0.0418659400614,"0.974,0.988,1.0","0.938,0.943,0.974","SE","1","Sdhaf2",26.247633,28.895285,29.273668,34.292252,33.826523,35.276443,32.7922113333333,29.8117233333333
"162","ENSRNOG00000020853","+","Scap","chr8",118606226,118606356,NA,NA,1.38755184154e-06,0.000928450073252,"0.985,1.0,1.0","0.914,1.0,1.0","SE","8","Scap",20.2684055097031,14.0095746738368,20.9230127753098,13.7016248024316,20.4479260790274,14.929228449848,18.7667224347284,15.9932016619905
"163","ENSRNOG00000021718","-","Cspp1","chr5",8833566,8833665,NA,NA,0.000172001143138,0.0240743662429,"0.976,1.0,1.0","0.836,1.0,0.902","SE","5","Cspp1",11.328572,9.510207,11.959969,13.176569,12.915658,16.079203,13.65161,11.3384493333333
"164","ENSRNOG00000021903","+","Atad5","chr10",67457817,67457994,NA,NA,0.000176755140629,0.0243723731173,"1.0,1.0,0.912","0.696,1.0,1.0","SE","10","Atad5",2.114246,1.011066,1.742158,2.217827,2.079136,1.962051,1.92778166666667,1.78104633333333
"165","ENSRNOG00000021918","-","Cep76","chr18",63390558,63390783,NA,NA,0.000146000131807,0.0214046035935,"0.937,1.0,0.834","0.647,0.852,0.896","SE","18","Cep76",2.05368459232828,1.42625254237288,1.96786360749331,2.53882955932203,2.17226809634255,1.82694783942908,1.98902651442165,2.0062555646744
"166","ENSRNOG00000022395","+","Tnrc6c","chr10",106739729,106739879,NA,NA,6.50398444094e-05,0.0126662670127,"1.0,1.0,1.0","0.926,1.0,1.0","SE","10","Tnrc6c",11.929292,3.20498,9.459108,5.967707,11.305763,7.353113,9.37266133333333,7.033993
"167","ENSRNOG00000022472","-","Snap47","chr10",45778143,45778634,NA,NA,0.000306061893577,0.0356954685722,"1.0,1.0,0.933","0.8,0.968,0.937","SE","10","Snap47",5.078325,5.551632,5.379299,5.912168,4.129364,5.633852,5.047505,5.51404166666667
"168","ENSRNOG00000022491","+","Wdr76","chr3",113454940,113455033,NA,NA,2.99797072876e-05,0.00741890241424,"1.0,1.0,1.0","0.772,1.0,1.0","SE","3","Wdr76",4.040327,1.960725,3.139022,3.985932,4.036616,3.087096,3.42091133333333,3.32899466666667
"169","ENSRNOG00000022615","+","Tp53i13","chr10",62651316,62651358,NA,NA,0.000109828764885,0.0176919225212,"0.935,0.88,1.0","0.994,0.942,1.0","SE","10","Tp53i13",12.008785,13.002839,12.895712,8.266433,10.503278,7.266782,10.221924,11.0926856666667
"170","ENSRNOG00000022929","+","Mtmr12","chr2",62267107,62267238,NA,NA,0.000189404509822,0.0253471799401,"1.0,0.966,0.968","0.934,0.912,0.938","SE","2","Mtmr12",19.722952,8.195993,18.24901,20.915615,17.187098,18.877039,18.1043823333333,16.2781866666667
"171","ENSRNOG00000023299","+","Hfm1","chr14",3937026,3937110,NA,NA,2.01569705371e-09,4.78196639215e-06,"0.207,0.0,0.579","1.0,1.0,1.0","SE","14","Hfm1",0.244085,0.147782,0.195482,0.121026,0.077234,0.236659,0.169791666666667,0.170964333333333
"172","ENSRNOG00000023376","+","Riok3","chr18",3579917,3580045,NA,NA,0.000164072382726,0.0232697440197,"0.85,0.892,0.849","0.913,0.915,0.909","SE","18","Riok3",61.089123,55.505314,49.550835,56.71656,44.47633,49.629856,47.8856736666667,57.7703323333333
"173","ENSRNOG00000023452","+","AABR07050449.1","chr5",165481367,165481564,NA,NA,7.15002188189e-05,0.0134099034411,"0.65,0.514,1.0","1.0,1.0,1.0","SE","5","AABR07050449.1",0.493961,0.461464,0.570267,0.212127,0.286787,0.316025,0.391026333333333,0.389184
"174","ENSRNOG00000024025","+","Edc4","chr19",37862018,37862048,NA,NA,0.0016835283327,0.0491590273148,"0.0,0.035,0.104","0.0,0.049,0.011","A5SS","19","Edc4",17.6462200959788,11.420578861912,16.6283356206373,15.8946547249621,16.3976586714719,18.2016383649469,17.075877552352,14.9871512276176
"175","ENSRNOG00000024112","+","Dgkq","chr14",2077924,2078040,NA,NA,0.000239958832716,0.0293988999932,"0.871,0.861,0.855","1.0,0.792,0.917","SE","14","Dgkq",10.21623,6.930068,9.766813,8.863224,9.829034,10.07853,9.891459,8.66984066666667
"176","ENSRNOG00000024657","-","Mfsd4a","chr13",48834516,48834632,NA,NA,0.000160896176372,0.0231974951304,"0.966,0.856,0.826","1.0,1.0,0.922","SE","13","Mfsd4a",2.96646902839644,1.30501626948775,2.24947147995546,2.17566683463252,2.77076116926503,2.73715659187082,2.5857964136971,2.1490507108389
"177","ENSRNOG00000025000","+","Cep104","chr5",171292563,171292644,NA,NA,7.29568993455e-05,0.0135027180519,"0.972,1.0,1.0","0.914,0.894,0.562","SE","5","Cep104",7.124805,4.738367,6.398886,6.44541,6.904728,6.841698,6.715104,6.10286066666667
"178","ENSRNOG00000025145","+","Rmdn1","chr5",33597771,33597827,NA,NA,0.000116054708507,0.0184668516658,"1.0,0.963,1.0","0.891,1.0,0.844","SE","5","Rmdn1",6.65508570311727,7.13219855912914,6.61709965957447,9.18310863631865,6.86276833151905,8.29846383374567,7.25944394161306,7.65679763285502
"179","ENSRNOG00000025791","+","Dync1li2","chr19",757135,757177,NA,NA,0.000376917711633,0.041855508948,"0.984,1.0,1.0","0.941,1.0,1.0","SE","19","Dync1li2",18.8762905695058,17.4228742880675,16.0169445076336,23.086670164323,16.1077402679791,22.342745828646,18.1558102014196,19.7952783406321
"180","ENSRNOG00000025981","+","Ska2","chr10",74424572,74424749,NA,NA,2.23093543639e-10,6.46872123867e-07,"0.705,0.837,1.0","1.0,1.0,1.0","SE","10","Ska2",9.131128,11.582427,10.45913,12.304794,11.854458,12.345744,11.5531106666667,11.0061163333333
"181","ENSRNOG00000026039","+","Tspan32","chr1",216197728,216197803,NA,NA,3.0243167267e-05,0.00741890241424,"0.987,1.0,1.0","0.948,0.819,1.0","SE","1","Tspan32",29.927259,29.836311,33.584515,28.937887,27.014322,34.711994,31.770277,29.5671523333333
"182","ENSRNOG00000026039","+","Tspan32","chr1",216201697,216201799,NA,NA,2.11300451336e-06,0.00122535479513,"0.975,1.0,1.0","0.9,0.85,1.0","SE","1","Tspan32",29.927259,29.836311,33.584515,28.937887,27.014322,34.711994,31.770277,29.5671523333333
"183","ENSRNOG00000026039","+","Tspan32","chr1",216203941,216204025,NA,NA,0.000242329316202,0.0294529871887,"0.673,1.0,1.0","0.335,0.788,1.0","SE","1","Tspan32",29.927259,29.836311,33.584515,28.937887,27.014322,34.711994,31.770277,29.5671523333333
"184","ENSRNOG00000026905","+","Ppm1g","chr6",26531290,26531376,NA,NA,1.33644761924e-10,4.98227672453e-07,"1.0,1.0,1.0","0.803,1.0,1.0","SE","6","Ppm1g",58.690052,64.816132,61.278214,53.515594,61.006306,58.557312,60.2806106666667,59.0072593333333
"185","ENSRNOG00000027028","+","Lamtor4","chr12",19574419,19574500,NA,NA,3.43977121231e-08,4.72443523981e-05,"0.996,1.0,0.981","0.951,0.967,0.991","SE","12","Lamtor4",26.079863,37.587063,32.210098,23.153725,17.22628,24.658949,24.6984423333333,28.940217
"186","ENSRNOG00000027249","+","Fancl","chr14",110709097,110709166,NA,NA,1.79741617398e-05,0.0053301559632,"1.0,1.0,1.0","0.939,0.925,1.0","SE","14","Fancl",10.554246,14.474024,12.361139,13.834183,10.373713,13.766695,12.1671823333333,12.954151
"187","ENSRNOG00000027295","-","Aph1b","chr8",72479918,72480046,NA,NA,1.9061862697e-05,0.00552709298823,"1.0,1.0,1.0","0.879,1.0,0.931","SE","8","Aph1b",6.49191543377886,8.64015902673147,5.91047208626974,9.46654720048603,6.14240535722965,6.41694873876063,6.15660872742001,8.19954055366545
"188","ENSRNOG00000027513","+","Rtel1","chr3",176829662,176829747,NA,NA,3.60229254015e-05,0.00799156371916,"1.0,1.0,1.0","0.921,1.0,1.0","SE","3","Rtel1",10.6237773298334,6.05180900388039,11.0394527799589,9.04887113535722,11.8782217886327,12.1241708883816,11.6806151523244,8.574819156357
"189","ENSRNOG00000027880","-","Nbeal2","chr8",118910878,118910985,NA,NA,8.1980525557e-07,0.000629224645569,"1.0,1.0,1.0","0.82,1.0,1.0","SE","8","Nbeal2",13.633229,5.576756,10.640189,8.049791,12.468047,10.483189,11.1971416666667,9.086592
"190","ENSRNOG00000027891","-","Dhrs11","chr10",72145640,72145770,NA,NA,0.000202300561556,0.026134828982,"1.0,0.984,0.962","0.936,0.97,0.872","SE","10","Dhrs11",26.484159,26.423223,16.017918,13.099439,17.694197,12.900797,15.5376373333333,22.0022736666667
"191","ENSRNOG00000028328","-","Tyw3","chr2",260876399,260876471,NA,NA,0.00020811428129,0.0266223053164,"0.972,1.0,1.0","0.893,1.0,0.628","SE","2","Tyw3",4.116772,4.785812,4.112813,4.356455,4.186675,4.65522,4.318236,4.41967966666667
"192","ENSRNOG00000028328","-","Tyw3","chr2",260873912,260874046,NA,NA,0.000253105052109,0.0304379236859,"0.983,1.0,1.0","0.911,1.0,0.772","SE","2","Tyw3",4.116772,4.785812,4.112813,4.356455,4.186675,4.65522,4.318236,4.41967966666667
"193","ENSRNOG00000028350","+","Arse","chr2",122882970,122883133,NA,NA,9.29866023658e-06,0.00356849761079,"1.0,1.0,1.0","0.886,0.931,1.0","SE","2","Arse",10.28518,8.492898,10.727646,4.710389,7.470663,5.45904,7.885783,7.829489
"194","ENSRNOG00000028556","-","Usp30","chr12",48282965,48283148,NA,NA,2.58295042567e-05,0.00667373012953,"1.0,1.0,1.0","0.837,1.0,1.0","SE","12","Usp30",8.23386308555556,6.11817413722222,7.692826795,7.52037553,7.54182332111111,8.19175606,7.8088020587037,7.29080425092593
"195","ENSRNOG00000028594","+","Ifnar1","chr11",31650197,31650376,NA,NA,0.000273844549116,0.0327809511639,"0.966,0.981,0.981","0.922,0.96,0.985","SE","11","Ifnar1",40.3603667342794,26.6445981147541,34.6035911842427,40.8317897188647,37.1884297908001,38.5952616545143,36.795760876519,35.9455848559661
"196","ENSRNOG00000028713","+","Acvrl1","chr7",142779029,142779176,NA,NA,2.69288011112e-06,0.00149517871021,"0.896,1.0,1.0","1.0,1.0,0.956","SE","7","Acvrl1",28.2477396001656,20.735985915287,22.6614191556291,18.6188405703642,21.0186332091611,18.9226981103753,20.8675834917218,22.5341886952723
"197","ENSRNOG00000029330","+","Car5b","chrX",32266709,32266805,NA,NA,8.48794074578e-05,0.0145724540593,"1.0,1.0,1.0","0.892,1.0,0.859","SE","X","Car5b",2.615196,2.221758,2.484195,3.923274,2.071229,1.976167,2.177197,2.920076
"198","ENSRNOG00000029466","+","RGD1562608","chr18",17409260,17409355,NA,NA,0.000410519460911,0.0446371493831,"1.0,1.0,1.0","0.906,0.93,0.75","SE","18","RGD1562608",1.59260786354001,0.564789384207737,1.22740585082141,1.60145674695284,1.35942676762056,1.26852028855326,1.28511763566508,1.25295133156686
"199","ENSRNOG00000029993","+","Kynu","chr3",28508280,28508354,NA,NA,6.93939994738e-05,0.0131784756866,"0.795,0.934,0.927","0.962,1.0,1.0","SE","3","Kynu",8.005059,9.234873,7.843054,10.212866,8.932875,10.105837,8.96058866666667,9.15093266666667
"200","ENSRNOG00000030245","+","Tango2","chr11",86839825,86839941,NA,NA,0.000321820326042,0.0365140140365,"1.0,0.95,1.0","0.704,0.897,0.82","SE","11","Tango2",8.42564598995606,8.97928466227244,7.88311685875706,6.95540657438795,9.43695608035154,7.82465087633396,8.38157460514752,8.12011240887215
"201","ENSRNOG00000030654","+","Man2c1","chr8",61812963,61813087,NA,NA,0.000117672420532,0.0184986716036,"0.967,1.0,1.0","0.877,1.0,0.969","SE","8","Man2c1",18.5724489796108,12.50437721903,17.1284426719184,14.5827376669756,16.2828596688292,14.1754195928329,15.8622406445268,15.2198546218721
"202","ENSRNOG00000031247","+","Lekr1","chr2",157509985,157510161,NA,NA,7.99770774205e-05,0.0143890285062,"0.161,0.0,0.067","0.0,0.0,0.0","SE","2","Lekr1",0.409915,0.226299,0.509614,0.28968,0.62715,0.619816,0.585526666666667,0.308631333333333
"203","ENSRNOG00000031312","+","Tnfrsf1a","chr4",157872553,157872682,NA,NA,1.02136491442e-06,0.000735560505979,"1.0,1.0,1.0","0.973,0.948,0.873","SE","4","Tnfrsf1a",41.23074,39.237663,34.143856,25.226145,35.429764,22.069553,30.5477243333333,35.231516
"204","ENSRNOG00000031325","+","Abi1","chr17",90011303,90011318,NA,NA,3.92877202549e-07,0.000366161552776,"0.0,0.235,0.0","0.0,0.0,0.0","SE","17","Abi1",46.9454104215784,46.7704531551781,47.481529027972,26.376183033633,48.4926914129204,55.4827760556111,50.4856654988345,40.0306822034632
"205","ENSRNOG00000031495","-","Tmem170b","chr17",22839350,22839521,NA,NA,0.000207445266193,0.0266223053164,"0.896,1.0,1.0","0.748,0.824,0.725","SE","17","Tmem170b",6.813181,1.35683,5.349369,5.037347,4.507357,3.802842,4.55318933333333,4.40245266666667
"206","ENSRNOG00000031515","-","Klra2","chr4",165457941,165458105,NA,NA,0.000226298286622,0.0281213337509,"1.0,0.972,1.0","0.844,0.949,1.0","SE","4","Klra2",9.5946215376464,8.1050414829894,11.9203377244841,8.27226278750697,11.5893315454545,11.4783564221974,11.662675230712,8.65730860271426
"207","ENSRNOG00000031653","-","Ccdc58","chr11",67605494,67605641,NA,NA,0.000228476492063,0.0282574527814,"0.975,0.992,1.0","0.968,0.925,0.921","SE","11","Ccdc58",9.170899,13.345033,11.034573,12.675543,13.691795,14.442596,13.0563213333333,11.7304916666667
"208","ENSRNOG00000031930","-","Bin2","chr7",142278359,142279089,NA,NA,3.99680288865e-15,3.47668560607e-11,"1.0,1.0,1.0","0.741,0.941,1.0","SE","7","Bin2",91.579926,86.329536,95.795937,70.428856,104.704468,90.488167,96.9961906666667,82.7794393333333
"209","ENSRNOG00000031950","-","Izumo4","chr7",11876280,11876295,NA,NA,1.58232205116e-10,5.16153453088e-07,"0.006,0.0,0.0","0.176,0.185,0.0","SE","7","Izumo4",11.814964,11.386114,12.729074,10.15702,11.808987,13.245144,12.5944016666667,11.119366
"210","ENSRNOG00000032039","-","Atp9b","chr18",77413442,77413603,NA,NA,0.000120389740797,0.018812519017,"1.0,0.978,0.974","0.892,1.0,1.0","SE","18","Atp9b",9.27666314717273,6.97838896940356,9.0704612087529,9.25595375019365,5.94129841247095,8.91468883462432,7.97548281861606,8.50366862225665
"211","ENSRNOG00000032437","+","Pard3","chr19",60351948,60351957,NA,NA,0.000452931370014,0.0220426600073,"0.0,0.0,0.0","0.177,0.0,0.0","A5SS","19","Pard3",1.90761568067604,1.0196910376907,1.40406864896799,1.29503967304816,1.01816503185761,1.15044889769668,1.19089419284076,1.4074487971383
"212","ENSRNOG00000032437","+","Pard3","chr19",60311259,60311343,NA,NA,1.90180484461e-06,0.0011279431642,"1.0,1.0,1.0","0.885,0.186,0.379","SE","19","Pard3",1.90761568067604,1.0196910376907,1.40406864896799,1.29503967304816,1.01816503185761,1.15044889769668,1.19089419284076,1.4074487971383
"213","ENSRNOG00000032788","+","Dysf","chr4",115789928,115789967,NA,NA,0.000172821107626,0.0240743662429,"0.014,0.114,0.205","0.21,0.177,0.114","SE","4","Dysf",5.41866288347083,2.6746031034178,4.50993050383029,3.28884267251031,3.48052876944608,3.42222917177372,3.80422948168336,3.79403621979965
"214","ENSRNOG00000032929","-","Incenp","chr1",225937038,225937050,NA,NA,3.67184630146e-07,0.000354890744751,"0.0,0.0,0.0","0.178,0.0,0.0","SE","1","Incenp",8.0500212809871,4.70744775939428,7.6934336623668,7.44599907515423,9.74496128266966,7.93347710712283,8.4572906840531,6.7344893718452
"215","ENSRNOG00000033445","+","AABR07049060.1","chr5",101855456,101855602,NA,NA,1.10212789741e-05,0.0038072096238,"0.567,0.848,1.0","1.0,1.0,1.0","SE","5","AABR07049060.1",0.711615287443946,0.50701175,0.75894165470852,0.651802476233184,0.709081070179372,0.78624753206278,0.751423418983557,0.623476504559043
"216","ENSRNOG00000033581","+","AABR07044388.2","chr20",4477214,4477541,NA,NA,2.3887675068e-05,0.00636094661811,"1.0,0.803,0.539","0.98,1.0,1.0","SE","20","AABR07044388.2",24.0652323607,10.2775665844736,13.8845560719538,6.07209281336684,13.4858110511961,8.30876810118217,11.8930450747774,13.4716305861801
"217","ENSRNOG00000033722","-","Rnf207","chr5",169488298,169488364,NA,NA,0.000382517781179,0.041941949654,"1.0,1.0,1.0","0.776,0.823,1.0","SE","5","Rnf207",0.53006,0.426424,0.526439,0.243263,0.51429,0.273628,0.438119,0.399915666666667
"218","ENSRNOG00000036980","+","Zgrf1","chr2",231938496,231938624,NA,NA,5.13252846299e-05,0.0104639424039,"1.0,1.0,1.0","0.853,0.781,0.917","SE","2","Zgrf1",2.419177,1.46165,2.628255,3.236812,2.594297,3.426566,2.88303933333333,2.37254633333333
"219","ENSRNOG00000037437","-","Golga3","chr12",52545493,52546140,NA,NA,7.19415420659e-05,0.0134099034411,"0.611,1.0,1.0","1.0,1.0,1.0","SE","12","Golga3",7.179099,3.588215,7.371196,7.328599,5.59215,7.578566,6.847304,6.031971
"220","ENSRNOG00000037814","-","Cxcl17","chr1",82270769,82270850,NA,NA,0.00012803759969,0.0196545247148,"0.849,1.0,0.903","0.977,1.0,1.0","SE","1","Cxcl17",4.117525,4.451728,4.53756,2.870333,6.015889,3.164258,4.572569,3.81319533333333
"221","ENSRNOG00000040108","+","RGD1565355","chr4",14177519,14177589,14183071,14183141,4.15769214612e-08,0.000174332031687,"0.141,0.465,0.376","0.008,0.184,0.211","MXE","4","RGD1565355",71.7416106081257,60.7850449323526,59.8183748581007,94.7325723008106,47.5345991417993,53.8248922318623,53.7259554105874,75.7530759470963
"222","ENSRNOG00000042213","-","Zscan25","chr12",11782803,11782799,NA,NA,4.79476935855e-05,0.00350018163174,"0.385,0.486,0.275","0.149,0.119,0.136","A5SS","12","Zscan25",4.69510472677596,2.98153082741348,5.1415849298725,2.54684510928962,4.01905990846994,3.935945428051,4.36553008879781,3.40782688782635
"223","ENSRNOG00000043069","+","Sec22a","chr11",68653522,68653717,NA,NA,0.000183021612654,0.0247467979472,"1.0,1.0,0.918","0.932,0.916,0.914","SE","11","Sec22a",12.170839,13.483785,11.017016,14.453238,11.368793,12.109114,11.4983076666667,13.3692873333333
"224","ENSRNOG00000043223","+","Zfp949","chr8",96376783,96376910,NA,NA,3.64422165305e-05,0.00799156371916,"1.0,1.0,1.0","0.761,1.0,1.0","SE","8","Zfp949",1.424575,0.655255,1.258348,1.455668,1.248398,1.673526,1.393424,1.17849933333333
"225","ENSRNOG00000045785","+","LOC100359687","chr8",56466900,56466972,NA,NA,7.71779538623e-05,0.0140494133152,"1.0,1.0,1.0","0.755,1.0,1.0","SE","8","LOC100359687",6.33876668814192,5.74761639589169,8.46828598412699,7.00857592903828,6.78527529505135,8.52796352941177,7.9271749361967,6.36498633769063
"226","ENSRNOG00000046028","-","Haus6","chr5",104963062,104963256,NA,NA,6.58148785992e-06,0.00273569980202,"1.0,1.0,1.0","0.83,1.0,0.925","SE","5","Haus6",5.038367,1.790228,4.446899,4.657315,4.321572,5.153847,4.64077266666667,3.82863666666667
"227","ENSRNOG00000047943","-","LOC108348106","chr1",90959068,90959220,NA,NA,3.57314178245e-12,1.8648941591e-08,"0.0,0.06,1.0","1.0,1.0,1.0","SE","1","LOC108348106",6.86303281692094,9.39423002288488,7.34084903952843,3.54124877600555,8.81361674549237,4.80756804715673,6.98734461072584,6.59950387193712
"228","ENSRNOG00000048025","+","Cstf2","chrX",104884150,104884320,NA,NA,8.90088740338e-05,0.0149856488825,"0.961,0.911,0.93","0.853,0.872,0.734","SE","X","Cstf2",11.7292085850144,9.73265714717991,12.0218826039522,12.4789916875257,12.5128571128036,12.6900482418691,12.408262652875,11.3136191399067
"229","ENSRNOG00000048222","-","Nlrc5","chr19",10970178,10970262,NA,NA,0.00041513298748,0.044951495607,"1.0,1.0,1.0","0.908,1.0,0.821","SE","19","Nlrc5",9.734521,3.196147,7.680442,8.121672,9.779887,9.898456,9.119595,7.01744666666667
"230","ENSRNOG00000048222","-","Nlrc5","chr19",10969955,10970039,NA,NA,0.000163969291353,0.0232697440197,"1.0,1.0,1.0","0.887,1.0,0.902","SE","19","Nlrc5",9.734521,3.196147,7.680442,8.121672,9.779887,9.898456,9.119595,7.01744666666667
"231","ENSRNOG00000048226","+","LOC100911295","chr11",39485164,39485287,NA,NA,2.84636052139e-06,0.00153483449608,"0.856,0.981,0.979","0.977,1.0,0.956","SE","11","LOC100911295",35.43082,38.762321,35.892124,37.994946,34.85112,41.048069,37.263771,37.396029
"232","ENSRNOG00000048849","-","Pdss1","chr17",90051679,90051789,NA,NA,0.000472931885935,0.0495647811059,"0.987,0.969,0.937","0.945,0.819,0.924","SE","17","Pdss1",5.920139,6.520992,5.759209,7.01562,6.213456,6.966721,6.31312866666667,6.48558366666667
"233","ENSRNOG00000049007","-","LOC100911313","chr3",112606454,112606535,NA,NA,5.80177688336e-06,0.00248201917292,"0.555,0.078,1.0","1.0,1.0,1.0","SE","3","LOC100911313",5.585744,6.050303,5.434449,6.880823,5.707373,7.142932,6.094918,6.17229
"234","ENSRNOG00000049244","+","Sepsecs","chr14",60666869,60666972,NA,NA,0.000155245635935,0.0225071673076,"0.934,0.968,0.808","0.775,0.813,0.716","SE","14","Sepsecs",11.553617,10.634069,11.701086,14.103216,10.832289,14.007379,12.1802513333333,12.0969673333333
"235","ENSRNOG00000049724","-","B3gntl1","chr10",110834287,110834353,NA,NA,1.62791202802e-05,0.00493976654456,"0.713,0.823,1.0","1.0,0.823,1.0","SE","10","B3gntl1",2.326269,1.064362,2.101463,2.239938,2.458731,1.958638,2.172944,1.87685633333333
"236","ENSRNOG00000050024","+","Ms4a4a","chr1",227595196,227595325,NA,NA,0.000107058336128,0.0174612146225,"0.852,0.882,0.542","0.966,1.0,1.0","SE","1","Ms4a4a",5.777577,5.008118,4.724083,7.498691,4.895173,4.20003,4.60642866666667,6.09479533333333
"237","ENSRNOG00000050210","-","RT1-CE10","chr20",156671,156947,NA,NA,6.8552762147e-05,0.0131540653014,"0.98,1.0,1.0","0.945,0.99,0.965","SE","20","RT1-CE10",61.057515908324,68.47618643982,65.546158507874,48.5276320652418,57.8361371029246,63.7662268785152,62.3828408297713,59.3537781377953
"238","ENSRNOG00000050492","-","LOC100911807","chr8",118430709,118430867,NA,NA,4.19966672549e-09,9.13287523903e-06,"0.081,1.0,0.0","1.0,1.0,1.0","SE","8","LOC100911807",4.178071,2.328344,4.19141,4.821955,3.982653,5.647409,4.60715733333333,3.77612333333333
"239","ENSRNOG00000050521","+","Tspo2","chr9",14513879,14514021,NA,NA,2.61093693332e-08,3.78527834511e-05,"1.0,1.0,1.0","0.618,0.667,0.118","SE","9","Tspo2",2.221349,2.692491,0.439242,1.107148,0.215756,0.329657,0.328218333333333,2.006996
"240","ENSRNOG00000050805","-","Tsc22d4","chr12",22019887,22020902,NA,NA,5.32147933596e-05,0.010720108013,"1.0,0.107,0.047","0.59,1.0,1.0","SE","12","Tsc22d4",26.535311,21.162331,26.739298,8.076602,24.2304,10.999656,20.6564513333333,18.5914146666667
"241","ENSRNOG00000050979","+","Ubap1l","chr8",70886561,70887137,NA,NA,1.46979575177e-08,2.39723687114e-05,"1.0,1.0,1.0","0.419,0.712,0.248","SE","8","Ubap1l",1.049595,0.980953,0.964298,0.585588,1.058089,0.634087,0.885491333333333,0.872045333333333
"242","ENSRNOG00000051196","+","AABR07018038.1","chr15",36905080,36905119,NA,NA,0.000912140238089,0.0332931186902,"0.031,0.112,0.085","0.013,0.016,0.103","A5SS","15","AABR07018038.1",18.9668105819584,10.3631317155667,18.4188131416786,18.5262534374103,16.3017448527618,19.9584817964491,18.2263465969632,15.9520652449785
"243","ENSRNOG00000051291","+","Dnhd1","chr1",170563532,170564344,NA,NA,1.5989143164e-05,0.00493976654456,"0.67,0.931,1.0","1.0,1.0,1.0","SE","1","Dnhd1",3.59460546324706,1.28644273232391,3.40548239040822,3.9620683363794,3.46258744383671,3.96203620137407,3.61003534520633,2.94770551065012
"244","ENSRNOG00000051580","+","AABR07052608.1","chr3",65954401,65954500,NA,NA,2.30577336136e-06,0.001308075253,"1.0,1.0,1.0","0.25,0.644,1.0","SE","3","AABR07052608.1",0.614587,1.01749,1.066695,0.909251,0.704936,0.983784,0.918471666666667,0.847109333333333
"245","ENSRNOG00000052140","+","Ogg1","chr4",145283619,145283867,NA,NA,6.77960044881e-07,0.000536122585794,"1.0,1.0,1.0","0.838,0.977,0.863","SE","4","Ogg1",9.287112,9.086087,9.637066,8.707103,10.425687,11.409066,10.4906063333333,9.02676733333333
"246","ENSRNOG00000053260","+","Lilrb3a","chr1",64011141,64011267,64011554,64011630,2.10306543735e-07,0.00044090766894,"0.053,0.114,0.332","0.987,0.635,0.199","MXE","1","Lilrb3a",15.8054552154208,9.73773867000196,14.752910597214,9.35940670531685,11.0986608505003,4.78394057053168,10.2118373394153,11.6342001969132
"247","ENSRNOG00000053656","-","LOC690020","chr4",163642365,163642508,NA,NA,2.64954205643e-05,0.0067128591752,"0.742,1.0,0.689","1.0,1.0,1.0","SE","4","LOC690020",0.981034,0.95285,2.078912,0.382993,1.470556,3.313538,2.28766866666667,0.772292333333333
"248","ENSRNOG00000053828","+","Ppp1r12c","chr1",72907127,72907258,NA,NA,0.000250950653855,0.0303185567731,"0.967,1.0,0.967","0.918,0.955,0.973","SE","1","Ppp1r12c",31.217039,29.545288,33.323994,20.731798,28.55723,30.136696,30.67264,27.1647083333333
"249","ENSRNOG00000054331","+","Wdpcp","chr14",106492369,106492454,NA,NA,0.00014243613006,0.0211193934662,"0.645,0.577,1.0","0.947,1.0,1.0","SE","14","Wdpcp",1.597284,1.388358,1.332222,1.783351,1.118197,1.204167,1.21819533333333,1.58966433333333
"250","ENSRNOG00000054557","+","Lsm14b","chr3",175410148,175410312,NA,NA,0.000190688263312,0.025388780201,"0.968,1.0,1.0","0.888,1.0,1.0","SE","3","Lsm14b",30.149054,21.095364,30.682844,26.757513,31.805487,28.395004,30.294445,26.0006436666667
"251","ENSRNOG00000054901","+","Rif1","chr3",37642159,37642306,NA,NA,1.65899833637e-06,0.0010614877536,"1.0,1.0,1.0","0.836,1.0,0.97","SE","3","Rif1",5.440969,2.869137,5.049525,6.247695,5.2069,5.757191,5.337872,4.85260033333333
"252","ENSRNOG00000054901","+","Rif1","chr3",37642581,37642659,NA,NA,9.14158484022e-07,0.000681596565687,"1.0,1.0,1.0","0.678,1.0,0.877","SE","3","Rif1",5.440969,2.869137,5.049525,6.247695,5.2069,5.757191,5.337872,4.85260033333333
"253","ENSRNOG00000057706","+","Kdm5c","chrX",22345625,22345763,NA,NA,0.000111572533631,0.0178625572861,"0.828,0.883,0.923","0.938,0.932,0.921","SE","X","Kdm5c",16.2067027632941,8.53888108658824,19.8703952098824,13.1961817524706,21.295213268549,19.6569788475294,20.2741957753203,12.6472552007843
"254","ENSRNOG00000058087","-","Lilrc2","chr1",63683904,63683940,NA,NA,5.60142269357e-06,0.00243624544352,"0.813,0.939,0.884","1.0,0.941,1.0","SE","1","Lilrc2",4.337365,5.911405,6.280644,5.134166,7.081412,9.763645,7.708567,5.12764533333333
"255","ENSRNOG00000059010","+","Rnf212","chr14",1981126,1981183,NA,NA,1.57234265733e-05,0.00493976654456,"1.0,1.0,1.0","0.846,1.0,1.0","SE","14","Rnf212",8.267269,7.458012,8.100142,5.739463,8.686735,7.896743,8.22787333333333,7.15491466666667
"256","ENSRNOG00000059057","-","Shld2","chr16",10612169,10612267,NA,NA,1.2301015026e-05,0.0041154780528,"0.758,0.894,0.688","1.0,0.808,0.808","SE","16","Shld2",6.90132634615385,6.07348869230769,6.92523714940828,8.83501947692308,7.96618959230769,9.27136296923077,8.05426323698225,7.26994483846154
"257","ENSRNOG00000059097","-","AABR07025140.1","chr16",29899842,29900095,NA,NA,1.27379168903e-05,0.00415510848962,"1.0,1.0,1.0","0.861,0.887,0.879","SE","16","AABR07025140.1",5.955117,2.727211,5.540823,6.377602,4.981638,5.542097,5.35485266666667,5.01997666666667
"258","ENSRNOG00000059402","-","Itgb1bp1","chr6",43360158,43360187,NA,NA,1.55945732216e-07,0.000156521531843,"1.0,0.85,1.0","0.708,0.665,0.498","SE","6","Itgb1bp1",23.043694,25.946781,23.470249,26.630796,22.196266,27.66213,24.4428816666667,25.2070903333333
"259","ENSRNOG00000059810","+","Txnrd3","chr4",121644862,121644939,NA,NA,2.88193172548e-06,0.00153483449608,"0.706,0.837,0.771","0.948,0.963,0.901","SE","4","Txnrd3",3.39675924866596,3.25153756350053,2.43650043970117,2.85221745819993,2.3439500675916,2.53083024190679,2.43709358306652,3.16683809012214
"260","ENSRNOG00000060241","-","LOC497796","chr4",164206153,164206321,NA,NA,3.73452952195e-05,0.00812135686707,"0.838,1.0,1.0","0.692,0.766,0.719","SE","4","LOC497796",10.160565,9.936931,10.741622,10.91007,7.621257,9.787564,9.383481,10.3358553333333
"261","ENSRNOG00000060241","-","LOC497796","chr4",164203834,164203924,NA,NA,2.49169349692e-05,0.00650232334956,"0.881,1.0,1.0","0.762,0.751,0.514","SE","4","LOC497796",10.160565,9.936931,10.741622,10.91007,7.621257,9.787564,9.383481,10.3358553333333
"262","ENSRNOG00000060350","+","Iqsec1","chr4",123425639,123426886,NA,NA,2.18337962532e-05,0.00606143347897,"1.0,1.0,1.0","0.805,1.0,1.0","SE","4","Iqsec1",16.16028,3.920851,13.999207,8.467818,13.707908,10.385362,12.6974923333333,9.51631633333333
"263","ENSRNOG00000060367","+","Rfx7","chr8",79268086,79268294,NA,NA,2.63694023754e-05,0.0067128591752,"1.0,1.0,1.0","0.924,1.0,0.743","SE","8","Rfx7",13.638633,9.417073,13.975318,15.971458,12.774384,15.753757,14.1678196666667,13.0090546666667
"264","ENSRNOG00000060693","-","Catsperg","chr1",88148876,88149014,NA,NA,0.000220731845585,0.0277339092827,"0.697,1.0,1.0","1.0,1.0,1.0","SE","1","Catsperg",2.821054,1.693197,2.690528,2.488064,2.918555,3.022187,2.87709,2.334105
"265","ENSRNOG00000061182","-","Gabre","chrX",152220817,152221017,NA,NA,1.04290844272e-06,0.000735560505979,"0.0,0.44,1.0","1.0,1.0,1.0","SE","X","Gabre",0.252370739188587,0.129699397458761,0.227155549487294,0.179795003566652,0.227764168078466,0.166426381408827,0.207115366324862,0.187288380071333
"266","ENSRNOG00000061587","+","Metap1d","chr3",58150677,58150841,NA,NA,8.10863575407e-06,0.003158253114,"0.949,1.0,1.0","0.726,0.837,0.43","SE","3","Metap1d",1.905417,1.600206,1.792544,1.76998,1.90097,1.982813,1.892109,1.75853433333333
